mac,name,humidity_median,humidity_min,humidity_max,temperature_median,temperature_min,temperature_max
4f:d1:00:00:00:65,Daddy Bear,66.875,66.5,67.0625,22.6875,21.5,23.125
4f:bb:00:00:02:0f,Mummy Bear,59.09375,57.0,61.3125,23.3125,22.0625,23.875
4f:bb:00:00:05:ed,Baby Bear,30.25,28.9375,33.875,22.9375,22.0,23.8125
73:06:00:00:05:ca,Humphreys Beacon,58.59375,58.3125,59.4375,22.9375,21.8125,23.375
