mac,name,humidity_median,humidity_min,humidity_max,temperature_median,temperature_min,temperature_max
4f:d1:00:00:00:65,Daddy Bear,66.8125,64.6875,67.25,22.0625,18.5625,23.125
4f:bb:00:00:02:0f,Mummy Bear,60.03125,56.3125,63.625,22.78125,19.75,23.875
4f:bb:00:00:05:ed,Baby Bear,31.125,28.9375,44.125,22.8125,17.6875,23.8125
73:06:00:00:05:ca,Humphreys Beacon,58.875,55.6875,62.4375,22.3125,18.9375,23.375
