mac,name,humidity_median,humidity_min,humidity_max,temperature_median,temperature_min,temperature_max
4f:d1:00:00:00:65,Daddy Bear,66.21875,49.75,75.75,21.3125,16.6875,24.9375
4f:bb:00:00:02:0f,Mummy Bear,63.9375,52.875,75.8125,22.125,16.6875,27.5625
4f:bb:00:00:05:ed,Baby Bear,40.46875,23.25,54.8125,21.375,15.8125,26.25
73:06:00:00:05:ca,Humphreys Beacon,59.1875,44.9375,69.8125,21.8125,17.3125,25.1875
