mac,name,humidity_median,humidity_min,humidity_max,temperature_median,temperature_min,temperature_max
4f:d1:00:00:00:65,Daddy Bear,64.0,49.75,80.8125,20.6875,12.0625,28.75
4f:bb:00:00:02:0f,Mummy Bear,61.875,52.875,76.1875,21.1875,11.9375,28.78125
4f:bb:00:00:05:ed,Baby Bear,53.0,23.25,95.9375,20.1875,10.6875,29.75
73:06:00:00:05:ca,Humphreys Beacon,62.0625,44.9375,99.9375,21.0,-30.03125,29.375
