mac,name,humidity_median,humidity_min,humidity_max,temperature_median,temperature_min,temperature_max
4f:d1:00:00:00:65,Daddy Bear,66.6875,64.6875,67.25,21.875,18.5625,23.125
4f:bb:00:00:02:0f,Mummy Bear,60.1875,56.3125,63.625,22.625,19.75,23.875
4f:bb:00:00:05:ed,Baby Bear,31.46875,28.9375,44.125,22.65625,17.6875,23.8125
73:06:00:00:05:ca,Humphreys Beacon,58.875,55.6875,62.4375,22.1875,18.9375,23.375
