mac,name,humidity_median,humidity_min,humidity_max,temperature_median,temperature_min,temperature_max
4f:d1:00:00:00:65,Daddy Bear,63.875,49.75,80.8125,20.1875,12.0625,28.75
4f:bb:00:00:02:0f,Mummy Bear,62.5625,44.0,76.1875,20.8125,-37.5,28.78125
4f:bb:00:00:05:ed,Baby Bear,54.03125,23.25,95.9375,19.5625,10.6875,29.75
73:06:00:00:05:ca,Humphreys Beacon,61.8125,44.9375,99.9375,20.5625,-30.03125,29.375
