mac,name,humidity_median,humidity_min,humidity_max,temperature_median,temperature_min,temperature_max
4f:d1:00:00:00:65,Daddy Bear,65.3125,49.75,80.8125,21.375,15.625,28.75
4f:bb:00:00:02:0f,Mummy Bear,63.125,52.875,76.1875,21.6875,15.625,28.78125
4f:bb:00:00:05:ed,Baby Bear,50.28125,23.25,68.125,21.1875,14.875,29.75
73:06:00:00:05:ca,Humphreys Beacon,63.9375,44.9375,99.9375,21.75,-30.03125,29.375
