mac,name,humidity_median,humidity_min,humidity_max,temperature_median,temperature_min,temperature_max
4f:d1:00:00:00:65,Daddy Bear,65.875,49.75,75.75,21.21875,16.875,24.875
4f:bb:00:00:02:0f,Mummy Bear,63.0,52.875,75.8125,22.125,17.625,27.5625
4f:bb:00:00:05:ed,Baby Bear,38.84375,23.25,54.8125,21.375,16.8125,26.25
73:06:00:00:05:ca,Humphreys Beacon,58.6875,44.9375,69.8125,21.625,17.6875,25.1875
