mac,name,humidity_median,humidity_min,humidity_max,temperature_median,temperature_min,temperature_max
4f:d1:00:00:00:65,Daddy Bear,66.8125,64.6875,67.0625,22.375,20.9375,23.125
4f:bb:00:00:02:0f,Mummy Bear,59.46875,56.3125,63.375,23.0,21.5,23.875
4f:bb:00:00:05:ed,Baby Bear,30.46875,28.9375,40.5,22.875,21.0,23.8125
73:06:00:00:05:ca,Humphreys Beacon,58.59375,57.8125,62.4375,22.625,21.375,23.375
