mac,name,humidity_median,humidity_min,humidity_max,temperature_median,temperature_min,temperature_max
4f:d1:00:00:00:65,Daddy Bear,63.9375,49.75,80.8125,20.1875,12.0625,28.75
4f:bb:00:00:02:0f,Mummy Bear,62.5,52.875,76.1875,20.75,11.9375,28.78125
4f:bb:00:00:05:ed,Baby Bear,54.1875,23.25,95.9375,19.625,10.6875,29.75
73:06:00:00:05:ca,Humphreys Beacon,61.875,44.9375,99.9375,20.625,-30.03125,29.375
