mac,name,humidity_median,humidity_min,humidity_max,temperature_median,temperature_min,temperature_max
4f:d1:00:00:00:65,Daddy Bear,64.625,49.75,80.8125,21.0,13.5625,28.75
4f:bb:00:00:02:0f,Mummy Bear,62.375,52.875,76.1875,21.5,13.3125,28.78125
4f:bb:00:00:05:ed,Baby Bear,52.75,23.25,70.5,20.5625,12.0,29.75
73:06:00:00:05:ca,Humphreys Beacon,62.9375,44.9375,99.9375,21.375,-30.03125,29.375
