mac,name,humidity_median,humidity_min,humidity_max,temperature_median,temperature_min,temperature_max
4f:d1:00:00:00:65,Daddy Bear,66.875,64.6875,67.0625,22.40625,20.9375,23.125
4f:bb:00:00:02:0f,Mummy Bear,59.03125,56.3125,61.5625,23.0625,21.5,23.875
4f:bb:00:00:05:ed,Baby Bear,30.375,28.9375,39.75,22.875,21.0,23.8125
73:06:00:00:05:ca,Humphreys Beacon,58.5625,57.8125,62.3125,22.6875,21.375,23.375
