timestamp,mac,temp,relhum,button,battery,uptime
2026-02-28 23:42:35.333398,4f:bb:00:00:02:0f,20.875,63.375,False,71.6470588235294,4854917.0
2026-03-01 00:03:35.404702,4f:bb:00:00:02:0f,20.875,63.375,False,71.8529411764706,4856179.0
2026-03-01 00:24:35.491694,4f:bb:00:00:02:0f,20.875,63.375,False,71.73529411764706,4857437.0
2026-03-01 00:45:35.584083,4f:bb:00:00:02:0f,20.875,63.375,False,71.73529411764706,4858699.0
2026-03-01 01:06:35.699579,4f:bb:00:00:02:0f,20.875,63.375,False,71.73529411764706,4859958.0
2026-03-01 01:27:35.710074,4f:bb:00:00:02:0f,20.875,63.375,False,71.76470588235294,4861216.5
2026-03-01 01:48:35.713482,4f:bb:00:00:02:0f,20.875,63.375,False,71.76470588235294,4862479.5
2026-03-01 02:09:35.822470,4f:bb:00:00:02:0f,20.875,63.375,False,71.70588235294117,4863739.5
2026-03-01 02:30:35.852563,4f:bb:00:00:02:0f,20.875,63.375,False,71.67647058823529,4864997.0
2026-03-01 02:51:35.908414,4f:bb:00:00:02:0f,20.875,63.375,False,71.66176470588235,4866259.5
2026-03-01 03:12:36.015992,4f:bb:00:00:02:0f,20.875,63.375,False,71.63235294117646,4867520.0
2026-03-01 03:33:36.103422,4f:bb:00:00:02:0f,20.875,63.375,False,71.63235294117646,4868779.0
2026-03-01 03:54:36.185201,4f:bb:00:00:02:0f,20.875,63.375,False,71.55882352941177,4870037.0
2026-03-01 04:15:36.178162,4f:bb:00:00:02:0f,20.875,63.375,False,71.55882352941177,4871300.0
2026-03-01 04:36:36.305365,4f:bb:00:00:02:0f,20.875,63.375,False,71.55882352941177,4872559.0
2026-03-01 04:57:36.417469,4f:bb:00:00:02:0f,20.875,63.375,False,71.5,4873822.5
2026-03-01 05:18:36.459370,4f:bb:00:00:02:0f,20.875,63.375,False,71.54411764705883,4875081.0
2026-03-01 05:39:36.563835,4f:bb:00:00:02:0f,20.875,63.375,False,71.5,4876339.5
2026-03-01 06:00:36.676294,4f:bb:00:00:02:0f,20.875,63.375,False,71.47058823529412,4877601.0
2026-03-01 06:21:36.789235,4f:bb:00:00:02:0f,20.875,63.375,False,71.47058823529412,4878860.0
2026-03-01 06:42:36.872885,4f:bb:00:00:02:0f,20.875,63.375,False,71.44117647058823,4880120.0
2026-03-01 07:03:36.959422,4f:bb:00:00:02:0f,20.875,63.375,False,71.41176470588235,4881371.0
2026-03-01 07:24:37.051143,4f:bb:00:00:02:0f,20.875,63.375,False,71.41176470588235,4882642.5
2026-03-01 07:45:37.081953,4f:bb:00:00:02:0f,20.875,63.375,False,71.36764705882354,4883904.0
2026-03-01 08:06:37.195322,4f:bb:00:00:02:0f,-25.1875,47.875,False,88.23529411764706,16711680.0
2026-03-01 08:27:37.295512,4f:bb:00:00:02:0f,-37.5,44.0,False,88.23529411764706,16711680.0
2026-04-15 18:11:51.732109,4f:bb:00:00:02:0f,23.75,59.4375,False,91.52941176470588,154.5
2026-04-15 18:32:51.823059,4f:bb:00:00:02:0f,22.5625,61.3125,False,94.26470588235294,1414.5
2026-04-15 18:53:51.894963,4f:bb:00:00:02:0f,22.3125,62.5,False,94.61764705882354,2675.0
2026-04-15 19:14:51.983671,4f:bb:00:00:02:0f,22.1875,63.3125,False,94.73529411764706,3934.5
2026-04-15 19:35:52.071029,4f:bb:00:00:02:0f,22.125,63.8125,False,94.79411764705884,5194.0
2026-04-15 19:56:52.179016,4f:bb:00:00:02:0f,22.0625,64.125,False,94.82352941176472,6456.0
2026-04-15 20:17:52.284704,4f:bb:00:00:02:0f,22.0,64.4375,False,94.82352941176472,7714.0
2026-04-15 20:38:52.334643,4f:bb:00:00:02:0f,21.9375,64.625,False,94.8529411764706,8976.0
2026-04-15 20:59:52.363473,4f:bb:00:00:02:0f,21.9375,64.8125,False,94.8529411764706,10236.0
2026-04-15 21:20:52.460269,4f:bb:00:00:02:0f,21.875,64.6875,False,94.8529411764706,11494.0
2026-04-15 21:41:52.435037,4f:bb:00:00:02:0f,21.8125,64.8125,False,94.80882352941175,12756.0
2026-04-15 22:02:52.555247,4f:bb:00:00:02:0f,21.75,64.875,False,94.79411764705884,14015.0
2026-04-15 22:23:52.638704,4f:bb:00:00:02:0f,21.6875,64.9375,False,94.76470588235294,15277.0
2026-04-15 22:44:52.721000,4f:bb:00:00:02:0f,21.6875,64.9375,False,94.76470588235294,16534.5
2026-04-15 23:05:52.775894,4f:bb:00:00:02:0f,21.625,65.0,False,94.73529411764706,17794.0
2026-04-15 23:26:52.861466,4f:bb:00:00:02:0f,21.625,65.125,False,94.73529411764706,19054.5
2026-04-15 23:47:52.972201,4f:bb:00:00:02:0f,21.625,65.125,False,94.73529411764706,20315.0
2026-04-16 00:08:53.017601,4f:bb:00:00:02:0f,21.5625,65.125,False,94.70588235294116,21574.5
2026-04-16 00:29:53.039683,4f:bb:00:00:02:0f,21.5625,65.1875,False,94.70588235294116,22837.5
2026-04-16 00:50:53.052185,4f:bb:00:00:02:0f,21.5625,65.1875,False,94.67647058823528,24096.0
2026-04-16 01:11:53.128535,4f:bb:00:00:02:0f,21.5625,65.1875,False,94.6470588235294,25356.0
2026-04-16 01:32:53.217167,4f:bb:00:00:02:0f,21.5,65.1875,False,94.61764705882354,26616.0
2026-04-16 01:53:53.329518,4f:bb:00:00:02:0f,21.4375,65.1875,False,94.61764705882354,27877.0
2026-04-16 02:14:53.369575,4f:bb:00:00:02:0f,21.4375,65.1875,False,94.58823529411764,29136.0
2026-04-16 02:35:53.491112,4f:bb:00:00:02:0f,21.4375,65.125,False,94.52941176470588,30395.0
2026-04-16 02:56:53.566358,4f:bb:00:00:02:0f,21.4375,65.125,False,94.52941176470588,31654.5
2026-04-16 03:17:53.647222,4f:bb:00:00:02:0f,21.4375,65.125,False,94.47058823529412,32916.0
2026-04-16 03:38:53.746415,4f:bb:00:00:02:0f,21.4375,65.0625,False,94.47058823529412,34177.0
2026-04-16 03:59:53.761180,4f:bb:00:00:02:0f,21.4375,65.0625,False,94.47058823529412,35438.0
2026-04-16 04:20:53.836060,4f:bb:00:00:02:0f,21.4375,65.0625,False,94.41176470588236,36695.0
2026-04-16 04:41:53.965696,4f:bb:00:00:02:0f,21.4375,65.0,False,94.38235294117646,37956.5
2026-04-16 05:02:54.047536,4f:bb:00:00:02:0f,21.4375,65.0,False,94.38235294117646,39218.0
2026-04-16 05:23:54.126328,4f:bb:00:00:02:0f,21.4375,65.0,False,94.32352941176472,40478.5
2026-04-16 05:44:54.184829,4f:bb:00:00:02:0f,21.5,65.0,False,94.32352941176472,41734.5
2026-04-16 06:05:54.231948,4f:bb:00:00:02:0f,21.5,65.0,False,94.30882352941175,42998.0
2026-04-16 06:26:54.272606,4f:bb:00:00:02:0f,21.5625,64.9375,False,94.29411764705884,44258.0
2026-04-16 06:47:54.307038,4f:bb:00:00:02:0f,21.5625,64.9375,False,94.26470588235294,45517.5
2026-04-16 07:08:54.358218,4f:bb:00:00:02:0f,21.5625,64.9375,False,94.20588235294116,46778.0
2026-04-16 07:29:54.453259,4f:bb:00:00:02:0f,21.5625,64.9375,False,94.20588235294116,48040.5
2026-04-16 07:50:54.495214,4f:bb:00:00:02:0f,21.625,64.875,False,94.1470588235294,49296.5
2026-04-16 08:11:54.598029,4f:bb:00:00:02:0f,21.625,64.875,False,94.1470588235294,50558.0
2026-04-16 08:32:54.619654,4f:bb:00:00:02:0f,21.6875,64.875,False,94.1470588235294,51819.5
2026-04-16 08:53:54.704386,4f:bb:00:00:02:0f,21.8125,64.875,False,94.11764705882354,53080.0
2026-04-16 09:14:54.839926,4f:bb:00:00:02:0f,21.8125,64.8125,False,94.05882352941175,54337.5
2026-04-16 09:35:54.896131,4f:bb:00:00:02:0f,21.875,64.8125,False,94.07352941176472,55601.0
2026-04-16 09:56:54.975019,4f:bb:00:00:02:0f,22.0625,65.125,False,94.05882352941175,56860.5
2026-04-16 10:17:55.075106,4f:bb:00:00:02:0f,22.25,65.0625,False,94.05882352941175,58117.0
2026-04-16 10:38:55.163773,4f:bb:00:00:02:0f,22.375,65.0625,False,94.02941176470588,59378.0
2026-04-16 10:59:55.168224,4f:bb:00:00:02:0f,22.4375,65.0,False,94.0,60643.0
2026-04-16 11:20:55.160759,4f:bb:00:00:02:0f,22.5,64.9375,False,93.98529411764706,61897.5
2026-04-16 11:41:55.300908,4f:bb:00:00:02:0f,22.5625,64.875,False,93.97058823529412,63157.0
2026-04-16 12:02:55.418115,4f:bb:00:00:02:0f,22.625,64.875,False,93.97058823529412,64418.0
2026-04-16 12:23:55.371646,4f:bb:00:00:02:0f,22.75,64.875,False,93.94117647058825,65680.0
2026-04-16 12:44:55.509967,4f:bb:00:00:02:0f,22.875,65.125,False,93.91176470588236,66939.0
2026-04-16 13:05:55.550853,4f:bb:00:00:02:0f,22.9375,65.0625,False,93.91176470588236,68200.0
2026-04-16 13:26:55.656474,4f:bb:00:00:02:0f,23.0625,65.0,False,93.91176470588236,69458.0
2026-04-16 13:47:55.766575,4f:bb:00:00:02:0f,23.0625,64.9375,False,93.91176470588236,70717.5
2026-04-16 14:08:55.862492,4f:bb:00:00:02:0f,23.0625,64.875,False,93.8529411764706,71980.0
2026-04-16 14:29:55.974178,4f:bb:00:00:02:0f,23.0,64.875,False,93.8529411764706,73237.5
2026-04-16 14:50:56.065534,4f:bb:00:00:02:0f,23.0,64.875,False,93.82352941176472,74501.0
2026-04-16 15:11:56.148589,4f:bb:00:00:02:0f,23.0,64.875,False,93.82352941176472,75758.0
2026-04-16 15:32:56.158115,4f:bb:00:00:02:0f,23.0625,64.875,False,93.82352941176472,77021.0
2026-04-16 15:53:56.273733,4f:bb:00:00:02:0f,23.0625,64.8125,False,93.76470588235294,78283.0
2026-04-16 16:14:56.398326,4f:bb:00:00:02:0f,23.0625,64.625,False,93.44117647058825,79539.0
2026-04-16 16:35:56.492870,4f:bb:00:00:02:0f,23.125,64.5625,False,93.41176470588236,80803.0
2026-04-16 16:56:56.578338,4f:bb:00:00:02:0f,23.125,64.5625,False,93.41176470588236,82061.0
2026-04-16 17:17:56.700260,4f:bb:00:00:02:0f,23.0625,64.5,False,93.41176470588236,83321.0
2026-04-16 17:38:56.808242,4f:bb:00:00:02:0f,23.0625,64.5,False,93.38235294117646,84581.5
2026-04-16 17:59:56.858557,4f:bb:00:00:02:0f,23.125,64.5,False,93.3529411764706,85841.0
2026-04-16 18:20:56.947255,4f:bb:00:00:02:0f,23.125,64.5,False,93.3529411764706,87101.0
2026-04-16 18:41:57.001870,4f:bb:00:00:02:0f,23.125,64.4375,False,93.32352941176472,88364.0
2026-04-16 19:02:57.097984,4f:bb:00:00:02:0f,23.125,64.4375,False,93.32352941176472,89618.5
2026-04-16 19:23:57.201920,4f:bb:00:00:02:0f,23.0625,64.4375,False,93.32352941176472,90883.0
2026-04-16 19:44:57.229036,4f:bb:00:00:02:0f,23.0625,64.4375,False,93.26470588235294,92144.0
2026-04-16 20:05:57.309662,4f:bb:00:00:02:0f,23.0625,64.4375,False,93.26470588235294,93400.0
2026-04-16 20:26:57.355170,4f:bb:00:00:02:0f,23.0625,64.375,False,93.26470588235294,94663.0
2026-04-16 20:47:57.416861,4f:bb:00:00:02:0f,23.0625,64.375,False,93.23529411764706,95922.0
2026-04-16 21:08:57.506967,4f:bb:00:00:02:0f,23.0625,64.3125,False,93.23529411764706,97183.0
2026-04-16 21:29:57.597265,4f:bb:00:00:02:0f,23.0625,64.3125,False,93.20588235294116,98442.0
2026-04-16 21:50:57.795318,4f:bb:00:00:02:0f,23.0625,64.3125,False,93.20588235294116,99700.5
2026-04-16 22:11:57.830152,4f:bb:00:00:02:0f,23.0,64.3125,False,93.1470588235294,100964.0
2026-04-16 22:32:57.919817,4f:bb:00:00:02:0f,23.0,64.3125,False,93.1470588235294,102222.0
2026-04-16 22:53:57.953712,4f:bb:00:00:02:0f,23.0,64.3125,False,93.11764705882354,103482.0
2026-04-16 23:14:58.023290,4f:bb:00:00:02:0f,23.0,64.25,False,93.11764705882354,104741.0
2026-04-16 23:35:58.060500,4f:bb:00:00:02:0f,22.9375,64.25,False,93.1029411764706,106002.0
2026-04-16 23:56:58.098650,4f:bb:00:00:02:0f,22.875,64.1875,False,93.05882352941175,107260.0
2026-04-17 00:17:58.214243,4f:bb:00:00:02:0f,22.8125,64.125,False,93.05882352941175,108523.0
2026-04-17 00:38:58.213085,4f:bb:00:00:02:0f,22.6875,63.8125,False,93.05882352941175,109783.0
2026-04-17 00:59:58.246863,4f:bb:00:00:02:0f,22.625,63.75,False,93.05882352941175,111041.0
2026-04-17 01:20:58.278230,4f:bb:00:00:02:0f,22.5,63.625,False,93.0,112302.0
2026-04-17 01:41:58.350165,4f:bb:00:00:02:0f,22.375,63.5625,False,93.0,113562.0
2026-04-17 02:02:58.390707,4f:bb:00:00:02:0f,22.25,63.5,False,93.0,114823.5
2026-04-17 02:23:58.471089,4f:bb:00:00:02:0f,22.125,63.4375,False,92.97058823529412,116081.0
2026-04-17 02:44:58.582761,4f:bb:00:00:02:0f,22.0625,63.375,False,92.97058823529412,117343.5
2026-04-17 03:05:58.773639,4f:bb:00:00:02:0f,21.9375,63.3125,False,92.94117647058825,118603.5
2026-04-17 03:26:58.679652,4f:bb:00:00:02:0f,21.78125,63.0,False,92.94117647058825,119863.5
2026-04-17 03:47:58.760908,4f:bb:00:00:02:0f,21.6875,62.9375,False,92.88235294117646,121123.5
2026-04-17 04:08:58.831808,4f:bb:00:00:02:0f,21.625,62.9375,False,92.8529411764706,122383.0
2026-04-17 04:29:58.901880,4f:bb:00:00:02:0f,21.625,62.9375,False,92.82352941176472,123641.0
2026-04-17 04:50:58.997686,4f:bb:00:00:02:0f,21.5625,62.9375,False,92.8529411764706,124904.0
2026-04-17 05:11:59.095008,4f:bb:00:00:02:0f,21.5625,62.9375,False,92.79411764705884,126163.0
2026-04-17 05:32:59.171168,4f:bb:00:00:02:0f,21.625,62.9375,False,92.82352941176472,127426.0
2026-04-17 05:53:59.232879,4f:bb:00:00:02:0f,21.625,62.875,False,92.76470588235294,128683.0
2026-04-17 06:14:59.252158,4f:bb:00:00:02:0f,21.625,62.875,False,92.79411764705884,129943.0
2026-04-17 06:35:59.263181,4f:bb:00:00:02:0f,21.625,62.875,False,92.76470588235294,131206.5
2026-04-17 06:56:59.363027,4f:bb:00:00:02:0f,21.625,62.875,False,92.70588235294116,132463.0
2026-04-17 07:17:59.470429,4f:bb:00:00:02:0f,21.625,62.875,False,92.70588235294116,133724.0
2026-04-17 07:38:59.584329,4f:bb:00:00:02:0f,21.625,62.875,False,92.70588235294116,134986.0
2026-04-17 07:59:59.583482,4f:bb:00:00:02:0f,21.6875,62.8125,False,92.70588235294116,136246.0
2026-04-17 08:20:59.686791,4f:bb:00:00:02:0f,21.6875,62.8125,False,92.70588235294116,137506.5
2026-04-17 08:41:59.805423,4f:bb:00:00:02:0f,21.6875,62.8125,False,92.67647058823528,138763.5
2026-04-17 09:02:59.901568,4f:bb:00:00:02:0f,21.75,62.875,False,92.6470588235294,140028.0
2026-04-17 09:23:59.996470,4f:bb:00:00:02:0f,21.875,62.875,False,92.6470588235294,141283.0
2026-04-17 09:45:00.115807,4f:bb:00:00:02:0f,21.875,62.8125,False,92.6470588235294,142546.5
2026-04-17 10:06:00.184509,4f:bb:00:00:02:0f,21.9375,63.125,False,92.61764705882354,143804.0
2026-04-17 10:27:00.302637,4f:bb:00:00:02:0f,22.0625,63.125,False,92.61764705882354,145066.0
2026-04-17 10:48:00.388064,4f:bb:00:00:02:0f,22.1875,63.125,False,92.58823529411764,146325.0
2026-04-17 11:09:00.394946,4f:bb:00:00:02:0f,22.1875,63.0625,False,92.58823529411764,147587.0
2026-04-17 11:30:00.411752,4f:bb:00:00:02:0f,22.125,63.0,False,92.58823529411764,148843.5
2026-04-17 11:51:00.520039,4f:bb:00:00:02:0f,22.0625,62.9375,False,92.55882352941175,150107.0
2026-04-17 12:12:00.553831,4f:bb:00:00:02:0f,21.9375,62.9375,False,92.52941176470588,151364.0
2026-04-17 12:33:00.670923,4f:bb:00:00:02:0f,21.8125,62.6875,False,92.5,152626.5
2026-04-17 12:54:00.777023,4f:bb:00:00:02:0f,21.8125,62.6875,False,92.5,153887.0
2026-04-17 13:15:00.820916,4f:bb:00:00:02:0f,21.875,62.6875,False,92.5,155143.0
2026-04-17 13:36:00.853146,4f:bb:00:00:02:0f,22.0,62.9375,False,92.47058823529412,156407.0
2026-04-17 13:57:01.007306,4f:bb:00:00:02:0f,22.0625,62.875,False,92.47058823529412,157665.0
2026-04-17 14:18:01.050767,4f:bb:00:00:02:0f,22.125,62.875,False,92.44117647058825,158928.0
2026-04-17 14:39:01.074556,4f:bb:00:00:02:0f,22.125,62.875,False,92.41176470588236,160183.0
2026-04-17 15:00:01.217565,4f:bb:00:00:02:0f,22.1875,62.875,False,92.44117647058825,161446.0
2026-04-17 15:21:01.313669,4f:bb:00:00:02:0f,22.25,62.8125,False,92.41176470588236,162707.5
2026-04-17 15:42:01.394057,4f:bb:00:00:02:0f,22.1875,62.8125,False,92.41176470588236,163966.5
2026-04-17 16:03:01.422318,4f:bb:00:00:02:0f,22.25,62.8125,False,92.38235294117646,165226.0
2026-04-17 16:24:01.469659,4f:bb:00:00:02:0f,22.25,62.8125,False,92.41176470588236,166487.0
2026-04-17 16:45:01.564694,4f:bb:00:00:02:0f,22.3125,62.75,False,92.38235294117646,167748.0
2026-04-17 17:06:01.605345,4f:bb:00:00:02:0f,22.25,62.75,False,92.38235294117646,169007.0
2026-04-17 17:27:01.698679,4f:bb:00:00:02:0f,22.25,62.75,False,92.3529411764706,170267.0
2026-04-17 17:48:01.766942,4f:bb:00:00:02:0f,22.25,62.75,False,92.3529411764706,171529.0
2026-04-17 18:09:01.779391,4f:bb:00:00:02:0f,22.25,62.75,False,92.32352941176472,172789.5
2026-04-17 18:30:01.896231,4f:bb:00:00:02:0f,22.25,62.75,False,92.32352941176472,174046.5
2026-04-17 18:51:01.959975,4f:bb:00:00:02:0f,22.25,62.6875,False,92.32352941176472,175308.0
2026-04-17 19:12:02.045965,4f:bb:00:00:02:0f,22.25,62.6875,False,92.29411764705884,176565.0
2026-04-17 19:33:02.081784,4f:bb:00:00:02:0f,22.25,62.6875,False,92.29411764705884,177829.0
2026-04-17 19:54:02.175772,4f:bb:00:00:02:0f,22.25,62.6875,False,92.26470588235294,179086.5
2026-04-17 20:15:02.302298,4f:bb:00:00:02:0f,22.25,62.625,False,92.26470588235294,180350.0
2026-04-17 20:36:02.406126,4f:bb:00:00:02:0f,22.25,62.625,False,92.26470588235294,181606.0
2026-04-17 20:57:02.472203,4f:bb:00:00:02:0f,22.25,62.625,False,92.23529411764706,182869.0
2026-04-17 21:18:02.554165,4f:bb:00:00:02:0f,22.25,62.625,False,92.23529411764706,184126.5
2026-04-17 21:39:02.656061,4f:bb:00:00:02:0f,22.25,62.625,False,92.23529411764706,185388.0
2026-04-17 22:00:02.662138,4f:bb:00:00:02:0f,22.25,62.625,False,92.17647058823528,186651.0
2026-04-17 22:21:02.692386,4f:bb:00:00:02:0f,22.25,62.625,False,92.17647058823528,187909.0
2026-04-17 22:42:02.772217,4f:bb:00:00:02:0f,22.25,62.5625,False,92.17647058823528,189169.0
2026-04-17 23:03:02.845664,4f:bb:00:00:02:0f,22.1875,62.5625,False,92.1470588235294,190429.0
2026-04-17 23:24:02.938039,4f:bb:00:00:02:0f,22.125,62.5,False,92.11764705882354,191690.0
2026-04-17 23:45:03.030431,4f:bb:00:00:02:0f,22.125,62.5,False,92.11764705882354,192949.0
2026-04-18 00:06:03.128500,4f:bb:00:00:02:0f,22.0625,62.5,False,92.11764705882354,194210.0
2026-04-18 00:27:03.250469,4f:bb:00:00:02:0f,22.0625,62.5,False,92.05882352941175,195467.0
2026-04-18 00:48:03.326346,4f:bb:00:00:02:0f,22.0625,62.4375,False,92.08823529411764,196730.0
2026-04-18 01:09:03.390578,4f:bb:00:00:02:0f,22.0,62.4375,False,92.08823529411764,197987.0
2026-04-18 01:30:03.428304,4f:bb:00:00:02:0f,22.0,62.4375,False,92.05882352941175,199248.0
2026-04-18 01:51:03.458256,4f:bb:00:00:02:0f,22.0,62.4375,False,92.05882352941175,200509.5
2026-04-18 02:12:03.543281,4f:bb:00:00:02:0f,22.0,62.4375,False,92.08823529411764,201768.0
2026-04-18 02:33:03.671816,4f:bb:00:00:02:0f,22.0,62.375,False,92.04411764705884,203028.0
2026-04-18 02:54:03.723350,4f:bb:00:00:02:0f,21.9375,62.375,False,92.05882352941175,204289.5
2026-04-18 03:15:03.826617,4f:bb:00:00:02:0f,21.875,62.125,False,92.05882352941175,205552.0
2026-04-18 03:36:03.876001,4f:bb:00:00:02:0f,21.9375,62.375,False,92.02941176470588,206807.5
2026-04-18 03:57:03.961166,4f:bb:00:00:02:0f,21.9375,62.3125,False,92.02941176470588,208070.0
2026-04-18 04:18:03.997176,4f:bb:00:00:02:0f,21.9375,62.3125,False,92.02941176470588,209329.5
2026-04-18 04:39:04.111861,4f:bb:00:00:02:0f,21.875,62.0,False,92.0,210593.0
2026-04-18 05:00:04.190358,4f:bb:00:00:02:0f,21.875,62.0,False,92.02941176470588,211848.0
2026-04-18 05:21:04.206004,4f:bb:00:00:02:0f,21.875,62.0,False,92.0,213111.5
2026-04-18 05:42:04.312706,4f:bb:00:00:02:0f,21.8125,61.9375,False,92.0,214371.0
2026-04-18 06:03:04.404659,4f:bb:00:00:02:0f,21.8125,61.9375,False,91.97058823529412,215630.0
2026-04-18 06:24:04.511886,4f:bb:00:00:02:0f,21.75,61.9375,False,92.0,216890.0
2026-04-18 06:45:04.581183,4f:bb:00:00:02:0f,21.75,61.875,False,91.97058823529412,218152.5
2026-04-18 07:06:04.698208,4f:bb:00:00:02:0f,21.6875,61.875,False,91.94117647058825,219410.0
2026-04-18 07:27:04.754980,4f:bb:00:00:02:0f,21.75,61.875,False,91.97058823529412,220669.0
2026-04-18 07:48:04.886632,4f:bb:00:00:02:0f,21.75,61.875,False,91.97058823529412,221932.5
2026-04-18 08:09:04.991683,4f:bb:00:00:02:0f,21.75,61.8125,False,91.94117647058825,223191.0
2026-04-18 08:30:05.021838,4f:bb:00:00:02:0f,21.8125,61.875,False,91.94117647058825,224450.0
2026-04-18 08:51:05.126856,4f:bb:00:00:02:0f,21.875,61.875,False,91.94117647058825,225712.0
2026-04-18 09:12:05.246427,4f:bb:00:00:02:0f,22.0,62.125,False,91.91176470588236,226972.0
2026-04-18 09:33:05.322750,4f:bb:00:00:02:0f,22.125,62.125,False,91.91176470588236,228229.0
2026-04-18 09:54:05.377613,4f:bb:00:00:02:0f,22.25,62.0625,False,91.91176470588236,229492.5
2026-04-18 10:15:05.387493,4f:bb:00:00:02:0f,22.375,62.0,False,91.88235294117646,230755.0
2026-04-18 10:36:05.444975,4f:bb:00:00:02:0f,22.0,61.75,False,91.8529411764706,232009.0
2026-04-18 10:57:05.585254,4f:bb:00:00:02:0f,21.4375,61.1875,False,91.79411764705884,233272.0
2026-04-18 11:18:05.599974,4f:bb:00:00:02:0f,20.8125,60.8125,False,91.76470588235294,234533.0
2026-04-18 11:39:05.693025,4f:bb:00:00:02:0f,20.5625,60.9375,False,91.70588235294116,235792.0
2026-04-18 12:00:05.720364,4f:bb:00:00:02:0f,20.6875,61.0625,False,91.70588235294116,237052.0
2026-04-18 12:21:05.837304,4f:bb:00:00:02:0f,20.9375,61.1875,False,91.70588235294116,238313.5
2026-04-18 12:42:05.876450,4f:bb:00:00:02:0f,21.1875,61.4375,False,91.67647058823528,239571.0
2026-04-18 13:03:05.958142,4f:bb:00:00:02:0f,21.4375,61.4375,False,91.6470588235294,240833.5
2026-04-18 13:24:06.041620,4f:bb:00:00:02:0f,21.6875,61.375,False,91.6470588235294,242094.0
2026-04-18 13:45:06.129901,4f:bb:00:00:02:0f,21.875,61.375,False,91.6470588235294,243349.5
2026-04-18 14:06:06.204857,4f:bb:00:00:02:0f,22.0625,61.625,False,91.6470588235294,244612.0
2026-04-18 14:27:06.312133,4f:bb:00:00:02:0f,22.1875,61.625,False,91.6470588235294,245876.0
2026-04-18 14:48:06.428343,4f:bb:00:00:02:0f,22.3125,61.625,False,91.6470588235294,247134.5
2026-04-18 15:09:06.444453,4f:bb:00:00:02:0f,22.375,61.625,False,91.61764705882354,248392.5
2026-04-18 15:30:06.574946,4f:bb:00:00:02:0f,22.5,61.625,False,91.61764705882354,249656.0
2026-04-18 15:51:06.612513,4f:bb:00:00:02:0f,22.625,61.625,False,91.6470588235294,250917.0
2026-04-18 16:12:06.710645,4f:bb:00:00:02:0f,22.6875,61.625,False,91.6470588235294,252173.5
2026-04-18 16:33:06.826818,4f:bb:00:00:02:0f,22.6875,61.625,False,91.61764705882354,253434.0
2026-04-18 16:54:06.889148,4f:bb:00:00:02:0f,22.75,61.875,False,91.6470588235294,254693.0
2026-04-18 17:15:07.002761,4f:bb:00:00:02:0f,22.8125,61.875,False,91.6470588235294,255956.0
2026-04-18 17:36:07.042789,4f:bb:00:00:02:0f,22.875,61.875,False,91.61764705882354,257212.5
2026-04-18 17:57:07.139877,4f:bb:00:00:02:0f,22.9375,61.9375,False,91.61764705882354,258475.5
2026-04-18 18:18:07.238806,4f:bb:00:00:02:0f,23.0,61.875,False,91.58823529411764,259732.0
2026-04-18 18:39:07.317893,4f:bb:00:00:02:0f,23.0,61.875,False,91.58823529411764,260996.0
2026-04-18 19:00:07.428318,4f:bb:00:00:02:0f,23.0,61.875,False,91.55882352941175,262254.0
2026-04-18 19:21:07.430475,4f:bb:00:00:02:0f,23.0,61.875,False,91.52941176470588,263513.0
2026-04-18 19:42:07.566589,4f:bb:00:00:02:0f,22.9375,61.8125,False,91.55882352941175,264775.5
2026-04-18 20:03:07.652373,4f:bb:00:00:02:0f,22.875,61.8125,False,91.55882352941175,266033.0
2026-04-18 20:24:07.705739,4f:bb:00:00:02:0f,22.8125,61.8125,False,91.55882352941175,267295.0
2026-04-18 20:45:07.820397,4f:bb:00:00:02:0f,22.75,61.5625,False,91.58823529411764,268557.0
2026-04-18 21:06:07.888329,4f:bb:00:00:02:0f,22.625,61.5,False,91.55882352941175,269814.0
2026-04-18 21:27:08.006326,4f:bb:00:00:02:0f,22.625,61.5,False,91.55882352941175,271073.0
2026-04-18 21:48:08.078984,4f:bb:00:00:02:0f,22.5625,61.4375,False,91.52941176470588,272337.0
2026-04-18 22:09:08.168968,4f:bb:00:00:02:0f,22.5,61.4375,False,91.52941176470588,273595.0
2026-04-18 22:30:08.166929,4f:bb:00:00:02:0f,22.4375,61.4375,False,91.5,274855.0
2026-04-18 22:51:08.294717,4f:bb:00:00:02:0f,22.375,61.375,False,91.5,276116.0
2026-04-18 23:12:08.415318,4f:bb:00:00:02:0f,22.3125,61.3125,False,91.51470588235294,277377.0
2026-04-18 23:33:08.534682,4f:bb:00:00:02:0f,22.25,61.3125,False,91.52941176470588,278634.0
2026-04-18 23:54:08.600721,4f:bb:00:00:02:0f,22.125,61.25,False,91.5,279897.0
2026-04-19 00:15:08.601268,4f:bb:00:00:02:0f,22.125,61.8125,False,91.47058823529412,281157.0
2026-04-19 00:36:08.717339,4f:bb:00:00:02:0f,22.125,62.8125,False,91.44117647058825,282416.0
2026-04-19 00:57:08.811118,4f:bb:00:00:02:0f,22.125,64.375,False,91.44117647058825,283675.0
2026-04-19 01:18:08.898183,4f:bb:00:00:02:0f,22.0625,65.9375,False,91.44117647058825,284935.0
2026-04-19 01:39:08.934823,4f:bb:00:00:02:0f,21.875,67.0,False,91.41176470588236,286197.0
2026-04-19 02:00:09.036517,4f:bb:00:00:02:0f,21.6875,68.1875,False,91.38235294117646,287459.0
2026-04-19 02:21:09.128621,4f:bb:00:00:02:0f,21.5,69.1875,False,91.3529411764706,288719.0
2026-04-19 02:42:09.221945,4f:bb:00:00:02:0f,21.3125,70.0,False,91.32352941176472,289976.5
2026-04-19 03:03:09.351650,4f:bb:00:00:02:0f,21.125,70.625,False,91.32352941176472,291237.0
2026-04-19 03:24:09.391063,4f:bb:00:00:02:0f,21.0,70.9375,False,91.29411764705884,292498.5
2026-04-19 03:45:09.468595,4f:bb:00:00:02:0f,20.8125,71.3125,False,91.26470588235294,293758.0
2026-04-19 04:06:09.563923,4f:bb:00:00:02:0f,20.6875,71.6875,False,91.26470588235294,295017.0
2026-04-19 04:27:09.665358,4f:bb:00:00:02:0f,20.5,71.9375,False,91.23529411764706,296278.0
2026-04-19 04:48:09.692278,4f:bb:00:00:02:0f,20.375,72.1875,False,91.17647058823528,297535.0
2026-04-19 05:09:09.802909,4f:bb:00:00:02:0f,20.1875,72.375,False,91.17647058823528,298797.0
2026-04-19 05:30:09.853309,4f:bb:00:00:02:0f,20.0625,72.1875,False,91.1470588235294,300058.0
2026-04-19 05:51:09.922882,4f:bb:00:00:02:0f,19.9375,72.3125,False,91.11764705882354,301319.0
2026-04-19 06:12:10.048468,4f:bb:00:00:02:0f,19.8125,72.375,False,91.08823529411764,302576.0
2026-04-19 06:33:10.038719,4f:bb:00:00:02:0f,19.625,72.4375,False,91.05882352941175,303839.0
2026-04-19 06:54:10.086620,4f:bb:00:00:02:0f,19.5,72.5,False,91.05882352941175,305098.0
2026-04-19 07:15:10.114929,4f:bb:00:00:02:0f,19.375,72.5,False,91.0,306360.0
2026-04-19 08:06:02.989125,4f:bb:00:00:02:0f,19.125,72.3125,False,91.0,309409.0
2026-04-19 08:07:32.891062,4f:bb:00:00:02:0f,19.125,72.3125,False,90.97058823529412,309493.5
2026-04-19 08:28:09.498290,4f:bb:00:00:02:0f,19.0625,72.375,False,90.97058823529412,310735.5
2026-04-19 08:49:09.441436,4f:bb:00:00:02:0f,19.1875,72.4375,False,90.97058823529412,311997.0
2026-04-19 09:10:09.515181,4f:bb:00:00:02:0f,19.3125,72.5,False,90.94117647058825,313256.0
2026-04-19 09:31:09.648454,4f:bb:00:00:02:0f,19.5,72.875,False,90.97058823529412,314517.0
2026-04-19 09:52:09.631268,4f:bb:00:00:02:0f,19.75,72.9375,False,90.94117647058825,315777.0
2026-04-19 10:13:09.753459,4f:bb:00:00:02:0f,20.0,73.0625,False,90.94117647058825,317035.0
2026-04-19 10:34:09.832378,4f:bb:00:00:02:0f,20.1875,73.0625,False,90.91176470588236,318299.0
2026-04-19 10:55:09.852071,4f:bb:00:00:02:0f,20.4375,73.4375,False,90.94117647058825,319556.0
2026-04-19 11:16:09.958281,4f:bb:00:00:02:0f,20.5625,73.4375,False,90.91176470588236,320816.0
2026-04-19 11:37:10.007818,4f:bb:00:00:02:0f,20.8125,73.4375,False,90.91176470588236,322078.0
2026-04-19 11:58:10.041085,4f:bb:00:00:02:0f,20.9375,73.4375,False,90.91176470588236,323339.0
2026-04-19 12:19:10.058747,4f:bb:00:00:02:0f,21.0625,73.6875,False,90.91176470588236,324598.0
2026-04-19 12:40:10.175230,4f:bb:00:00:02:0f,21.1875,73.6875,False,90.88235294117646,325856.0
2026-04-19 13:01:11.905308,4f:bb:00:00:02:0f,21.25,73.6875,False,90.91176470588236,327121.0
2026-04-19 13:22:11.973445,4f:bb:00:00:02:0f,21.3125,73.625,False,90.91176470588236,328381.0
2026-04-19 13:43:12.048883,4f:bb:00:00:02:0f,21.3125,73.625,False,90.91176470588236,329639.0
2026-04-19 14:04:12.143580,4f:bb:00:00:02:0f,21.375,73.5625,False,90.88235294117646,330900.0
2026-04-19 14:25:12.225739,4f:bb:00:00:02:0f,21.3125,73.5625,False,90.88235294117646,332161.5
2026-04-19 14:46:12.323455,4f:bb:00:00:02:0f,21.3125,73.5,False,90.88235294117646,333420.0
2026-04-19 15:07:13.585275,4f:bb:00:00:02:0f,21.3125,73.5,False,90.88235294117646,334680.0
2026-04-19 15:28:12.517908,4f:bb:00:00:02:0f,21.375,73.5,False,90.8529411764706,335941.0
2026-04-19 15:49:12.580345,4f:bb:00:00:02:0f,21.375,73.5,False,90.8529411764706,337198.5
2026-04-19 16:10:12.654049,4f:bb:00:00:02:0f,21.4375,73.4375,False,90.8529411764706,338460.0
2026-04-19 16:31:12.722237,4f:bb:00:00:02:0f,21.375,73.3125,False,90.82352941176472,339721.0
2026-04-19 16:52:12.764680,4f:bb:00:00:02:0f,21.375,73.3125,False,90.79411764705884,340982.0
2026-04-19 17:13:12.866453,4f:bb:00:00:02:0f,21.3125,73.25,False,90.79411764705884,342241.0
2026-04-19 17:34:12.961635,4f:bb:00:00:02:0f,21.3125,73.1875,False,90.82352941176472,343503.0
2026-04-19 17:55:12.959863,4f:bb:00:00:02:0f,21.3125,73.125,False,90.82352941176472,344763.0
2026-04-19 18:16:13.053184,4f:bb:00:00:02:0f,21.25,73.0625,False,90.79411764705884,346019.0
2026-04-19 18:37:13.165803,4f:bb:00:00:02:0f,21.1875,73.0,False,90.79411764705884,347282.0
2026-04-19 18:58:13.245606,4f:bb:00:00:02:0f,21.125,72.9375,False,90.79411764705884,348542.0
2026-04-19 19:19:13.367147,4f:bb:00:00:02:0f,21.0625,72.625,False,90.79411764705884,349801.0
2026-04-19 19:40:13.375412,4f:bb:00:00:02:0f,20.9375,72.625,False,90.76470588235294,351061.0
2026-04-19 20:01:13.464515,4f:bb:00:00:02:0f,20.875,72.5625,False,90.79411764705884,352324.5
2026-04-19 20:22:13.577076,4f:bb:00:00:02:0f,20.75,72.5,False,90.73529411764706,353581.0
2026-04-19 20:43:13.631879,4f:bb:00:00:02:0f,20.625,72.4375,False,90.73529411764706,354841.5
2026-04-19 21:04:13.647191,4f:bb:00:00:02:0f,20.5625,72.4375,False,90.73529411764706,356106.0
2026-04-19 21:25:13.707476,4f:bb:00:00:02:0f,20.4375,72.3125,False,90.70588235294116,357365.0
2026-04-19 21:46:13.796979,4f:bb:00:00:02:0f,20.375,72.3125,False,90.67647058823528,358621.0
2026-04-19 22:07:13.791322,4f:bb:00:00:02:0f,20.3125,72.25,False,90.69117647058825,359883.0
2026-04-19 22:28:13.874426,4f:bb:00:00:02:0f,20.25,72.1875,False,90.67647058823528,361145.0
2026-04-19 22:49:13.970573,4f:bb:00:00:02:0f,20.25,72.1875,False,90.67647058823528,362403.5
2026-04-19 23:10:14.056241,4f:bb:00:00:02:0f,20.1875,72.125,False,90.6470588235294,363664.0
2026-04-19 23:31:14.209771,4f:bb:00:00:02:0f,20.1875,71.8125,False,90.6470588235294,364923.0
2026-04-19 23:52:14.298591,4f:bb:00:00:02:0f,20.125,71.75,False,90.61764705882354,366181.0
2026-04-20 00:13:14.389923,4f:bb:00:00:02:0f,20.125,71.75,False,90.61764705882354,367442.0
2026-04-20 00:34:14.469286,4f:bb:00:00:02:0f,20.0625,71.6875,False,90.55882352941175,368704.5
2026-04-20 00:55:14.552211,4f:bb:00:00:02:0f,20.0,71.625,False,90.58823529411764,369964.0
2026-04-20 01:16:14.675854,4f:bb:00:00:02:0f,19.875,71.625,False,90.58823529411764,371224.0
2026-04-20 01:37:14.766398,4f:bb:00:00:02:0f,19.8125,71.5625,False,90.52941176470588,372481.0
2026-04-20 01:58:14.845392,4f:bb:00:00:02:0f,19.75,71.5,False,90.55882352941175,373743.0
2026-04-20 02:19:14.947169,4f:bb:00:00:02:0f,19.625,71.4375,False,90.52941176470588,375001.0
2026-04-20 02:40:15.064695,4f:bb:00:00:02:0f,19.5625,71.375,False,90.52941176470588,376261.5
2026-04-20 03:01:15.150387,4f:bb:00:00:02:0f,19.4375,71.3125,False,90.52941176470588,377525.0
2026-04-20 03:22:15.274366,4f:bb:00:00:02:0f,19.3125,70.9375,False,90.5,378784.5
2026-04-20 03:43:15.363017,4f:bb:00:00:02:0f,19.125,70.875,False,90.5,380045.5
2026-04-20 04:04:15.447853,4f:bb:00:00:02:0f,19.0,70.8125,False,90.45588235294116,381306.0
2026-04-20 04:25:15.505449,4f:bb:00:00:02:0f,18.875,70.75,False,90.42647058823528,382564.5
2026-04-20 04:46:15.608078,4f:bb:00:00:02:0f,18.75,70.6875,False,90.44117647058825,383824.5
2026-04-20 05:07:15.685236,4f:bb:00:00:02:0f,18.625,70.625,False,90.41176470588236,385084.0
2026-04-20 05:28:15.745155,4f:bb:00:00:02:0f,18.5,70.3125,False,90.38235294117646,386344.0
2026-04-20 05:49:15.742708,4f:bb:00:00:02:0f,18.3125,70.25,False,90.38235294117646,387607.0
2026-04-20 06:10:15.857119,4f:bb:00:00:02:0f,18.1875,70.125,False,90.3529411764706,388864.0
2026-04-20 06:31:15.876141,4f:bb:00:00:02:0f,18.0625,70.0625,False,90.3529411764706,390125.0
2026-04-20 06:52:15.963219,4f:bb:00:00:02:0f,17.875,70.0,False,90.32352941176472,391383.0
2026-04-20 07:13:16.211673,4f:bb:00:00:02:0f,17.75,69.9375,False,90.29411764705884,392646.0
2026-04-20 07:34:16.055429,4f:bb:00:00:02:0f,17.625,69.625,False,90.27941176470588,393906.0
2026-04-20 07:55:16.134620,4f:bb:00:00:02:0f,17.5,69.5625,False,90.26470588235294,395164.0
2026-04-20 08:16:16.249904,4f:bb:00:00:02:0f,17.4375,69.5625,False,90.23529411764706,396425.0
2026-04-20 08:37:16.234041,4f:bb:00:00:02:0f,17.4375,69.5625,False,90.20588235294116,397690.0
2026-04-20 08:58:16.338776,4f:bb:00:00:02:0f,17.5625,69.625,False,90.17647058823528,398948.0
2026-04-20 09:19:16.389136,4f:bb:00:00:02:0f,17.875,70.1875,False,90.17647058823528,400206.0
2026-04-20 09:40:16.492450,4f:bb:00:00:02:0f,18.1875,70.5,False,90.17647058823528,401466.0
2026-04-20 10:01:16.615968,4f:bb:00:00:02:0f,18.375,71.0625,False,90.20588235294116,402724.0
2026-04-20 10:22:16.689840,4f:bb:00:00:02:0f,18.5625,71.9375,False,90.20588235294116,403984.5
2026-04-20 10:43:16.756048,4f:bb:00:00:02:0f,18.6875,72.625,False,90.17647058823528,405246.5
2026-04-20 11:04:16.797813,4f:bb:00:00:02:0f,18.75,73.25,False,90.17647058823528,406507.5
2026-04-20 11:25:16.876768,4f:bb:00:00:02:0f,18.8125,73.875,False,90.17647058823528,407763.0
2026-04-20 11:46:16.921728,4f:bb:00:00:02:0f,18.875,74.375,False,90.17647058823528,409024.0
2026-04-20 12:07:17.023520,4f:bb:00:00:02:0f,18.875,74.8125,False,90.17647058823528,410288.0
2026-04-20 12:28:17.109864,4f:bb:00:00:02:0f,18.8125,75.125,False,90.1470588235294,411545.0
2026-04-20 12:49:17.215874,4f:bb:00:00:02:0f,18.75,75.375,False,90.1470588235294,412807.0
2026-04-20 13:10:17.295233,4f:bb:00:00:02:0f,18.75,75.625,False,90.1470588235294,414067.0
2026-04-20 13:31:17.380118,4f:bb:00:00:02:0f,18.75,75.8125,False,90.11764705882354,415327.5
2026-04-20 13:52:17.396572,4f:bb:00:00:02:0f,18.6875,75.9375,False,90.1470588235294,416587.0
2026-04-20 14:13:17.475239,4f:bb:00:00:02:0f,18.625,76.0625,False,90.11764705882354,417847.5
2026-04-20 14:34:17.569612,4f:bb:00:00:02:0f,18.625,76.1875,False,90.11764705882354,419107.5
2026-04-20 14:55:17.670501,4f:bb:00:00:02:0f,18.5625,76.25,False,90.08823529411764,420369.0
2026-04-20 15:16:17.691142,4f:bb:00:00:02:0f,18.5,76.0,False,90.08823529411764,421627.5
2026-04-20 15:37:17.721956,4f:bb:00:00:02:0f,18.4375,76.0625,False,90.05882352941177,422890.0
2026-04-20 15:58:17.750545,4f:bb:00:00:02:0f,18.375,76.0625,False,90.05882352941177,424147.0
2026-04-20 16:19:17.839227,4f:bb:00:00:02:0f,18.3125,76.0625,False,90.02941176470588,425408.0
2026-04-20 16:40:17.883729,4f:bb:00:00:02:0f,18.25,76.125,False,90.02941176470588,426667.0
2026-04-20 17:01:17.876985,4f:bb:00:00:02:0f,18.25,76.125,False,90.05882352941177,427927.0
2026-04-20 17:22:18.002343,4f:bb:00:00:02:0f,18.25,76.125,False,90.02941176470588,429191.0
2026-04-20 17:43:18.077272,4f:bb:00:00:02:0f,18.1875,76.125,False,90.0,430450.0
2026-04-20 18:04:18.206285,4f:bb:00:00:02:0f,18.25,76.125,False,90.0,431710.0
2026-04-20 18:25:18.284853,4f:bb:00:00:02:0f,18.3125,76.1875,False,90.0,432969.0
2026-04-20 18:46:18.330542,4f:bb:00:00:02:0f,18.3125,76.1875,False,89.97058823529412,434228.0
2026-04-20 19:07:18.430249,4f:bb:00:00:02:0f,18.3125,76.125,False,89.97058823529412,435490.5
2026-04-20 19:28:18.464531,4f:bb:00:00:02:0f,18.25,76.03125,False,89.97058823529412,436749.0
2026-04-20 19:49:18.573531,4f:bb:00:00:02:0f,18.1875,75.9375,False,89.97058823529412,438010.0
2026-04-20 20:10:18.687642,4f:bb:00:00:02:0f,18.125,75.9375,False,89.97058823529412,439268.0
2026-04-20 20:31:18.725665,4f:bb:00:00:02:0f,18.0625,75.875,False,89.94117647058823,440529.0
2026-04-20 20:52:18.788886,4f:bb:00:00:02:0f,17.9375,75.8125,False,89.94117647058823,441790.5
2026-04-20 21:13:18.888310,4f:bb:00:00:02:0f,17.8125,75.75,False,89.94117647058823,443049.0
2026-04-20 21:34:18.954655,4f:bb:00:00:02:0f,17.75,75.6875,False,89.91176470588235,444310.0
2026-04-20 21:55:19.075059,4f:bb:00:00:02:0f,17.625,75.3125,False,89.88235294117646,445567.0
2026-04-20 22:16:19.185451,4f:bb:00:00:02:0f,17.5625,75.25,False,89.88235294117646,446830.0
2026-04-20 22:37:19.257968,4f:bb:00:00:02:0f,17.4375,75.1875,False,89.88235294117646,448090.0
2026-04-20 22:58:19.347024,4f:bb:00:00:02:0f,17.3125,75.125,False,89.8529411764706,449350.0
2026-04-20 23:19:19.480248,4f:bb:00:00:02:0f,17.25,75.0,False,89.82352941176471,450608.0
2026-04-20 23:40:19.526992,4f:bb:00:00:02:0f,17.125,74.9375,False,89.8529411764706,451870.0
2026-04-21 00:01:19.590755,4f:bb:00:00:02:0f,17.0,74.875,False,89.80882352941177,453129.0
2026-04-21 00:22:19.662615,4f:bb:00:00:02:0f,16.9375,74.8125,False,89.82352941176471,454389.0
2026-04-21 00:43:19.711689,4f:bb:00:00:02:0f,16.8125,74.75,False,89.79411764705883,455653.0
2026-04-21 01:04:19.830031,4f:bb:00:00:02:0f,16.6875,74.375,False,89.76470588235294,456908.0
2026-04-21 01:25:19.909977,4f:bb:00:00:02:0f,16.625,74.3125,False,89.76470588235294,458170.0
2026-04-21 01:46:19.926717,4f:bb:00:00:02:0f,16.4375,74.25,False,89.73529411764706,459430.5
2026-04-21 02:07:19.952623,4f:bb:00:00:02:0f,16.375,74.1875,False,89.76470588235294,460690.0
2026-04-21 02:28:20.047042,4f:bb:00:00:02:0f,16.25,74.125,False,89.70588235294117,461950.0
2026-04-21 02:49:20.154692,4f:bb:00:00:02:0f,16.1875,74.0625,False,89.6470588235294,463211.0
2026-04-21 03:10:20.234807,4f:bb:00:00:02:0f,16.0625,73.9375,False,89.63235294117646,464469.0
2026-04-21 03:31:20.291111,4f:bb:00:00:02:0f,16.0,73.875,False,89.61764705882354,465731.0
2026-04-21 03:52:20.394974,4f:bb:00:00:02:0f,15.875,73.5625,False,89.58823529411765,466993.0
2026-04-21 04:13:20.461548,4f:bb:00:00:02:0f,15.8125,73.5,False,89.58823529411765,468251.0
2026-04-21 04:34:20.539553,4f:bb:00:00:02:0f,15.6875,73.4375,False,89.61764705882354,469511.0
2026-04-21 04:55:20.669262,4f:bb:00:00:02:0f,15.625,73.375,False,89.58823529411765,470771.0
2026-04-21 05:16:20.754307,4f:bb:00:00:02:0f,15.5,73.3125,False,89.58823529411765,472030.5
2026-04-21 05:37:20.782997,4f:bb:00:00:02:0f,15.4375,73.25,False,89.55882352941177,473292.0
2026-04-21 05:58:20.856137,4f:bb:00:00:02:0f,15.375,73.1875,False,89.55882352941177,474554.0
2026-04-21 06:19:20.961443,4f:bb:00:00:02:0f,15.25,73.125,False,89.52941176470588,475812.0
2026-04-21 06:40:20.968201,4f:bb:00:00:02:0f,15.1875,73.0625,False,89.54411764705883,477072.0
2026-04-21 07:01:21.066977,4f:bb:00:00:02:0f,15.125,73.0,False,89.52941176470588,478333.0
2026-04-21 07:22:21.151836,4f:bb:00:00:02:0f,15.0625,72.9375,False,89.5,479593.5
2026-04-21 07:43:21.141312,4f:bb:00:00:02:0f,15.0,72.625,False,89.47058823529412,480851.5
2026-04-21 08:04:21.245245,4f:bb:00:00:02:0f,15.0,72.5625,False,89.44117647058823,482111.0
2026-04-21 08:25:21.279630,4f:bb:00:00:02:0f,15.0,72.5625,False,89.41176470588235,483372.0
2026-04-21 08:46:21.369593,4f:bb:00:00:02:0f,15.125,72.875,False,89.41176470588235,484631.0
2026-04-21 09:07:21.440124,4f:bb:00:00:02:0f,15.3125,72.875,False,89.41176470588235,485893.5
2026-04-21 09:28:21.523445,4f:bb:00:00:02:0f,15.5,72.875,False,89.41176470588235,487152.0
2026-04-21 09:49:21.618125,4f:bb:00:00:02:0f,15.6875,72.9375,False,89.41176470588235,488411.0
2026-04-21 10:10:21.644596,4f:bb:00:00:02:0f,15.875,72.9375,False,89.41176470588235,489673.0
2026-04-21 10:31:21.733997,4f:bb:00:00:02:0f,16.125,73.1875,False,89.3970588235294,490932.0
2026-04-21 10:52:21.820059,4f:bb:00:00:02:0f,16.3125,73.25,False,89.41176470588235,492193.0
2026-04-21 11:13:21.900969,4f:bb:00:00:02:0f,16.5625,73.25,False,89.41176470588235,493453.0
2026-04-21 11:34:22.005491,4f:bb:00:00:02:0f,16.75,73.25,False,89.44117647058823,494711.0
2026-04-21 11:55:22.000689,4f:bb:00:00:02:0f,17.0,73.5,False,89.44117647058823,495974.0
2026-04-21 12:16:22.037232,4f:bb:00:00:02:0f,17.125,73.4375,False,89.44117647058823,497230.5
2026-04-21 12:37:22.166200,4f:bb:00:00:02:0f,17.25,73.375,False,89.44117647058823,498493.0
2026-04-21 12:58:22.273572,4f:bb:00:00:02:0f,17.25,73.3125,False,89.44117647058823,499754.0
2026-04-21 13:19:22.356982,4f:bb:00:00:02:0f,17.25,73.25,False,89.44117647058823,501015.0
2026-04-21 13:40:22.452684,4f:bb:00:00:02:0f,17.25,73.25,False,89.44117647058823,502273.5
2026-04-21 14:01:22.463437,4f:bb:00:00:02:0f,17.3125,73.1875,False,89.44117647058823,503534.0
2026-04-21 14:22:22.557676,4f:bb:00:00:02:0f,17.3125,73.1875,False,89.44117647058823,504792.0
2026-04-21 14:43:22.662891,4f:bb:00:00:02:0f,17.3125,73.125,False,89.44117647058823,506054.0
2026-04-21 15:04:22.763199,4f:bb:00:00:02:0f,17.3125,73.0625,False,89.41176470588235,507314.0
2026-04-21 15:25:22.840859,4f:bb:00:00:02:0f,17.3125,73.0625,False,89.41176470588235,508573.5
2026-04-21 15:46:22.881610,4f:bb:00:00:02:0f,17.3125,73.0,False,89.41176470588235,509836.0
2026-04-21 16:07:22.981417,4f:bb:00:00:02:0f,17.375,73.0,False,89.41176470588235,511095.0
2026-04-21 16:28:23.069848,4f:bb:00:00:02:0f,17.375,72.9375,False,89.41176470588235,512355.0
2026-04-21 16:49:23.148360,4f:bb:00:00:02:0f,17.375,72.9375,False,89.38235294117646,513613.5
2026-04-21 17:10:23.251334,4f:bb:00:00:02:0f,17.375,72.875,False,89.38235294117646,514876.5
2026-04-21 17:31:23.359136,4f:bb:00:00:02:0f,17.4375,72.8125,False,89.41176470588235,516135.0
2026-04-21 17:52:23.451311,4f:bb:00:00:02:0f,17.4375,72.75,False,89.38235294117646,517394.0
2026-04-21 18:13:23.447585,4f:bb:00:00:02:0f,17.4375,72.6875,False,89.38235294117646,518657.0
2026-04-21 18:34:23.547380,4f:bb:00:00:02:0f,17.375,72.625,False,89.38235294117646,519915.0
2026-04-21 18:55:23.579847,4f:bb:00:00:02:0f,17.375,72.5625,False,89.3529411764706,521173.0
2026-04-21 19:16:23.616179,4f:bb:00:00:02:0f,17.3125,72.5,False,89.3529411764706,522437.0
2026-04-21 19:37:23.696774,4f:bb:00:00:02:0f,17.1875,72.4375,False,89.3529411764706,523697.0
2026-04-21 19:58:23.741233,4f:bb:00:00:02:0f,17.0625,72.375,False,89.3529411764706,524956.0
2026-04-21 20:19:23.835488,4f:bb:00:00:02:0f,17.0,72.3125,False,89.32352941176471,526213.5
2026-04-21 20:40:23.880617,4f:bb:00:00:02:0f,16.875,72.25,False,89.32352941176471,527474.0
2026-04-21 21:01:23.951510,4f:bb:00:00:02:0f,16.75,71.9375,False,89.32352941176471,528736.0
2026-04-21 21:22:24.067613,4f:bb:00:00:02:0f,16.6875,71.875,False,89.29411764705883,529998.0
2026-04-21 21:43:24.098177,4f:bb:00:00:02:0f,16.5625,71.8125,False,89.32352941176471,531256.0
2026-04-21 22:04:24.207084,4f:bb:00:00:02:0f,16.4375,71.8125,False,89.29411764705883,532517.0
2026-04-21 22:25:24.318772,4f:bb:00:00:02:0f,16.4375,71.75,False,89.29411764705883,533773.5
2026-04-21 22:46:24.421750,4f:bb:00:00:02:0f,16.3125,71.6875,False,89.26470588235294,535036.0
2026-04-21 23:07:24.462065,4f:bb:00:00:02:0f,16.25,71.625,False,89.23529411764706,536297.0
2026-04-21 23:28:24.576110,4f:bb:00:00:02:0f,16.1875,71.625,False,89.23529411764706,537555.0
2026-04-21 23:49:24.657405,4f:bb:00:00:02:0f,16.125,71.5625,False,89.23529411764706,538816.0
2026-04-22 00:10:24.733788,4f:bb:00:00:02:0f,16.0625,71.5,False,89.23529411764706,540076.0
2026-04-22 00:31:24.777236,4f:bb:00:00:02:0f,16.0,71.4375,False,89.20588235294117,541336.0
2026-04-22 00:52:24.795813,4f:bb:00:00:02:0f,15.9375,71.4375,False,89.17647058823529,542596.5
2026-04-22 01:13:24.911616,4f:bb:00:00:02:0f,15.875,71.0625,False,89.17647058823529,543856.0
2026-04-22 01:34:24.971141,4f:bb:00:00:02:0f,15.8125,71.0625,False,89.17647058823529,545119.5
2026-04-22 01:55:25.054328,4f:bb:00:00:02:0f,15.75,71.0,False,89.17647058823529,546376.5
2026-04-22 02:16:25.177099,4f:bb:00:00:02:0f,15.6875,70.9375,False,89.1470588235294,547639.0
2026-04-22 02:37:25.246973,4f:bb:00:00:02:0f,15.625,70.875,False,89.11764705882354,548895.0
2026-04-22 02:58:25.336363,4f:bb:00:00:02:0f,15.5625,70.875,False,89.11764705882354,550157.0
2026-04-22 03:19:25.444394,4f:bb:00:00:02:0f,15.5,70.8125,False,89.11764705882354,551417.0
2026-04-22 03:40:25.495237,4f:bb:00:00:02:0f,15.375,70.75,False,89.11764705882354,552680.0
2026-04-22 04:01:25.605308,4f:bb:00:00:02:0f,15.3125,70.6875,False,89.08823529411765,553938.0
2026-04-22 04:22:25.675025,4f:bb:00:00:02:0f,15.1875,70.625,False,89.08823529411765,555199.5
2026-04-22 04:43:25.724339,4f:bb:00:00:02:0f,15.125,70.625,False,89.05882352941177,556456.0
2026-04-22 05:04:25.804025,4f:bb:00:00:02:0f,15.0625,70.3125,False,89.05882352941177,557719.5
2026-04-22 05:25:25.870509,4f:bb:00:00:02:0f,14.9375,70.25,False,89.02941176470588,558979.0
2026-04-22 05:46:25.935083,4f:bb:00:00:02:0f,14.875,70.1875,False,89.0,560236.0
2026-04-22 06:07:25.975910,4f:bb:00:00:02:0f,14.8125,70.125,False,89.0,561499.0
2026-04-22 06:28:25.988515,4f:bb:00:00:02:0f,14.6875,70.125,False,89.0,562759.0
2026-04-22 06:49:26.053871,4f:bb:00:00:02:0f,14.625,70.0625,False,89.0,564017.0
2026-04-22 07:10:26.163013,4f:bb:00:00:02:0f,14.5625,70.0,False,88.97058823529412,565279.0
2026-04-22 07:31:26.267081,4f:bb:00:00:02:0f,14.5,70.0,False,88.94117647058823,566539.0
2026-04-22 07:52:26.366590,4f:bb:00:00:02:0f,14.4375,69.9375,False,88.94117647058823,567798.5
2026-04-22 08:13:26.457271,4f:bb:00:00:02:0f,14.375,69.9375,False,88.91176470588235,569059.0
2026-04-22 08:34:26.562211,4f:bb:00:00:02:0f,14.5,69.9375,False,88.94117647058823,570319.0
2026-04-22 08:55:26.645270,4f:bb:00:00:02:0f,14.625,70.0,False,88.91176470588235,571579.0
2026-04-22 09:16:26.749464,4f:bb:00:00:02:0f,14.875,70.0,False,88.91176470588235,572840.0
2026-04-22 09:37:26.860609,4f:bb:00:00:02:0f,15.125,70.3125,False,88.91176470588235,574096.5
2026-04-22 09:58:26.935531,4f:bb:00:00:02:0f,15.375,70.375,False,88.91176470588235,575360.0
2026-04-22 10:19:27.016956,4f:bb:00:00:02:0f,15.625,70.375,False,88.91176470588235,576620.0
2026-04-22 10:40:27.159614,4f:bb:00:00:02:0f,15.8125,70.375,False,88.91176470588235,577879.0
2026-04-22 11:01:27.210929,4f:bb:00:00:02:0f,16.125,70.6875,False,88.91176470588235,579140.0
2026-04-22 11:22:27.269709,4f:bb:00:00:02:0f,16.375,70.6875,False,88.94117647058823,580401.0
2026-04-22 11:43:27.308041,4f:bb:00:00:02:0f,16.625,70.6875,False,88.94117647058823,581659.0
2026-04-22 12:04:27.425522,4f:bb:00:00:02:0f,16.8125,70.9375,False,88.97058823529412,582921.0
2026-04-22 12:25:27.523652,4f:bb:00:00:02:0f,17.0625,70.9375,False,88.97058823529412,584180.0
2026-04-22 12:46:27.609898,4f:bb:00:00:02:0f,17.1875,70.875,False,88.97058823529412,585439.0
2026-04-22 13:07:27.608303,4f:bb:00:00:02:0f,17.375,70.875,False,89.0,586702.5
2026-04-22 13:28:27.596357,4f:bb:00:00:02:0f,17.4375,70.8125,False,88.97058823529412,587962.0
2026-04-22 13:49:27.644800,4f:bb:00:00:02:0f,17.5625,70.75,False,89.0,589219.0
2026-04-22 14:10:27.715238,4f:bb:00:00:02:0f,17.625,70.75,False,89.0,590483.0
2026-04-22 14:31:27.767609,4f:bb:00:00:02:0f,17.6875,71.0,False,89.0,591740.0
2026-04-22 14:52:27.788557,4f:bb:00:00:02:0f,17.75,71.0,False,89.0,593002.0
2026-04-22 15:13:27.794172,4f:bb:00:00:02:0f,17.8125,71.0,False,89.0,594262.5
2026-04-22 15:34:27.908684,4f:bb:00:00:02:0f,17.875,71.0,False,89.02941176470588,595522.0
2026-04-22 15:55:28.012544,4f:bb:00:00:02:0f,17.9375,71.0,False,89.02941176470588,596782.0
2026-04-22 16:16:28.117011,4f:bb:00:00:02:0f,18.0625,71.0,False,89.0,598039.0
2026-04-22 16:37:28.168954,4f:bb:00:00:02:0f,18.125,70.9375,False,89.05882352941177,599303.0
2026-04-22 16:58:28.260003,4f:bb:00:00:02:0f,18.15625,70.9375,False,89.02941176470588,600559.5
2026-04-22 17:19:28.279395,4f:bb:00:00:02:0f,18.25,70.9375,False,89.02941176470588,601822.5
2026-04-22 17:40:28.387069,4f:bb:00:00:02:0f,18.3125,70.9375,False,89.05882352941177,603072.0
2026-04-22 18:01:28.442810,4f:bb:00:00:02:0f,18.375,70.875,False,89.02941176470588,604341.5
2026-04-22 18:22:28.558887,4f:bb:00:00:02:0f,18.4375,70.875,False,89.02941176470588,605602.5
2026-04-22 18:43:28.658089,4f:bb:00:00:02:0f,18.4375,70.875,False,89.05882352941177,606863.0
2026-04-22 19:04:28.771067,4f:bb:00:00:02:0f,18.4375,70.8125,False,89.05882352941177,608121.0
2026-04-22 19:25:28.860530,4f:bb:00:00:02:0f,18.4375,70.75,False,89.05882352941177,609382.0
2026-04-22 19:46:28.950013,4f:bb:00:00:02:0f,18.375,70.6875,False,89.05882352941177,610640.0
2026-04-22 20:07:29.054206,4f:bb:00:00:02:0f,18.3125,70.6875,False,89.05882352941177,611905.0
2026-04-22 20:28:29.157431,4f:bb:00:00:02:0f,18.25,70.625,False,89.02941176470588,613162.5
2026-04-22 20:49:29.245028,4f:bb:00:00:02:0f,18.125,70.5625,False,89.05882352941177,614422.0
2026-04-22 21:10:29.385351,4f:bb:00:00:02:0f,18.0,70.5,False,89.05882352941177,615684.0
2026-04-22 21:31:29.495401,4f:bb:00:00:02:0f,17.9375,70.5,False,89.05882352941177,616942.5
2026-04-22 21:52:29.571224,4f:bb:00:00:02:0f,17.8125,70.4375,False,89.02941176470588,618203.0
2026-04-22 22:13:29.704873,4f:bb:00:00:02:0f,17.6875,70.375,False,89.02941176470588,619465.0
2026-04-22 22:34:29.812463,4f:bb:00:00:02:0f,17.5625,70.0625,False,89.0,620724.0
2026-04-22 22:55:29.846344,4f:bb:00:00:02:0f,17.4375,70.0,False,89.0,621982.0
2026-04-22 23:16:29.928866,4f:bb:00:00:02:0f,17.3125,69.9375,False,89.0,623242.0
2026-04-22 23:37:29.995278,4f:bb:00:00:02:0f,17.1875,69.9375,False,88.97058823529412,624506.0
2026-04-22 23:58:30.088389,4f:bb:00:00:02:0f,17.0625,69.875,False,88.97058823529412,625767.5
2026-04-23 00:19:30.184164,4f:bb:00:00:02:0f,16.9375,69.8125,False,88.97058823529412,627023.0
2026-04-23 00:40:30.284577,4f:bb:00:00:02:0f,16.875,69.75,False,88.97058823529412,628286.0
2026-04-23 01:01:30.357426,4f:bb:00:00:02:0f,16.6875,69.4375,False,88.97058823529412,629544.0
2026-04-23 01:22:30.453760,4f:bb:00:00:02:0f,16.625,69.375,False,88.91176470588235,630804.0
2026-04-23 01:43:30.533668,4f:bb:00:00:02:0f,16.4375,69.3125,False,88.91176470588235,632065.0
2026-04-23 02:04:30.533837,4f:bb:00:00:02:0f,16.3125,69.3125,False,88.91176470588235,633325.5
2026-04-23 02:25:30.641847,4f:bb:00:00:02:0f,16.1875,69.25,False,88.88235294117646,634584.0
2026-04-23 02:46:30.652994,4f:bb:00:00:02:0f,16.0625,69.1875,False,88.88235294117646,635842.0
2026-04-23 03:07:30.758001,4f:bb:00:00:02:0f,15.9375,69.125,False,88.8529411764706,637105.5
2026-04-23 03:28:30.815909,4f:bb:00:00:02:0f,15.8125,68.8125,False,88.8529411764706,638364.0
2026-04-23 03:49:30.926350,4f:bb:00:00:02:0f,15.6875,68.75,False,88.8529411764706,639622.5
2026-04-23 04:10:30.948706,4f:bb:00:00:02:0f,15.5625,68.6875,False,88.79411764705883,640886.0
2026-04-23 04:31:30.992275,4f:bb:00:00:02:0f,15.4375,68.625,False,88.79411764705883,642148.0
2026-04-23 04:52:31.090276,4f:bb:00:00:02:0f,15.3125,68.625,False,88.76470588235294,643405.0
2026-04-23 05:13:31.197772,4f:bb:00:00:02:0f,15.1875,68.5625,False,88.76470588235294,644666.0
2026-04-23 05:34:31.291816,4f:bb:00:00:02:0f,15.0625,68.5,False,88.76470588235294,645925.5
2026-04-23 05:55:31.369995,4f:bb:00:00:02:0f,15.0,68.1875,False,88.73529411764706,647183.0
2026-04-23 06:16:31.440932,4f:bb:00:00:02:0f,14.875,68.1875,False,88.73529411764706,648443.0
2026-04-23 06:37:31.448762,4f:bb:00:00:02:0f,14.75,68.125,False,88.70588235294117,649706.0
2026-04-23 06:58:31.476273,4f:bb:00:00:02:0f,14.625,68.0625,False,88.67647058823529,650966.0
2026-04-23 07:19:31.584850,4f:bb:00:00:02:0f,14.5625,68.0625,False,88.6470588235294,652225.0
2026-04-23 07:40:31.682657,4f:bb:00:00:02:0f,14.4375,68.0,False,88.6470588235294,653486.0
2026-04-23 08:01:31.777561,4f:bb:00:00:02:0f,14.375,68.0,False,88.58823529411765,654745.5
2026-04-23 08:22:31.883137,4f:bb:00:00:02:0f,14.375,68.0,False,88.61764705882354,656005.0
2026-04-23 08:43:31.988989,4f:bb:00:00:02:0f,14.4375,68.0,False,88.55882352941177,657266.0
2026-04-23 09:04:32.093844,4f:bb:00:00:02:0f,14.5625,68.0625,False,88.55882352941177,658528.5
2026-04-23 09:25:32.093978,4f:bb:00:00:02:0f,14.8125,68.0625,False,88.58823529411765,659785.5
2026-04-23 09:46:32.199322,4f:bb:00:00:02:0f,15.0625,68.125,False,88.55882352941177,661046.0
2026-04-23 10:07:32.296851,4f:bb:00:00:02:0f,15.3125,68.375,False,88.55882352941177,662305.5
2026-04-23 10:28:32.391229,4f:bb:00:00:02:0f,15.5625,68.4375,False,88.58823529411765,663568.0
2026-04-23 10:49:32.480799,4f:bb:00:00:02:0f,15.8125,68.4375,False,88.55882352941177,664827.0
2026-04-23 11:10:32.544971,4f:bb:00:00:02:0f,16.125,68.75,False,88.58823529411765,666086.0
2026-04-23 11:31:32.693678,4f:bb:00:00:02:0f,16.375,68.75,False,88.58823529411765,667346.0
2026-04-23 11:52:32.772150,4f:bb:00:00:02:0f,16.6875,68.75,False,88.58823529411765,668608.5
2026-04-23 12:13:32.813616,4f:bb:00:00:02:0f,16.9375,69.0,False,88.61764705882354,669868.5
2026-04-23 12:34:32.867858,4f:bb:00:00:02:0f,17.1875,69.0,False,88.61764705882354,671128.0
2026-04-23 12:55:32.977248,4f:bb:00:00:02:0f,17.375,69.0,False,88.61764705882354,672389.0
2026-04-23 13:16:33.054046,4f:bb:00:00:02:0f,17.5625,69.0,False,88.6470588235294,673648.0
2026-04-23 13:37:33.168472,4f:bb:00:00:02:0f,17.6875,69.25,False,88.6470588235294,674909.0
2026-04-23 13:58:33.258123,4f:bb:00:00:02:0f,17.875,69.25,False,88.6470588235294,676168.0
2026-04-23 14:19:33.275911,4f:bb:00:00:02:0f,18.0,69.25,False,88.67647058823529,677428.0
2026-04-23 14:40:33.367101,4f:bb:00:00:02:0f,18.125,69.25,False,88.67647058823529,678689.0
2026-04-23 15:01:33.475960,4f:bb:00:00:02:0f,18.25,69.25,False,88.67647058823529,679947.0
2026-04-23 15:22:33.579368,4f:bb:00:00:02:0f,18.375,69.25,False,88.70588235294117,681208.5
2026-04-23 15:43:33.584683,4f:bb:00:00:02:0f,18.5,69.5625,False,88.70588235294117,682468.5
2026-04-23 16:04:33.630226,4f:bb:00:00:02:0f,18.6875,69.5625,False,88.70588235294117,683728.0
2026-04-23 16:25:33.718851,4f:bb:00:00:02:0f,18.875,69.5625,False,88.70588235294117,684990.0
2026-04-23 16:46:33.815517,4f:bb:00:00:02:0f,19.0,69.5625,False,88.73529411764706,686249.0
2026-04-23 17:07:33.819059,4f:bb:00:00:02:0f,19.125,69.625,False,88.76470588235294,687508.0
2026-04-23 17:28:33.805239,4f:bb:00:00:02:0f,19.25,69.625,False,88.76470588235294,688768.5
2026-04-23 17:49:33.927561,4f:bb:00:00:02:0f,19.375,69.875,False,88.79411764705883,690028.5
2026-04-23 18:10:33.966196,4f:bb:00:00:02:0f,19.5,69.875,False,88.79411764705883,691288.0
2026-04-23 18:31:34.047326,4f:bb:00:00:02:0f,19.625,69.875,False,88.82352941176471,692552.0
2026-04-23 18:52:34.154885,4f:bb:00:00:02:0f,19.6875,69.875,False,88.82352941176471,693808.0
2026-04-23 19:13:34.247855,4f:bb:00:00:02:0f,19.75,69.8125,False,88.79411764705883,695068.5
2026-04-23 19:34:34.349595,4f:bb:00:00:02:0f,19.75,69.8125,False,88.82352941176471,696329.0
2026-04-23 19:55:34.406683,4f:bb:00:00:02:0f,19.75,69.75,False,88.8529411764706,697591.5
2026-04-23 20:16:34.438335,4f:bb:00:00:02:0f,19.6875,69.75,False,88.82352941176471,698849.0
2026-04-23 20:37:34.541014,4f:bb:00:00:02:0f,19.625,69.6875,False,88.82352941176471,700110.0
2026-04-23 20:58:34.622022,4f:bb:00:00:02:0f,19.5,69.625,False,88.82352941176471,701371.5
2026-04-23 21:19:34.688832,4f:bb:00:00:02:0f,19.4375,69.625,False,88.82352941176471,702630.0
2026-04-23 21:40:34.791745,4f:bb:00:00:02:0f,19.3125,69.3125,False,88.82352941176471,703891.5
2026-04-23 22:01:34.875008,4f:bb:00:00:02:0f,19.1875,69.25,False,88.82352941176471,705153.0
2026-04-23 22:22:34.967591,4f:bb:00:00:02:0f,19.125,69.25,False,88.82352941176471,706408.0
2026-04-23 22:43:35.072294,4f:bb:00:00:02:0f,19.0,69.1875,False,88.82352941176471,707670.0
2026-04-23 23:04:35.157107,4f:bb:00:00:02:0f,18.875,69.125,False,88.82352941176471,708931.5
2026-04-23 23:25:35.259385,4f:bb:00:00:02:0f,18.75,69.0625,False,88.79411764705883,710188.0
2026-04-23 23:46:35.312366,4f:bb:00:00:02:0f,18.625,69.0625,False,88.80882352941177,711450.0
2026-04-24 00:07:35.345711,4f:bb:00:00:02:0f,18.5,68.75,False,88.76470588235294,712710.0
2026-04-24 00:28:35.426389,4f:bb:00:00:02:0f,18.375,68.6875,False,88.76470588235294,713970.0
2026-04-24 00:49:35.505681,4f:bb:00:00:02:0f,18.1875,68.625,False,88.76470588235294,715232.0
2026-04-24 01:10:35.569765,4f:bb:00:00:02:0f,18.0625,68.5625,False,88.76470588235294,716488.5
2026-04-24 01:31:35.645776,4f:bb:00:00:02:0f,17.9375,68.5,False,88.73529411764706,717749.0
2026-04-24 01:52:35.737839,4f:bb:00:00:02:0f,17.75,68.5,False,88.76470588235294,719011.5
2026-04-24 02:13:35.824652,4f:bb:00:00:02:0f,17.625,68.125,False,88.73529411764706,720270.0
2026-04-24 02:34:35.904169,4f:bb:00:00:02:0f,17.4375,68.125,False,88.70588235294117,721530.0
2026-04-24 02:55:35.982128,4f:bb:00:00:02:0f,17.3125,68.0625,False,88.70588235294117,722791.0
2026-04-24 03:16:36.101697,4f:bb:00:00:02:0f,17.1875,68.0,False,88.67647058823529,724051.0
2026-04-24 03:37:36.192692,4f:bb:00:00:02:0f,17.0,67.9375,False,88.6470588235294,725314.0
2026-04-24 03:58:36.274869,4f:bb:00:00:02:0f,16.875,67.875,False,88.6470588235294,726572.0
2026-04-24 04:19:36.317077,4f:bb:00:00:02:0f,16.75,67.5625,False,88.6470588235294,727832.0
2026-04-24 04:40:36.397794,4f:bb:00:00:02:0f,16.59375,67.5,False,88.61764705882354,729089.5
2026-04-24 05:01:36.502562,4f:bb:00:00:02:0f,16.4375,67.5,False,88.61764705882354,730353.0
2026-04-24 05:22:36.605416,4f:bb:00:00:02:0f,16.3125,67.4375,False,88.58823529411765,731612.0
2026-04-24 05:43:36.630151,4f:bb:00:00:02:0f,16.1875,67.375,False,88.58823529411765,732871.5
2026-04-24 06:04:36.625737,4f:bb:00:00:02:0f,16.0,67.3125,False,88.58823529411765,734135.0
2026-04-24 06:25:36.685323,4f:bb:00:00:02:0f,15.875,67.0,False,88.52941176470588,735392.0
2026-04-24 06:46:36.713703,4f:bb:00:00:02:0f,15.75,66.9375,False,88.47058823529412,736654.0
2026-04-24 07:07:36.746502,4f:bb:00:00:02:0f,15.625,66.9375,False,88.41176470588235,737912.0
2026-04-24 07:28:36.831126,4f:bb:00:00:02:0f,15.5625,66.875,False,88.38235294117646,739174.5
2026-04-24 07:49:36.935086,4f:bb:00:00:02:0f,15.4375,66.875,False,88.38235294117646,740431.5
2026-04-24 08:10:37.048091,4f:bb:00:00:02:0f,15.375,66.875,False,88.3529411764706,741692.0
2026-04-24 08:31:37.132568,4f:bb:00:00:02:0f,15.3125,66.875,False,88.3529411764706,742955.0
2026-04-24 08:52:37.239131,4f:bb:00:00:02:0f,15.4375,66.875,False,88.33823529411765,744213.0
2026-04-24 09:13:37.360926,4f:bb:00:00:02:0f,15.625,66.9375,False,88.3529411764706,745473.5
2026-04-24 09:34:37.481128,4f:bb:00:00:02:0f,15.875,67.0,False,88.3529411764706,746733.0
2026-04-24 09:55:37.510638,4f:bb:00:00:02:0f,16.125,67.3125,False,88.3529411764706,747992.5
2026-04-24 10:16:37.617795,4f:bb:00:00:02:0f,16.4375,67.3125,False,88.3529411764706,749254.0
2026-04-24 10:37:37.720546,4f:bb:00:00:02:0f,16.6875,67.3125,False,88.38235294117646,750512.0
2026-04-24 10:58:37.735780,4f:bb:00:00:02:0f,16.9375,67.625,False,88.38235294117646,751774.5
2026-04-24 11:19:37.718128,4f:bb:00:00:02:0f,17.25,67.625,False,88.38235294117646,753034.0
2026-04-24 11:40:37.857806,4f:bb:00:00:02:0f,17.5,67.6875,False,88.38235294117646,754291.0
2026-04-24 12:01:37.942811,4f:bb:00:00:02:0f,17.75,67.9375,False,88.41176470588235,755554.0
2026-04-24 12:22:37.965511,4f:bb:00:00:02:0f,18.0,67.9375,False,88.41176470588235,756814.0
2026-04-24 12:43:38.081024,4f:bb:00:00:02:0f,18.25,67.875,False,88.41176470588235,758074.5
2026-04-24 13:04:38.106380,4f:bb:00:00:02:0f,18.4375,67.875,False,88.41176470588235,759334.0
2026-04-24 13:25:38.239484,4f:bb:00:00:02:0f,18.625,68.125,False,88.41176470588235,760594.0
2026-04-24 13:46:38.325400,4f:bb:00:00:02:0f,18.8125,68.125,False,88.47058823529412,761854.5
2026-04-24 14:07:38.366250,4f:bb:00:00:02:0f,18.9375,68.125,False,88.47058823529412,763114.0
2026-04-24 14:28:38.447394,4f:bb:00:00:02:0f,19.125,68.125,False,88.47058823529412,764377.5
2026-04-24 14:49:38.563892,4f:bb:00:00:02:0f,19.25,68.1875,False,88.44117647058823,765634.0
2026-04-24 15:10:38.646368,4f:bb:00:00:02:0f,19.375,68.4375,False,88.5,766894.0
2026-04-24 15:31:38.716621,4f:bb:00:00:02:0f,19.5625,68.5,False,88.5,768154.5
2026-04-24 15:52:38.841542,4f:bb:00:00:02:0f,19.75,68.5625,False,88.52941176470588,769414.5
2026-04-24 16:13:38.848685,4f:bb:00:00:02:0f,19.9375,68.5625,False,88.55882352941177,770675.0
2026-04-24 16:34:38.956538,4f:bb:00:00:02:0f,20.125,68.5625,False,88.55882352941177,771937.0
2026-04-24 16:55:39.054378,4f:bb:00:00:02:0f,20.3125,68.875,False,88.57352941176471,773194.0
2026-04-24 17:16:39.061603,4f:bb:00:00:02:0f,20.4375,68.875,False,88.55882352941177,774455.0
2026-04-24 17:37:39.165286,4f:bb:00:00:02:0f,20.5625,68.875,False,88.55882352941177,775717.5
2026-04-24 17:58:39.192528,4f:bb:00:00:02:0f,20.75,68.9375,False,88.58823529411765,776975.0
2026-04-24 18:19:39.261968,4f:bb:00:00:02:0f,20.875,68.9375,False,88.61764705882354,778234.5
2026-04-24 18:40:39.394476,4f:bb:00:00:02:0f,21.0,68.875,False,88.61764705882354,779497.0
2026-04-24 19:01:39.495439,4f:bb:00:00:02:0f,21.0625,69.125,False,88.6470588235294,780757.5
2026-04-24 19:22:39.579232,4f:bb:00:00:02:0f,21.125,69.125,False,88.6470588235294,782015.0
2026-04-24 19:43:39.649197,4f:bb:00:00:02:0f,21.125,69.125,False,88.6470588235294,783277.0
2026-04-24 20:04:39.744229,4f:bb:00:00:02:0f,21.125,69.0625,False,88.6470588235294,784534.5
2026-04-24 20:25:39.859684,4f:bb:00:00:02:0f,21.125,69.0625,False,88.6470588235294,785797.5
2026-04-24 20:46:39.952169,4f:bb:00:00:02:0f,21.0625,68.75,False,88.67647058823529,787055.0
2026-04-24 21:07:39.990519,4f:bb:00:00:02:0f,20.9375,68.75,False,88.67647058823529,788316.0
2026-04-24 21:28:40.017159,4f:bb:00:00:02:0f,20.875,68.6875,False,88.67647058823529,789577.5
2026-04-24 21:49:40.058424,4f:bb:00:00:02:0f,20.75,68.625,False,88.6470588235294,790834.5
2026-04-24 22:10:40.130863,4f:bb:00:00:02:0f,20.6875,68.625,False,88.67647058823529,792095.0
2026-04-24 22:31:40.210568,4f:bb:00:00:02:0f,20.5625,68.5625,False,88.67647058823529,793355.0
2026-04-24 22:52:40.258070,4f:bb:00:00:02:0f,20.4375,68.5,False,88.6470588235294,794615.0
2026-04-24 23:13:40.329688,4f:bb:00:00:02:0f,20.25,68.5,False,88.67647058823529,795877.0
2026-04-24 23:34:40.403569,4f:bb:00:00:02:0f,20.125,68.125,False,88.6470588235294,797137.0
2026-04-24 23:55:40.435147,4f:bb:00:00:02:0f,19.9375,68.125,False,88.6470588235294,798394.5
2026-04-25 00:16:40.466736,4f:bb:00:00:02:0f,19.75,68.0625,False,88.6470588235294,799658.0
2026-04-25 00:37:40.571960,4f:bb:00:00:02:0f,19.625,68.0,False,88.63235294117646,800916.0
2026-04-25 00:58:40.658988,4f:bb:00:00:02:0f,19.4375,67.9375,False,88.6470588235294,802176.0
2026-04-25 01:19:40.758784,4f:bb:00:00:02:0f,19.25,67.5625,False,88.61764705882354,803438.0
2026-04-25 01:40:40.754111,4f:bb:00:00:02:0f,19.0625,67.5,False,88.58823529411765,804697.5
2026-04-25 02:01:40.859872,4f:bb:00:00:02:0f,18.875,67.4375,False,88.58823529411765,805959.0
2026-04-25 02:22:40.988583,4f:bb:00:00:02:0f,18.6875,67.375,False,88.58823529411765,807216.0
2026-04-25 02:43:41.094610,4f:bb:00:00:02:0f,18.5,67.0625,False,88.58823529411765,808479.0
2026-04-25 03:04:41.099185,4f:bb:00:00:02:0f,18.25,66.9375,False,88.55882352941177,809737.5
2026-04-25 03:25:41.169612,4f:bb:00:00:02:0f,18.0625,66.875,False,88.52941176470588,810997.5
2026-04-25 03:46:41.247126,4f:bb:00:00:02:0f,17.8125,66.8125,False,88.52941176470588,812258.0
2026-04-25 04:07:41.283391,4f:bb:00:00:02:0f,17.625,66.5,False,88.5,813520.0
2026-04-25 04:28:41.370539,4f:bb:00:00:02:0f,17.375,66.375,False,88.48529411764706,814777.5
2026-04-25 04:49:41.379164,4f:bb:00:00:02:0f,17.1875,66.3125,False,88.38235294117646,816038.0
2026-04-25 05:10:41.507937,4f:bb:00:00:02:0f,16.9375,66.25,False,88.32352941176471,817298.0
2026-04-25 05:31:41.513896,4f:bb:00:00:02:0f,16.6875,65.9375,False,88.26470588235294,818560.5
2026-04-25 05:52:41.607352,4f:bb:00:00:02:0f,16.5,65.8125,False,88.11764705882354,819819.0
2026-04-25 06:13:41.719926,4f:bb:00:00:02:0f,16.25,65.75,False,88.1470588235294,821078.0
2026-04-25 06:34:41.736858,4f:bb:00:00:02:0f,16.0625,65.6875,False,88.1470588235294,822337.5
2026-04-25 06:55:41.771573,4f:bb:00:00:02:0f,15.875,65.375,False,88.11764705882354,823599.0
2026-04-25 07:16:41.871455,4f:bb:00:00:02:0f,15.6875,65.3125,False,87.97058823529412,824859.0
2026-04-25 07:37:41.982244,4f:bb:00:00:02:0f,15.5,65.25,False,87.88235294117646,826118.0
2026-04-25 07:58:42.027248,4f:bb:00:00:02:0f,15.3125,65.1875,False,87.82352941176471,827380.5
2026-04-25 08:19:42.148213,4f:bb:00:00:02:0f,15.1875,65.1875,False,87.76470588235294,828638.0
2026-04-25 08:40:42.151753,4f:bb:00:00:02:0f,15.0625,64.875,False,87.67647058823529,829898.0
2026-04-25 09:01:42.232268,4f:bb:00:00:02:0f,15.0,64.9375,False,87.44117647058823,831159.0
2026-04-25 09:22:42.338869,4f:bb:00:00:02:0f,15.125,65.25,False,87.47058823529412,832420.0
2026-04-25 09:43:42.384804,4f:bb:00:00:02:0f,15.25,65.25,False,87.38235294117646,833679.0
2026-04-25 10:04:42.462703,4f:bb:00:00:02:0f,15.5,65.3125,False,87.38235294117646,834940.0
2026-04-25 10:25:42.439791,4f:bb:00:00:02:0f,15.6875,65.375,False,87.44117647058823,836200.0
2026-04-25 10:46:42.573749,4f:bb:00:00:02:0f,15.875,65.375,False,87.5,837460.0
2026-04-25 11:07:42.621702,4f:bb:00:00:02:0f,16.125,65.6875,False,87.5,838720.0
2026-04-25 11:28:42.707462,4f:bb:00:00:02:0f,16.4375,65.6875,False,87.52941176470588,839980.5
2026-04-25 11:49:42.767535,4f:bb:00:00:02:0f,16.6875,65.75,False,87.55882352941177,841241.0
2026-04-25 12:10:42.849401,4f:bb:00:00:02:0f,16.875,66.0,False,87.55882352941177,842501.0
2026-04-25 12:31:42.946532,4f:bb:00:00:02:0f,17.125,66.0,False,87.58823529411765,843759.0
2026-04-25 12:52:42.959256,4f:bb:00:00:02:0f,17.375,66.0,False,87.61764705882354,845020.5
2026-04-25 13:13:43.017487,4f:bb:00:00:02:0f,17.5625,65.9375,False,87.61764705882354,846281.0
2026-04-25 13:34:43.115829,4f:bb:00:00:02:0f,17.75,66.25,False,87.67647058823529,847539.5
2026-04-25 13:55:43.208675,4f:bb:00:00:02:0f,17.9375,66.25,False,87.67647058823529,848801.0
2026-04-25 14:16:43.307407,4f:bb:00:00:02:0f,18.125,66.25,False,87.67647058823529,850061.0
2026-04-25 14:37:43.377363,4f:bb:00:00:02:0f,18.3125,66.25,False,87.67647058823529,851318.0
2026-04-25 14:58:43.471139,4f:bb:00:00:02:0f,18.5,66.3125,False,87.70588235294117,852582.0
2026-04-25 15:19:43.584017,4f:bb:00:00:02:0f,18.625,66.5625,False,87.73529411764706,853842.0
2026-04-25 15:40:43.669844,4f:bb:00:00:02:0f,18.75,66.625,False,87.75,855100.5
2026-04-25 16:01:43.675279,4f:bb:00:00:02:0f,19.0,66.625,False,87.73529411764706,856364.0
2026-04-25 16:22:43.761472,4f:bb:00:00:02:0f,19.1875,66.6875,False,87.73529411764706,857622.0
2026-04-25 16:43:43.804470,4f:bb:00:00:02:0f,19.375,67.0,False,87.75,858882.0
2026-04-25 17:04:43.905148,4f:bb:00:00:02:0f,19.5625,67.0,False,87.76470588235294,860143.0
2026-04-25 17:25:43.951153,4f:bb:00:00:02:0f,19.75,67.0625,False,87.79411764705883,861403.0
2026-04-25 17:46:44.065795,4f:bb:00:00:02:0f,19.9375,67.0625,False,87.82352941176471,862661.0
2026-04-25 18:07:44.166373,4f:bb:00:00:02:0f,20.09375,67.0625,False,87.82352941176471,863922.0
2026-04-25 18:28:44.294614,4f:bb:00:00:02:0f,20.25,67.3125,False,87.82352941176471,865183.0
2026-04-25 18:49:44.385866,4f:bb:00:00:02:0f,20.375,67.3125,False,87.8529411764706,866442.0
2026-04-25 19:10:44.449514,4f:bb:00:00:02:0f,20.4375,67.3125,False,87.8529411764706,867703.5
2026-04-25 19:31:44.563655,4f:bb:00:00:02:0f,20.5,67.3125,False,87.8529411764706,868962.0
2026-04-25 19:52:44.679482,4f:bb:00:00:02:0f,20.5625,67.3125,False,87.8529411764706,870223.0
2026-04-25 20:13:44.773391,4f:bb:00:00:02:0f,20.5625,67.3125,False,87.8529411764706,871480.5
2026-04-25 20:34:44.797856,4f:bb:00:00:02:0f,20.5625,67.25,False,87.88235294117646,872743.5
2026-04-25 20:55:44.862787,4f:bb:00:00:02:0f,20.5,67.25,False,87.91176470588235,874004.0
2026-04-25 21:16:44.914999,4f:bb:00:00:02:0f,20.4375,67.25,False,87.88235294117646,875260.0
2026-04-25 21:37:44.983030,4f:bb:00:00:02:0f,20.375,67.1875,False,87.91176470588235,876523.0
2026-04-25 21:58:45.088660,4f:bb:00:00:02:0f,20.3125,67.1875,False,87.91176470588235,877781.0
2026-04-25 22:19:45.191030,4f:bb:00:00:02:0f,20.1875,67.1875,False,87.94117647058823,879044.0
2026-04-25 22:40:45.199478,4f:bb:00:00:02:0f,20.125,66.875,False,87.91176470588235,880303.0
2026-04-25 23:01:45.297124,4f:bb:00:00:02:0f,20.0,66.875,False,87.91176470588235,881561.0
2026-04-25 23:22:45.407963,4f:bb:00:00:02:0f,19.875,66.8125,False,87.91176470588235,882823.5
2026-04-25 23:43:45.522443,4f:bb:00:00:02:0f,19.8125,66.8125,False,87.91176470588235,884083.5
2026-04-26 00:04:45.588690,4f:bb:00:00:02:0f,19.6875,66.75,False,87.91176470588235,885343.5
2026-04-26 00:25:45.673964,4f:bb:00:00:02:0f,19.5625,66.6875,False,87.91176470588235,886604.0
2026-04-26 00:46:45.795150,4f:bb:00:00:02:0f,19.4375,66.6875,False,87.88235294117646,887863.0
2026-04-26 01:07:45.912116,4f:bb:00:00:02:0f,19.3125,66.375,False,87.88235294117646,889126.0
2026-04-26 01:28:45.898483,4f:bb:00:00:02:0f,19.1875,66.3125,False,87.88235294117646,890384.0
2026-04-26 01:49:45.987013,4f:bb:00:00:02:0f,19.0625,66.3125,False,87.88235294117646,891643.5
2026-04-26 02:10:46.010202,4f:bb:00:00:02:0f,18.9375,66.25,False,87.8529411764706,892904.0
2026-04-26 02:31:46.067067,4f:bb:00:00:02:0f,18.8125,66.1875,False,87.8529411764706,894166.0
2026-04-26 02:52:46.166295,4f:bb:00:00:02:0f,18.6875,66.1875,False,87.8529411764706,895423.5
2026-04-26 03:13:46.255330,4f:bb:00:00:02:0f,18.5625,66.125,False,87.8529411764706,896687.0
2026-04-26 03:34:46.338264,4f:bb:00:00:02:0f,18.4375,65.8125,False,87.82352941176471,897943.0
2026-04-26 03:55:46.421183,4f:bb:00:00:02:0f,18.3125,65.75,False,87.82352941176471,899204.0
2026-04-26 04:16:46.488807,4f:bb:00:00:02:0f,18.1875,65.75,False,87.82352941176471,900463.5
2026-04-26 04:37:46.512864,4f:bb:00:00:02:0f,18.0,65.6875,False,87.82352941176471,901726.0
2026-04-26 04:58:46.626242,4f:bb:00:00:02:0f,17.875,65.625,False,87.79411764705883,902987.0
2026-04-26 05:19:46.682536,4f:bb:00:00:02:0f,17.75,65.5625,False,87.76470588235294,904245.0
2026-04-26 05:40:46.715000,4f:bb:00:00:02:0f,17.625,65.3125,False,87.79411764705883,905506.5
2026-04-26 06:01:46.722893,4f:bb:00:00:02:0f,17.5,65.25,False,87.76470588235294,906766.0
2026-04-26 06:22:46.811423,4f:bb:00:00:02:0f,17.375,65.1875,False,87.76470588235294,908023.0
2026-04-26 06:43:46.927535,4f:bb:00:00:02:0f,17.25,65.1875,False,87.73529411764706,909286.5
2026-04-26 07:04:46.983220,4f:bb:00:00:02:0f,17.125,65.125,False,87.73529411764706,910545.0
2026-04-26 07:25:47.087132,4f:bb:00:00:02:0f,17.0625,65.1875,False,87.70588235294117,911807.0
2026-04-26 07:46:47.164133,4f:bb:00:00:02:0f,16.9375,65.0625,False,87.70588235294117,913065.0
2026-04-26 08:07:47.259387,4f:bb:00:00:02:0f,16.875,65.0625,False,87.67647058823529,914324.0
2026-04-26 08:28:47.365059,4f:bb:00:00:02:0f,16.875,65.0625,False,87.61764705882354,915588.0
2026-04-26 08:49:47.433055,4f:bb:00:00:02:0f,16.9375,65.125,False,87.6470588235294,916843.0
2026-04-26 09:10:47.489754,4f:bb:00:00:02:0f,17.0625,65.125,False,87.67647058823529,918103.0
2026-04-26 09:31:47.532007,4f:bb:00:00:02:0f,17.25,65.1875,False,87.70588235294117,919365.0
2026-04-26 09:52:47.554852,4f:bb:00:00:02:0f,17.4375,65.1875,False,87.67647058823529,920626.0
2026-04-26 10:13:47.598551,4f:bb:00:00:02:0f,17.625,65.4375,False,87.67647058823529,921886.0
2026-04-26 10:34:47.666393,4f:bb:00:00:02:0f,17.8125,65.5,False,87.67647058823529,923146.5
2026-04-26 10:55:47.771890,4f:bb:00:00:02:0f,18.0,65.5,False,87.70588235294117,924406.0
2026-04-26 11:16:47.863940,4f:bb:00:00:02:0f,18.1875,65.5,False,87.72058823529412,925666.5
2026-04-26 11:37:47.878373,4f:bb:00:00:02:0f,18.375,65.5,False,87.70588235294117,926927.0
2026-04-26 11:58:47.989076,4f:bb:00:00:02:0f,18.625,65.8125,False,87.73529411764706,928183.5
2026-04-26 12:19:48.107810,4f:bb:00:00:02:0f,18.75,65.8125,False,87.73529411764706,929445.0
2026-04-26 12:40:48.178003,4f:bb:00:00:02:0f,18.875,65.75,False,87.73529411764706,930707.0
2026-04-26 13:01:48.288951,4f:bb:00:00:02:0f,19.0,65.75,False,87.76470588235294,931968.0
2026-04-26 13:22:48.321011,4f:bb:00:00:02:0f,19.0625,65.75,False,87.76470588235294,933228.0
2026-04-26 13:43:48.417039,4f:bb:00:00:02:0f,19.125,65.6875,False,87.76470588235294,934488.5
2026-04-26 14:04:48.508000,4f:bb:00:00:02:0f,19.1875,65.6875,False,87.76470588235294,935748.0
2026-04-26 14:25:48.548491,4f:bb:00:00:02:0f,19.25,65.6875,False,87.76470588235294,937008.0
2026-04-26 14:46:48.631458,4f:bb:00:00:02:0f,19.3125,65.6875,False,87.82352941176471,938269.0
2026-04-26 15:07:48.722321,4f:bb:00:00:02:0f,19.375,66.0,False,87.82352941176471,939526.0
2026-04-26 15:28:48.836987,4f:bb:00:00:02:0f,19.4375,66.0,False,87.82352941176471,940790.0
2026-04-26 15:49:48.947068,4f:bb:00:00:02:0f,19.5,66.0,False,87.88235294117646,942048.0
2026-04-26 16:10:49.010148,4f:bb:00:00:02:0f,19.625,66.0,False,87.88235294117646,943306.0
2026-04-26 16:31:49.151858,4f:bb:00:00:02:0f,19.625,66.0,False,87.88235294117646,944569.5
2026-04-26 16:52:49.235736,4f:bb:00:00:02:0f,19.6875,66.0,False,87.88235294117646,945829.0
2026-04-26 17:13:49.335135,4f:bb:00:00:02:0f,19.75,66.0,False,87.88235294117646,947088.0
2026-04-26 17:34:49.434010,4f:bb:00:00:02:0f,19.75,66.0,False,87.8529411764706,948349.0
2026-04-26 17:55:49.483720,4f:bb:00:00:02:0f,19.75,66.0,False,87.8529411764706,949607.0
2026-04-26 18:16:49.539509,4f:bb:00:00:02:0f,19.75,66.0,False,87.8529411764706,950867.0
2026-04-26 18:37:49.639276,4f:bb:00:00:02:0f,19.75,66.0,False,87.8529411764706,952130.0
2026-04-26 18:58:49.728714,4f:bb:00:00:02:0f,19.75,66.0,False,87.82352941176471,953386.5
2026-04-26 19:19:49.850207,4f:bb:00:00:02:0f,19.75,66.0,False,87.82352941176471,954648.0
2026-04-26 19:40:49.943540,4f:bb:00:00:02:0f,19.75,66.0,False,87.82352941176471,955910.0
2026-04-26 20:01:49.960160,4f:bb:00:00:02:0f,19.75,66.0,False,87.79411764705883,957169.0
2026-04-26 20:22:50.035690,4f:bb:00:00:02:0f,19.75,66.0,False,87.82352941176471,958430.0
2026-04-26 20:43:50.148326,4f:bb:00:00:02:0f,19.6875,66.0,False,87.82352941176471,959691.0
2026-04-26 21:04:50.251648,4f:bb:00:00:02:0f,19.625,65.9375,False,87.82352941176471,960947.5
2026-04-26 21:25:50.357950,4f:bb:00:00:02:0f,19.5625,65.9375,False,87.82352941176471,962208.0
2026-04-26 21:46:50.461846,4f:bb:00:00:02:0f,19.4375,65.875,False,87.79411764705883,963470.0
2026-04-26 22:07:50.501793,4f:bb:00:00:02:0f,19.375,65.875,False,87.79411764705883,964730.0
2026-04-26 22:28:50.565746,4f:bb:00:00:02:0f,19.3125,65.5625,False,87.79411764705883,965993.0
2026-04-26 22:49:50.656873,4f:bb:00:00:02:0f,19.1875,65.5625,False,87.79411764705883,967250.0
2026-04-26 23:10:50.765418,4f:bb:00:00:02:0f,19.125,65.5,False,87.79411764705883,968511.0
2026-04-26 23:31:50.835107,4f:bb:00:00:02:0f,19.0,65.5,False,87.76470588235294,969770.0
2026-04-26 23:52:50.929228,4f:bb:00:00:02:0f,18.9375,65.4375,False,87.76470588235294,971033.0
2026-04-27 00:13:51.025236,4f:bb:00:00:02:0f,18.8125,65.4375,False,87.76470588235294,972289.5
2026-04-27 00:34:51.044478,4f:bb:00:00:02:0f,18.75,65.375,False,87.76470588235294,973550.0
2026-04-27 00:55:51.138178,4f:bb:00:00:02:0f,18.625,65.375,False,87.75,974812.5
2026-04-27 01:16:51.224615,4f:bb:00:00:02:0f,18.5625,65.375,False,87.76470588235294,976070.0
2026-04-27 01:37:51.204267,4f:bb:00:00:02:0f,18.4375,65.0625,False,87.73529411764706,977332.0
2026-04-27 01:58:51.201253,4f:bb:00:00:02:0f,18.375,65.0625,False,87.73529411764706,978591.0
2026-04-27 02:19:51.304213,4f:bb:00:00:02:0f,18.25,65.0,False,87.73529411764706,979852.0
2026-04-27 02:40:51.331661,4f:bb:00:00:02:0f,18.1875,64.9375,False,87.73529411764706,981111.0
2026-04-27 03:01:51.441357,4f:bb:00:00:02:0f,18.0625,64.9375,False,87.73529411764706,982372.0
2026-04-27 03:22:51.557941,4f:bb:00:00:02:0f,17.9375,64.875,False,87.70588235294117,983631.0
2026-04-27 03:43:51.572515,4f:bb:00:00:02:0f,17.875,64.875,False,87.70588235294117,984889.5
2026-04-27 04:04:51.685472,4f:bb:00:00:02:0f,17.75,64.8125,False,87.67647058823529,986152.0
2026-04-27 04:25:51.764764,4f:bb:00:00:02:0f,17.6875,64.8125,False,87.70588235294117,987409.0
2026-04-27 04:46:51.871116,4f:bb:00:00:02:0f,17.5625,64.5,False,87.6470588235294,988672.5
2026-04-27 05:07:51.902732,4f:bb:00:00:02:0f,17.4375,64.4375,False,87.70588235294117,989933.0
2026-04-27 05:28:52.019381,4f:bb:00:00:02:0f,17.375,64.4375,False,87.6470588235294,991191.0
2026-04-27 05:49:52.100918,4f:bb:00:00:02:0f,17.25,64.375,False,87.61764705882354,992455.0
2026-04-27 06:10:52.209961,4f:bb:00:00:02:0f,17.1875,64.375,False,87.61764705882354,993710.0
2026-04-27 06:31:52.292903,4f:bb:00:00:02:0f,17.0625,64.3125,False,87.58823529411765,994972.0
2026-04-27 06:52:52.332868,4f:bb:00:00:02:0f,16.9375,64.3125,False,87.58823529411765,996234.0
2026-04-27 07:13:52.393224,4f:bb:00:00:02:0f,16.875,64.25,False,87.58823529411765,997491.5
2026-04-27 07:34:52.431166,4f:bb:00:00:02:0f,16.8125,64.25,False,87.58823529411765,998753.0
2026-04-27 07:55:52.485139,4f:bb:00:00:02:0f,16.75,64.0,False,87.55882352941177,1000010.0
2026-04-27 08:16:52.507464,4f:bb:00:00:02:0f,16.75,64.0,False,87.55882352941177,1001269.0
2026-04-27 08:37:52.551857,4f:bb:00:00:02:0f,16.875,64.3125,False,87.52941176470588,1002532.5
2026-04-27 08:58:52.630126,4f:bb:00:00:02:0f,17.0625,64.375,False,87.55882352941177,1003791.0
2026-04-27 09:19:52.702884,4f:bb:00:00:02:0f,17.25,64.4375,False,87.52941176470588,1005052.5
2026-04-27 09:40:52.797558,4f:bb:00:00:02:0f,17.5,64.4375,False,87.55882352941177,1006312.0
2026-04-27 10:01:52.839356,4f:bb:00:00:02:0f,17.6875,64.6875,False,87.55882352941177,1007574.0
2026-04-27 10:22:52.969748,4f:bb:00:00:02:0f,17.9375,64.6875,False,87.58823529411765,1008832.0
2026-04-27 10:43:53.025370,4f:bb:00:00:02:0f,18.1875,64.75,False,87.58823529411765,1010095.0
2026-04-27 11:04:53.109071,4f:bb:00:00:02:0f,18.4375,64.75,False,87.6029411764706,1011354.0
2026-04-27 11:25:53.158217,4f:bb:00:00:02:0f,18.6875,65.0625,False,87.61764705882354,1012615.5
2026-04-27 11:46:53.247418,4f:bb:00:00:02:0f,18.875,65.0625,False,87.6470588235294,1013873.0
2026-04-27 12:07:53.390410,4f:bb:00:00:02:0f,19.125,65.0625,False,87.6470588235294,1015135.0
2026-04-27 12:28:53.463669,4f:bb:00:00:02:0f,19.375,65.3125,False,87.73529411764706,1016391.5
2026-04-27 12:49:53.529921,4f:bb:00:00:02:0f,19.625,65.4375,False,87.73529411764706,1017652.0
2026-04-27 13:10:53.631700,4f:bb:00:00:02:0f,20.0625,65.5,False,87.70588235294117,1018913.0
2026-04-27 13:31:53.732994,4f:bb:00:00:02:0f,20.5625,65.875,False,87.70588235294117,1020175.5
2026-04-27 13:52:53.856284,4f:bb:00:00:02:0f,21.0625,65.9375,False,87.72058823529412,1021437.0
2026-04-27 14:13:53.835754,4f:bb:00:00:02:0f,21.4375,66.1875,False,87.70588235294117,1022692.5
2026-04-27 14:34:53.916006,4f:bb:00:00:02:0f,21.75,66.1875,False,87.76470588235294,1023955.5
2026-04-27 14:55:54.016244,4f:bb:00:00:02:0f,22.0,66.4375,False,87.79411764705883,1025214.0
2026-04-27 15:16:54.129663,4f:bb:00:00:02:0f,22.25,66.375,False,87.82352941176471,1026473.5
2026-04-27 15:37:54.191421,4f:bb:00:00:02:0f,22.375,66.375,False,87.8529411764706,1027732.0
2026-04-27 15:58:54.278650,4f:bb:00:00:02:0f,22.5,66.375,False,87.88235294117646,1028995.5
2026-04-27 16:19:54.371587,4f:bb:00:00:02:0f,22.625,66.375,False,87.91176470588235,1030254.0
2026-04-27 16:40:54.448532,4f:bb:00:00:02:0f,22.625,66.3125,False,87.91176470588235,1031515.5
2026-04-27 17:01:54.482994,4f:bb:00:00:02:0f,22.625,66.3125,False,87.94117647058823,1032775.0
2026-04-27 17:22:54.593656,4f:bb:00:00:02:0f,22.625,66.3125,False,87.97058823529412,1034035.0
2026-04-27 17:43:54.711231,4f:bb:00:00:02:0f,22.5625,66.3125,False,88.02941176470588,1035295.0
2026-04-27 18:04:54.792544,4f:bb:00:00:02:0f,22.5625,66.3125,False,88.05882352941177,1036556.0
2026-04-27 18:25:54.875472,4f:bb:00:00:02:0f,22.5625,66.25,False,88.08823529411765,1037816.0
2026-04-27 18:46:54.889182,4f:bb:00:00:02:0f,22.5,66.25,False,88.08823529411765,1039075.5
2026-04-27 19:07:54.915657,4f:bb:00:00:02:0f,22.4375,66.25,False,88.11764705882354,1040336.0
2026-04-27 19:28:55.043125,4f:bb:00:00:02:0f,22.375,66.1875,False,88.11764705882354,1041595.5
2026-04-27 19:49:55.143476,4f:bb:00:00:02:0f,22.3125,66.1875,False,88.17647058823529,1042859.0
2026-04-27 20:10:55.225027,4f:bb:00:00:02:0f,22.1875,66.1875,False,88.1470588235294,1044116.0
2026-04-27 20:31:55.327440,4f:bb:00:00:02:0f,22.125,66.125,False,88.17647058823529,1045377.0
2026-04-27 20:52:55.428029,4f:bb:00:00:02:0f,22.0,66.125,False,88.1470588235294,1046638.0
2026-04-27 21:13:55.543744,4f:bb:00:00:02:0f,21.9375,66.125,False,88.17647058823529,1047896.0
2026-04-27 21:34:55.609885,4f:bb:00:00:02:0f,21.8125,65.8125,False,88.1470588235294,1049157.0
2026-04-27 21:55:55.680939,4f:bb:00:00:02:0f,21.75,65.8125,False,88.1470588235294,1050416.0
2026-04-27 22:16:55.779158,4f:bb:00:00:02:0f,21.625,65.75,False,88.17647058823529,1051677.0
2026-04-27 22:37:55.759692,4f:bb:00:00:02:0f,21.5,65.75,False,88.17647058823529,1052939.0
2026-04-27 22:58:55.885927,4f:bb:00:00:02:0f,21.4375,65.75,False,88.17647058823529,1054197.0
2026-04-27 23:19:55.977298,4f:bb:00:00:02:0f,21.3125,65.6875,False,88.17647058823529,1055456.0
2026-04-27 23:40:55.991489,4f:bb:00:00:02:0f,21.1875,65.625,False,88.1470588235294,1056718.0
2026-04-28 00:01:56.094536,4f:bb:00:00:02:0f,21.0625,65.625,False,88.17647058823529,1057976.0
2026-04-28 00:22:56.149508,4f:bb:00:00:02:0f,20.9375,65.3125,False,88.17647058823529,1059237.0
2026-04-28 00:43:56.247203,4f:bb:00:00:02:0f,20.8125,65.3125,False,88.1470588235294,1060499.0
2026-04-28 01:04:56.264810,4f:bb:00:00:02:0f,20.75,65.25,False,88.1470588235294,1061756.0
2026-04-28 01:25:56.344800,4f:bb:00:00:02:0f,20.625,65.1875,False,88.11764705882354,1063018.5
2026-04-28 01:46:56.434504,4f:bb:00:00:02:0f,20.5,65.1875,False,88.11764705882354,1064284.0
2026-04-28 02:07:56.546702,4f:bb:00:00:02:0f,20.375,65.125,False,88.11764705882354,1065540.0
2026-04-28 02:28:56.656372,4f:bb:00:00:02:0f,20.25,65.125,False,88.11764705882354,1066798.0
2026-04-28 02:49:56.750742,4f:bb:00:00:02:0f,20.125,64.8125,False,88.08823529411765,1068058.0
2026-04-28 03:10:56.808255,4f:bb:00:00:02:0f,20.0625,64.75,False,88.08823529411765,1069319.0
2026-04-28 03:31:56.808083,4f:bb:00:00:02:0f,19.9375,64.75,False,88.08823529411765,1070581.0
2026-04-28 03:52:56.873437,4f:bb:00:00:02:0f,19.8125,64.6875,False,88.08823529411765,1071837.0
2026-04-28 04:13:56.933783,4f:bb:00:00:02:0f,19.6875,64.6875,False,88.05882352941177,1073101.5
2026-04-28 04:34:57.025748,4f:bb:00:00:02:0f,19.5625,64.625,False,88.02941176470588,1074358.5
2026-04-28 04:55:57.125907,4f:bb:00:00:02:0f,19.4375,64.5625,False,88.02941176470588,1075617.0
2026-04-28 05:16:57.223495,4f:bb:00:00:02:0f,19.3125,64.25,False,88.0,1076881.0
2026-04-28 05:37:57.268497,4f:bb:00:00:02:0f,19.1875,64.25,False,87.94117647058823,1078139.0
2026-04-28 05:58:57.297349,4f:bb:00:00:02:0f,19.0625,64.1875,False,87.88235294117646,1079398.0
2026-04-28 06:19:57.396271,4f:bb:00:00:02:0f,19.0,64.1875,False,87.8529411764706,1080660.0
2026-04-28 06:40:57.461322,4f:bb:00:00:02:0f,18.875,64.125,False,87.82352941176471,1081922.0
2026-04-28 07:01:57.489550,4f:bb:00:00:02:0f,18.75,64.0625,False,87.82352941176471,1083180.0
2026-04-28 07:22:57.567304,4f:bb:00:00:02:0f,18.625,64.0625,False,87.88235294117646,1084441.0
2026-04-28 07:43:57.677993,4f:bb:00:00:02:0f,18.5,64.0,False,87.91176470588235,1085702.0
2026-04-28 08:04:57.818267,4f:bb:00:00:02:0f,18.375,63.75,False,87.91176470588235,1086958.0
2026-04-28 08:25:57.917266,4f:bb:00:00:02:0f,18.3125,63.6875,False,87.94117647058823,1088220.0
2026-04-28 08:46:57.899864,4f:bb:00:00:02:0f,18.1875,63.6875,False,87.88235294117646,1089480.0
2026-04-28 09:07:57.936467,4f:bb:00:00:02:0f,18.125,63.625,False,87.8529411764706,1090740.0
2026-04-28 09:28:57.965084,4f:bb:00:00:02:0f,18.0625,63.625,False,87.76470588235294,1091998.5
2026-04-28 09:49:58.063048,4f:bb:00:00:02:0f,17.9375,63.625,False,87.38235294117646,1093261.0
2026-04-28 10:10:58.145318,4f:bb:00:00:02:0f,17.875,63.5625,False,87.41176470588235,1094521.5
2026-04-28 10:31:58.174826,4f:bb:00:00:02:0f,17.8125,63.5625,False,87.55882352941177,1095778.0
2026-04-28 10:52:58.306738,4f:bb:00:00:02:0f,17.8125,63.5625,False,87.52941176470588,1097040.0
2026-04-28 11:13:58.264545,4f:bb:00:00:02:0f,17.8125,63.5625,False,87.58823529411765,1098301.0
2026-04-28 11:34:58.326663,4f:bb:00:00:02:0f,17.875,63.625,False,87.61764705882354,1099561.0
2026-04-28 11:55:58.406584,4f:bb:00:00:02:0f,18.0625,63.6875,False,87.63235294117646,1100821.5
2026-04-28 12:16:58.476773,4f:bb:00:00:02:0f,18.1875,63.6875,False,87.73529411764706,1102081.0
2026-04-28 12:37:58.576670,4f:bb:00:00:02:0f,18.3125,63.6875,False,87.73529411764706,1103341.5
2026-04-28 12:58:58.665385,4f:bb:00:00:02:0f,18.4375,63.6875,False,87.73529411764706,1104602.0
2026-04-28 13:19:58.747514,4f:bb:00:00:02:0f,18.5,63.9375,False,87.73529411764706,1105861.0
2026-04-28 13:40:58.879354,4f:bb:00:00:02:0f,18.625,63.9375,False,87.76470588235294,1107122.0
2026-04-28 14:01:58.952805,4f:bb:00:00:02:0f,18.625,63.9375,False,87.73529411764706,1108384.0
2026-04-28 14:22:59.017907,4f:bb:00:00:02:0f,18.6875,63.9375,False,87.75,1109641.0
2026-04-28 14:43:59.133142,4f:bb:00:00:02:0f,18.75,63.9375,False,87.73529411764706,1110903.0
2026-04-28 15:04:59.167091,4f:bb:00:00:02:0f,18.8125,63.9375,False,87.76470588235294,1112162.0
2026-04-28 15:25:59.291392,4f:bb:00:00:02:0f,18.875,64.0,False,87.76470588235294,1113421.0
2026-04-28 15:46:59.361479,4f:bb:00:00:02:0f,18.9375,64.0,False,87.79411764705883,1114683.5
2026-04-28 16:07:59.469306,4f:bb:00:00:02:0f,19.0,64.0,False,87.82352941176471,1115943.0
2026-04-28 16:28:59.489436,4f:bb:00:00:02:0f,19.0625,64.0,False,87.79411764705883,1117204.0
2026-04-28 16:49:59.578249,4f:bb:00:00:02:0f,19.125,64.0,False,87.82352941176471,1118463.0
2026-04-28 17:10:59.675052,4f:bb:00:00:02:0f,19.1875,64.0,False,87.82352941176471,1119725.0
2026-04-28 17:31:59.766687,4f:bb:00:00:02:0f,19.25,64.0,False,87.8529411764706,1120982.0
2026-04-28 17:52:59.845606,4f:bb:00:00:02:0f,19.3125,64.0,False,87.8529411764706,1122243.0
2026-04-28 18:13:59.963487,4f:bb:00:00:02:0f,19.375,64.3125,False,87.8529411764706,1123503.0
2026-04-28 18:35:00.056050,4f:bb:00:00:02:0f,19.375,64.25,False,87.8529411764706,1124763.0
2026-04-28 18:56:00.148289,4f:bb:00:00:02:0f,19.375,64.25,False,87.8529411764706,1126023.0
2026-04-28 19:17:00.218888,4f:bb:00:00:02:0f,19.375,64.25,False,87.88235294117646,1127284.0
2026-04-28 19:38:00.315656,4f:bb:00:00:02:0f,19.375,64.25,False,87.88235294117646,1128542.0
2026-04-28 19:59:00.413909,4f:bb:00:00:02:0f,19.3125,64.0,False,87.88235294117646,1129802.0
2026-04-28 20:20:00.463854,4f:bb:00:00:02:0f,19.25,63.9375,False,87.88235294117646,1131064.0
2026-04-28 20:41:00.552610,4f:bb:00:00:02:0f,19.125,63.9375,False,87.88235294117646,1132321.5
2026-04-28 21:02:00.608421,4f:bb:00:00:02:0f,19.0625,63.9375,False,87.88235294117646,1133585.0
2026-04-28 21:23:00.732018,4f:bb:00:00:02:0f,18.9375,63.9375,False,87.88235294117646,1134843.0
2026-04-28 21:44:00.817920,4f:bb:00:00:02:0f,18.875,63.875,False,87.8970588235294,1136104.0
2026-04-28 22:05:00.866807,4f:bb:00:00:02:0f,18.8125,63.875,False,87.91176470588235,1137365.0
2026-04-28 22:26:00.942789,4f:bb:00:00:02:0f,18.75,63.875,False,87.86764705882354,1138621.5
2026-04-28 22:47:01.074107,4f:bb:00:00:02:0f,18.625,63.8125,False,87.88235294117646,1139885.0
2026-04-28 23:08:01.067262,4f:bb:00:00:02:0f,18.5625,63.8125,False,87.88235294117646,1141143.0
2026-04-28 23:29:01.173307,4f:bb:00:00:02:0f,18.5,63.8125,False,87.88235294117646,1142405.0
2026-04-28 23:50:01.275803,4f:bb:00:00:02:0f,18.4375,63.5625,False,87.88235294117646,1143667.0
2026-04-29 00:11:01.364502,4f:bb:00:00:02:0f,18.375,63.5,False,87.8529411764706,1144924.0
2026-04-29 00:32:01.441097,4f:bb:00:00:02:0f,18.25,63.5,False,87.88235294117646,1146187.0
2026-04-29 00:53:01.524955,4f:bb:00:00:02:0f,18.1875,63.4375,False,87.8529411764706,1147446.0
2026-04-29 01:14:01.553761,4f:bb:00:00:02:0f,18.125,63.4375,False,87.8529411764706,1148704.5
2026-04-29 01:35:01.667914,4f:bb:00:00:02:0f,18.0,63.375,False,87.8529411764706,1149968.0
2026-04-29 01:56:01.735525,4f:bb:00:00:02:0f,17.875,63.375,False,87.82352941176471,1151224.0
2026-04-29 02:17:01.778447,4f:bb:00:00:02:0f,17.8125,63.3125,False,87.8529411764706,1152484.0
2026-04-29 02:38:01.826134,4f:bb:00:00:02:0f,17.6875,63.25,False,87.82352941176471,1153748.0
2026-04-29 02:59:01.940035,4f:bb:00:00:02:0f,17.5625,63.0,False,87.82352941176471,1155006.0
2026-04-29 03:20:02.023561,4f:bb:00:00:02:0f,17.5,62.9375,False,87.82352941176471,1156266.5
2026-04-29 03:41:02.151601,4f:bb:00:00:02:0f,17.375,62.9375,False,87.82352941176471,1157524.5
2026-04-29 04:02:02.208248,4f:bb:00:00:02:0f,17.3125,62.875,False,87.79411764705883,1158785.0
2026-04-29 04:23:02.310260,4f:bb:00:00:02:0f,17.1875,62.8125,False,87.79411764705883,1160046.5
2026-04-29 04:44:02.365148,4f:bb:00:00:02:0f,17.0625,62.8125,False,87.79411764705883,1161305.0
2026-04-29 05:05:02.450076,4f:bb:00:00:02:0f,16.9375,62.75,False,87.76470588235294,1162567.0
2026-04-29 05:26:02.564621,4f:bb:00:00:02:0f,16.875,62.75,False,87.79411764705883,1163828.0
2026-04-29 05:47:02.615786,4f:bb:00:00:02:0f,16.75,62.4375,False,87.76470588235294,1165084.0
2026-04-29 06:08:02.731195,4f:bb:00:00:02:0f,16.6875,62.4375,False,87.76470588235294,1166346.0
2026-04-29 06:29:02.803988,4f:bb:00:00:02:0f,16.5625,62.375,False,87.79411764705883,1167605.0
2026-04-29 06:50:02.917851,4f:bb:00:00:02:0f,16.4375,62.375,False,87.77941176470588,1168865.5
2026-04-29 07:11:03.002092,4f:bb:00:00:02:0f,16.375,62.3125,False,87.79411764705883,1170126.0
2026-04-29 07:32:03.095094,4f:bb:00:00:02:0f,16.3125,62.3125,False,87.79411764705883,1171388.0
2026-04-29 07:53:03.124539,4f:bb:00:00:02:0f,16.25,62.25,False,87.80882352941177,1172647.0
2026-04-29 08:14:03.179066,4f:bb:00:00:02:0f,16.1875,62.25,False,87.82352941176471,1173910.0
2026-04-29 08:35:03.190356,4f:bb:00:00:02:0f,16.3125,62.3125,False,87.82352941176471,1175166.5
2026-04-29 08:56:03.238118,4f:bb:00:00:02:0f,16.5,62.375,False,87.79411764705883,1176427.0
2026-04-29 09:17:03.287422,4f:bb:00:00:02:0f,16.6875,62.375,False,87.76470588235294,1177686.5
2026-04-29 09:38:03.390326,4f:bb:00:00:02:0f,16.875,62.625,False,87.82352941176471,1178945.0
2026-04-29 09:59:03.501985,4f:bb:00:00:02:0f,17.0625,62.6875,False,87.82352941176471,1180208.0
2026-04-29 10:20:03.599125,4f:bb:00:00:02:0f,17.3125,62.6875,False,87.82352941176471,1181468.0
2026-04-29 10:41:03.694417,4f:bb:00:00:02:0f,17.5,62.6875,False,87.8529411764706,1182727.5
2026-04-29 11:02:03.791723,4f:bb:00:00:02:0f,17.6875,62.9375,False,87.8529411764706,1183988.5
2026-04-29 11:23:03.862988,4f:bb:00:00:02:0f,17.875,62.9375,False,87.8529411764706,1185251.0
2026-04-29 11:44:04.014915,4f:bb:00:00:02:0f,18.0625,62.9375,False,87.8529411764706,1186507.0
2026-04-29 12:05:04.094408,4f:bb:00:00:02:0f,18.25,62.9375,False,87.8529411764706,1187770.5
2026-04-29 12:26:04.181422,4f:bb:00:00:02:0f,18.4375,62.9375,False,87.88235294117646,1189030.0
2026-04-29 12:47:04.296389,4f:bb:00:00:02:0f,18.5625,63.1875,False,87.88235294117646,1190288.0
2026-04-29 13:08:04.414643,4f:bb:00:00:02:0f,18.6875,63.1875,False,87.88235294117646,1191551.0
2026-04-29 13:29:04.463018,4f:bb:00:00:02:0f,18.75,63.1875,False,87.88235294117646,1192810.0
2026-04-29 13:50:04.563107,4f:bb:00:00:02:0f,18.8125,63.125,False,87.86764705882354,1194067.5
2026-04-29 14:11:04.568668,4f:bb:00:00:02:0f,18.875,63.125,False,87.88235294117646,1195331.0
2026-04-29 14:32:04.651581,4f:bb:00:00:02:0f,18.875,63.125,False,87.88235294117646,1196588.0
2026-04-29 14:53:04.707495,4f:bb:00:00:02:0f,18.875,63.125,False,87.88235294117646,1197848.0
2026-04-29 15:14:04.717035,4f:bb:00:00:02:0f,18.9375,63.1875,False,87.91176470588235,1199110.0
2026-04-29 15:35:04.800757,4f:bb:00:00:02:0f,19.0,63.1875,False,87.88235294117646,1200367.5
2026-04-29 15:56:04.925913,4f:bb:00:00:02:0f,19.0,63.1875,False,87.88235294117646,1201628.0
2026-04-29 16:17:04.966240,4f:bb:00:00:02:0f,19.0625,63.1875,False,87.91176470588235,1202888.0
2026-04-29 16:38:04.967624,4f:bb:00:00:02:0f,19.125,63.1875,False,87.91176470588235,1204147.5
2026-04-29 16:59:04.975363,4f:bb:00:00:02:0f,19.125,63.1875,False,87.91176470588235,1205410.0
2026-04-29 17:20:05.070009,4f:bb:00:00:02:0f,19.125,63.1875,False,87.8970588235294,1206667.5
2026-04-29 17:41:05.135219,4f:bb:00:00:02:0f,19.125,63.1875,False,87.91176470588235,1207930.0
2026-04-29 18:02:05.159807,4f:bb:00:00:02:0f,19.1875,63.1875,False,87.91176470588235,1209188.0
2026-04-29 18:23:05.274403,4f:bb:00:00:02:0f,19.1875,63.1875,False,87.91176470588235,1210449.0
2026-04-29 18:44:05.335282,4f:bb:00:00:02:0f,19.1875,63.1875,False,87.94117647058823,1211710.5
2026-04-29 19:05:05.440670,4f:bb:00:00:02:0f,19.1875,63.1875,False,87.91176470588235,1212972.0
2026-04-29 19:26:05.467102,4f:bb:00:00:02:0f,19.125,63.125,False,87.94117647058823,1214230.0
2026-04-29 19:47:05.556795,4f:bb:00:00:02:0f,19.0625,63.125,False,87.94117647058823,1215491.0
2026-04-29 20:08:05.659806,4f:bb:00:00:02:0f,19.0,63.125,False,87.94117647058823,1216748.0
2026-04-29 20:29:05.705323,4f:bb:00:00:02:0f,18.9375,63.0625,False,87.94117647058823,1218011.0
2026-04-29 20:50:05.811221,4f:bb:00:00:02:0f,18.8125,63.0625,False,87.94117647058823,1219270.0
2026-04-29 21:11:05.865538,4f:bb:00:00:02:0f,18.75,63.0625,False,87.94117647058823,1220533.0
2026-04-29 21:32:05.907532,4f:bb:00:00:02:0f,18.625,63.0,False,87.97058823529412,1221791.0
2026-04-29 21:53:06.016158,4f:bb:00:00:02:0f,18.5,63.0,False,87.94117647058823,1223053.5
2026-04-29 22:14:06.098754,4f:bb:00:00:02:0f,18.375,62.75,False,87.94117647058823,1224310.5
2026-04-29 22:35:06.175226,4f:bb:00:00:02:0f,18.3125,62.6875,False,87.91176470588235,1225571.0
2026-04-29 22:56:06.286547,4f:bb:00:00:02:0f,18.1875,62.6875,False,87.97058823529412,1226831.0
2026-04-29 23:17:06.375066,4f:bb:00:00:02:0f,18.125,62.6875,False,87.94117647058823,1228090.0
2026-04-29 23:38:06.472243,4f:bb:00:00:02:0f,18.0,62.625,False,87.94117647058823,1229352.0
2026-04-29 23:59:06.478567,4f:bb:00:00:02:0f,17.9375,62.625,False,87.94117647058823,1230612.0
2026-04-30 00:20:06.562526,4f:bb:00:00:02:0f,17.8125,62.5625,False,87.91176470588235,1231871.0
2026-04-30 00:41:06.665671,4f:bb:00:00:02:0f,17.75,62.5625,False,87.91176470588235,1233133.0
2026-04-30 01:02:06.772270,4f:bb:00:00:02:0f,17.6875,62.5625,False,87.91176470588235,1234391.0
2026-04-30 01:23:06.797546,4f:bb:00:00:02:0f,17.5625,62.25,False,87.88235294117646,1235654.0
2026-04-30 01:44:06.901046,4f:bb:00:00:02:0f,17.5,62.25,False,87.91176470588235,1236910.0
2026-04-30 02:05:06.901318,4f:bb:00:00:02:0f,17.375,62.1875,False,87.88235294117646,1238174.0
2026-04-30 02:26:07.018616,4f:bb:00:00:02:0f,17.3125,62.1875,False,87.88235294117646,1239431.0
2026-04-30 02:47:07.108481,4f:bb:00:00:02:0f,17.25,62.125,False,87.88235294117646,1240693.0
2026-04-30 03:08:07.199987,4f:bb:00:00:02:0f,17.125,62.125,False,87.88235294117646,1241952.0
2026-04-30 03:29:07.275272,4f:bb:00:00:02:0f,17.0625,62.0625,False,87.86764705882354,1243213.5
2026-04-30 03:50:07.265285,4f:bb:00:00:02:0f,16.9375,62.0625,False,87.8529411764706,1244474.0
2026-04-30 04:11:07.356809,4f:bb:00:00:02:0f,16.875,62.0,False,87.86764705882354,1245730.0
2026-04-30 04:32:07.445449,4f:bb:00:00:02:0f,16.75,61.75,False,87.8529411764706,1246992.5
2026-04-30 04:53:07.488619,4f:bb:00:00:02:0f,16.6875,61.6875,False,87.82352941176471,1248254.0
2026-04-30 05:14:07.595702,4f:bb:00:00:02:0f,16.5625,61.6875,False,87.82352941176471,1249514.0
2026-04-30 05:35:07.672940,4f:bb:00:00:02:0f,16.5,61.625,False,87.8529411764706,1250773.0
2026-04-30 05:56:07.750830,4f:bb:00:00:02:0f,16.4375,61.625,False,87.8529411764706,1252031.0
2026-04-30 06:17:07.883132,4f:bb:00:00:02:0f,16.3125,61.5625,False,87.8529411764706,1253293.0
2026-04-30 06:38:07.974068,4f:bb:00:00:02:0f,16.1875,61.5625,False,87.8529411764706,1254551.0
2026-04-30 06:59:08.071440,4f:bb:00:00:02:0f,16.125,61.5,False,87.8529411764706,1255814.0
2026-04-30 07:20:08.157221,4f:bb:00:00:02:0f,16.0625,61.5,False,87.88235294117646,1257071.0
2026-04-30 07:41:08.245426,4f:bb:00:00:02:0f,16.0625,61.5,False,87.8529411764706,1258334.5
2026-04-30 08:02:08.372190,4f:bb:00:00:02:0f,16.0,61.5,False,87.88235294117646,1259594.0
2026-04-30 08:23:08.418095,4f:bb:00:00:02:0f,16.0625,61.5,False,87.88235294117646,1260854.0
2026-04-30 08:44:08.513770,4f:bb:00:00:02:0f,16.1875,61.5625,False,87.8970588235294,1262115.0
2026-04-30 09:05:08.536103,4f:bb:00:00:02:0f,16.375,61.5625,False,87.91176470588235,1263374.0
2026-04-30 09:26:08.642601,4f:bb:00:00:02:0f,16.5625,61.625,False,87.91176470588235,1264636.5
2026-04-30 09:47:08.716114,4f:bb:00:00:02:0f,16.8125,61.875,False,87.94117647058823,1265893.0
2026-04-30 10:08:08.729712,4f:bb:00:00:02:0f,17.0,61.875,False,87.94117647058823,1267155.0
2026-04-30 10:29:08.828044,4f:bb:00:00:02:0f,17.25,61.875,False,87.97058823529412,1268413.5
2026-04-30 10:50:08.957402,4f:bb:00:00:02:0f,17.4375,61.875,False,87.97058823529412,1269677.0
2026-04-30 11:11:09.056118,4f:bb:00:00:02:0f,17.6875,62.1875,False,87.97058823529412,1270937.0
2026-04-30 11:32:09.137587,4f:bb:00:00:02:0f,17.9375,62.1875,False,87.97058823529412,1272194.0
2026-04-30 11:53:09.184560,4f:bb:00:00:02:0f,18.125,62.1875,False,88.0,1273455.0
2026-04-30 12:14:09.236864,4f:bb:00:00:02:0f,18.375,62.1875,False,88.0,1274713.5
2026-04-30 12:35:09.324433,4f:bb:00:00:02:0f,18.5625,62.4375,False,88.0,1275975.0
2026-04-30 12:56:09.385210,4f:bb:00:00:02:0f,18.75,62.4375,False,88.02941176470588,1277236.0
2026-04-30 13:17:09.433067,4f:bb:00:00:02:0f,18.875,62.4375,False,88.02941176470588,1278493.0
2026-04-30 13:38:09.484750,4f:bb:00:00:02:0f,18.9375,62.4375,False,88.05882352941177,1279757.0
2026-04-30 13:59:09.599358,4f:bb:00:00:02:0f,19.0,62.4375,False,88.05882352941177,1281014.0
2026-04-30 14:20:09.687903,4f:bb:00:00:02:0f,19.0625,62.4375,False,88.08823529411765,1282274.0
2026-04-30 14:41:09.753707,4f:bb:00:00:02:0f,19.125,62.4375,False,88.08823529411765,1283536.5
2026-04-30 15:02:09.781442,4f:bb:00:00:02:0f,19.1875,62.5,False,88.11764705882354,1284796.0
2026-04-30 15:23:09.877307,4f:bb:00:00:02:0f,19.25,62.5,False,88.11764705882354,1286054.0
2026-04-30 15:44:09.959208,4f:bb:00:00:02:0f,19.375,62.75,False,88.1470588235294,1287318.0
2026-04-30 16:05:09.996529,4f:bb:00:00:02:0f,19.4375,62.75,False,88.11764705882354,1288575.0
2026-04-30 16:26:10.002861,4f:bb:00:00:02:0f,19.5,62.8125,False,88.1470588235294,1289840.0
2026-04-30 16:47:10.087460,4f:bb:00:00:02:0f,19.5625,62.8125,False,88.1470588235294,1291096.0
2026-04-30 17:08:10.192245,4f:bb:00:00:02:0f,19.625,62.8125,False,88.1470588235294,1292356.0
2026-04-30 17:29:10.289218,4f:bb:00:00:02:0f,19.625,62.8125,False,88.1470588235294,1293618.0
2026-04-30 17:50:10.333449,4f:bb:00:00:02:0f,19.6875,62.8125,False,88.17647058823529,1294876.5
2026-04-30 18:11:10.402454,4f:bb:00:00:02:0f,19.75,62.8125,False,88.17647058823529,1296136.5
2026-04-30 18:32:10.429385,4f:bb:00:00:02:0f,19.75,62.8125,False,88.17647058823529,1297397.5
2026-04-30 18:53:10.541480,4f:bb:00:00:02:0f,19.8125,62.8125,False,88.20588235294117,1298658.5
2026-04-30 19:14:10.585969,4f:bb:00:00:02:0f,19.8125,62.8125,False,88.20588235294117,1299915.0
2026-04-30 19:35:10.705587,4f:bb:00:00:02:0f,19.8125,62.8125,False,88.23529411764706,1301177.0
2026-04-30 19:56:10.790548,4f:bb:00:00:02:0f,19.75,62.8125,False,88.20588235294117,1302439.5
2026-04-30 20:17:10.885691,4f:bb:00:00:02:0f,19.75,62.8125,False,88.23529411764706,1303699.0
2026-04-30 20:38:10.930844,4f:bb:00:00:02:0f,19.6875,62.8125,False,88.20588235294117,1304958.0
2026-04-30 20:59:11.022086,4f:bb:00:00:02:0f,19.625,62.75,False,88.23529411764706,1306222.0
2026-04-30 21:20:11.094739,4f:bb:00:00:02:0f,19.5,62.75,False,88.23529411764706,1307479.0
2026-04-30 21:41:11.177380,4f:bb:00:00:02:0f,19.4375,62.75,False,88.23529411764706,1308737.0
2026-04-30 22:02:11.283923,4f:bb:00:00:02:0f,19.375,62.75,False,88.23529411764706,1309999.0
2026-04-30 22:23:11.386111,4f:bb:00:00:02:0f,19.25,62.4375,False,88.23529411764706,1311258.0
2026-04-30 22:44:11.503544,4f:bb:00:00:02:0f,19.1875,62.4375,False,88.23529411764706,1312516.0
2026-04-30 23:05:11.496390,4f:bb:00:00:02:0f,19.125,62.4375,False,88.23529411764706,1313779.0
2026-04-30 23:26:11.596062,4f:bb:00:00:02:0f,19.0,62.375,False,88.20588235294117,1315039.0
2026-04-30 23:47:11.723571,4f:bb:00:00:02:0f,18.875,62.375,False,88.20588235294117,1316299.0
2026-05-01 00:08:11.736551,4f:bb:00:00:02:0f,18.8125,62.3125,False,88.20588235294117,1317558.0
2026-05-01 00:29:11.851104,4f:bb:00:00:02:0f,18.75,62.3125,False,88.20588235294117,1318820.0
2026-05-01 00:50:11.955401,4f:bb:00:00:02:0f,18.625,62.3125,False,88.20588235294117,1320077.0
2026-05-01 01:11:11.970928,4f:bb:00:00:02:0f,18.5,62.25,False,88.20588235294117,1321336.5
2026-05-01 01:32:11.988853,4f:bb:00:00:02:0f,18.4375,62.0,False,88.17647058823529,1322600.0
2026-05-01 01:53:11.993761,4f:bb:00:00:02:0f,18.375,62.0,False,88.17647058823529,1323859.0
2026-05-01 02:14:12.086002,4f:bb:00:00:02:0f,18.25,61.9375,False,88.17647058823529,1325117.0
2026-05-01 02:35:12.188928,4f:bb:00:00:02:0f,18.125,61.9375,False,88.20588235294117,1326379.0
2026-05-01 02:56:12.298574,4f:bb:00:00:02:0f,18.0625,61.875,False,88.17647058823529,1327640.0
2026-05-01 03:17:12.389423,4f:bb:00:00:02:0f,17.9375,61.8125,False,88.17647058823529,1328897.0
2026-05-01 03:38:12.493147,4f:bb:00:00:02:0f,17.8125,61.8125,False,88.17647058823529,1330160.0
2026-05-01 03:59:12.601876,4f:bb:00:00:02:0f,17.75,61.75,False,88.1470588235294,1331420.0
2026-05-01 04:20:12.690028,4f:bb:00:00:02:0f,17.625,61.5,False,88.1470588235294,1332680.0
2026-05-01 04:41:12.716527,4f:bb:00:00:02:0f,17.5,61.4375,False,88.1470588235294,1333940.0
2026-05-01 05:02:12.769152,4f:bb:00:00:02:0f,17.4375,61.4375,False,88.1470588235294,1335200.0
2026-05-01 05:23:12.866240,4f:bb:00:00:02:0f,17.3125,61.375,False,88.1470588235294,1336460.0
2026-05-01 05:44:12.967303,4f:bb:00:00:02:0f,17.1875,61.3125,False,88.11764705882354,1337722.0
2026-05-01 06:05:13.046064,4f:bb:00:00:02:0f,17.125,61.3125,False,88.11764705882354,1338979.0
2026-05-01 06:26:13.150260,4f:bb:00:00:02:0f,17.0,61.25,False,88.08823529411765,1340242.0
2026-05-01 06:47:13.217812,4f:bb:00:00:02:0f,16.9375,61.25,False,88.11764705882354,1341499.5
2026-05-01 07:08:13.332683,4f:bb:00:00:02:0f,16.8125,61.1875,False,88.08823529411765,1342760.0
2026-05-01 07:29:13.341894,4f:bb:00:00:02:0f,16.75,60.9375,False,88.08823529411765,1344021.0
2026-05-01 07:50:13.446435,4f:bb:00:00:02:0f,16.6875,60.9375,False,88.08823529411765,1345279.5
2026-05-01 08:11:13.536448,4f:bb:00:00:02:0f,16.6875,60.9375,False,88.08823529411765,1346543.0
2026-05-01 08:32:13.610860,4f:bb:00:00:02:0f,16.75,60.9375,False,88.05882352941177,1347800.0
2026-05-01 08:53:13.655617,4f:bb:00:00:02:0f,16.9375,61.25,False,88.05882352941177,1349062.0
2026-05-01 09:14:13.773540,4f:bb:00:00:02:0f,17.125,61.3125,False,88.05882352941177,1350321.0
2026-05-01 09:35:13.856669,4f:bb:00:00:02:0f,17.375,61.3125,False,88.05882352941177,1351583.0
2026-05-01 09:55:27.730317,4f:bb:00:00:02:0f,17.5625,61.3125,False,88.08823529411765,1352793.0
2026-05-01 10:14:49.033917,4f:bb:00:00:02:0f,17.8125,61.5625,False,88.08823529411765,1353955.5
2026-05-01 10:35:49.109495,4f:bb:00:00:02:0f,18.0,61.5625,False,88.08823529411765,1355219.0
2026-05-01 10:56:49.244015,4f:bb:00:00:02:0f,18.25,61.5625,False,88.08823529411765,1356475.0
2026-05-01 11:17:49.313510,4f:bb:00:00:02:0f,18.5,61.625,False,88.08823529411765,1357738.0
2026-05-01 11:38:49.300904,4f:bb:00:00:02:0f,18.75,61.875,False,88.11764705882354,1358995.5
2026-05-01 11:59:49.377805,4f:bb:00:00:02:0f,19.0,61.875,False,88.11764705882354,1360256.0
2026-05-01 12:20:49.409757,4f:bb:00:00:02:0f,19.1875,61.9375,False,88.1470588235294,1361519.0
2026-05-01 12:41:49.449583,4f:bb:00:00:02:0f,19.375,62.125,False,88.17647058823529,1362780.0
2026-05-01 13:02:49.552067,4f:bb:00:00:02:0f,19.5625,62.1875,False,88.17647058823529,1364037.0
2026-05-01 13:23:49.656453,4f:bb:00:00:02:0f,19.6875,62.1875,False,88.17647058823529,1365298.5
2026-05-01 13:44:49.709551,4f:bb:00:00:02:0f,19.8125,62.1875,False,88.17647058823529,1366556.0
2026-05-01 14:05:49.782203,4f:bb:00:00:02:0f,19.9375,62.1875,False,88.17647058823529,1367819.0
2026-05-01 14:26:49.908690,4f:bb:00:00:02:0f,20.0625,62.1875,False,88.20588235294117,1369077.5
2026-05-01 14:47:49.993525,4f:bb:00:00:02:0f,20.125,62.25,False,88.20588235294117,1370337.5
2026-05-01 15:08:50.073919,4f:bb:00:00:02:0f,20.25,62.5,False,88.23529411764706,1371598.5
2026-05-01 15:29:50.149238,4f:bb:00:00:02:0f,20.375,62.5,False,88.23529411764706,1372856.5
2026-05-01 15:50:50.198073,4f:bb:00:00:02:0f,20.5,62.5625,False,88.26470588235294,1374118.0
2026-05-01 16:11:50.278538,4f:bb:00:00:02:0f,20.625,62.5625,False,88.26470588235294,1375378.5
2026-05-01 16:32:50.292643,4f:bb:00:00:02:0f,20.75,62.625,False,88.26470588235294,1376638.0
2026-05-01 16:53:50.369965,4f:bb:00:00:02:0f,20.9375,62.625,False,88.29411764705883,1377899.0
2026-05-01 17:14:50.457781,4f:bb:00:00:02:0f,21.0625,62.9375,False,88.32352941176471,1379158.0
2026-05-01 17:35:50.572138,4f:bb:00:00:02:0f,21.1875,62.9375,False,88.32352941176471,1380419.0
2026-05-01 17:56:50.661485,4f:bb:00:00:02:0f,21.3125,63.0,False,88.32352941176471,1381678.5
2026-05-01 18:17:50.676291,4f:bb:00:00:02:0f,21.4375,63.0,False,88.32352941176471,1382937.0
2026-05-01 18:38:50.703357,4f:bb:00:00:02:0f,21.5625,63.0,False,88.3529411764706,1384200.0
2026-05-01 18:59:50.775540,4f:bb:00:00:02:0f,21.625,63.03125,False,88.38235294117646,1385461.5
2026-05-01 19:20:50.887855,4f:bb:00:00:02:0f,21.6875,63.0625,False,88.38235294117646,1386721.0
2026-05-01 19:41:50.982386,4f:bb:00:00:02:0f,21.75,63.0625,False,88.38235294117646,1387980.0
2026-05-01 20:02:51.074952,4f:bb:00:00:02:0f,21.75,63.0625,False,88.38235294117646,1389238.5
2026-05-01 20:23:51.146500,4f:bb:00:00:02:0f,21.8125,63.0625,False,88.41176470588235,1390501.5
2026-05-01 20:44:51.256643,4f:bb:00:00:02:0f,21.8125,63.0625,False,88.41176470588235,1391759.0
2026-05-01 21:05:51.345807,4f:bb:00:00:02:0f,21.75,63.0625,False,88.38235294117646,1393019.0
2026-05-01 21:26:51.449334,4f:bb:00:00:02:0f,21.75,63.0625,False,88.41176470588235,1394280.0
2026-05-01 21:47:51.531704,4f:bb:00:00:02:0f,21.6875,63.0625,False,88.41176470588235,1395542.0
2026-05-01 22:08:51.657572,4f:bb:00:00:02:0f,21.6875,63.0625,False,88.44117647058823,1396801.0
2026-05-01 22:29:51.661820,4f:bb:00:00:02:0f,21.625,63.0,False,88.41176470588235,1398061.0
2026-05-01 22:50:51.747429,4f:bb:00:00:02:0f,21.5625,63.0,False,88.42647058823529,1399321.5
2026-05-01 23:11:51.849647,4f:bb:00:00:02:0f,21.5625,63.0,False,88.47058823529412,1400581.0
2026-05-01 23:32:51.861916,4f:bb:00:00:02:0f,21.5,63.0,False,88.47058823529412,1401839.0
2026-05-01 23:53:51.866928,4f:bb:00:00:02:0f,21.4375,63.0,False,88.47058823529412,1403101.0
2026-05-02 00:14:51.981938,4f:bb:00:00:02:0f,21.375,63.0,False,88.47058823529412,1404362.0
2026-05-02 00:35:52.093794,4f:bb:00:00:02:0f,21.3125,63.0,False,88.47058823529412,1405622.0
2026-05-02 00:56:52.175615,4f:bb:00:00:02:0f,21.3125,63.0,False,88.47058823529412,1406880.0
2026-05-02 01:17:52.284835,4f:bb:00:00:02:0f,21.25,63.0,False,88.44117647058823,1408140.0
2026-05-02 01:38:52.350916,4f:bb:00:00:02:0f,21.1875,62.9375,False,88.44117647058823,1409404.0
2026-05-02 01:59:52.417445,4f:bb:00:00:02:0f,21.125,62.9375,False,88.47058823529412,1410662.0
2026-05-02 02:20:52.429279,4f:bb:00:00:02:0f,21.0625,62.9375,False,88.47058823529412,1411922.0
2026-05-02 02:41:52.499996,4f:bb:00:00:02:0f,21.0625,62.9375,False,88.44117647058823,1413181.0
2026-05-02 03:02:52.508084,4f:bb:00:00:02:0f,21.0,62.6875,False,88.44117647058823,1414442.0
2026-05-02 03:23:52.585449,4f:bb:00:00:02:0f,20.9375,62.625,False,88.47058823529412,1415704.5
2026-05-02 03:44:52.664113,4f:bb:00:00:02:0f,20.8125,62.625,False,88.44117647058823,1416961.5
2026-05-02 04:05:52.757459,4f:bb:00:00:02:0f,20.8125,62.5625,False,88.47058823529412,1418224.0
2026-05-02 04:26:52.861504,4f:bb:00:00:02:0f,20.6875,62.5625,False,88.44117647058823,1419481.0
2026-05-02 04:47:52.953538,4f:bb:00:00:02:0f,20.625,62.5625,False,88.44117647058823,1420745.0
2026-05-02 05:08:53.043363,4f:bb:00:00:02:0f,20.5,62.5,False,88.44117647058823,1422004.0
2026-05-02 05:29:53.160336,4f:bb:00:00:02:0f,20.4375,62.5,False,88.44117647058823,1423264.5
2026-05-02 05:50:53.206810,4f:bb:00:00:02:0f,20.3125,62.4375,False,88.44117647058823,1424523.0
2026-05-02 06:11:53.321657,4f:bb:00:00:02:0f,20.25,62.4375,False,88.44117647058823,1425782.0
2026-05-02 06:32:53.327923,4f:bb:00:00:02:0f,20.125,62.125,False,88.41176470588235,1427041.0
2026-05-02 06:53:53.348027,4f:bb:00:00:02:0f,20.0625,62.125,False,88.41176470588235,1428304.0
2026-05-02 07:14:53.460164,4f:bb:00:00:02:0f,19.9375,62.0625,False,88.44117647058823,1429562.0
2026-05-02 07:35:53.544693,4f:bb:00:00:02:0f,19.875,62.0625,False,88.41176470588235,1430822.0
2026-05-02 07:56:53.636141,4f:bb:00:00:02:0f,19.8125,62.0625,False,88.41176470588235,1432083.0
2026-05-02 08:17:53.671870,4f:bb:00:00:02:0f,19.75,62.0,False,88.41176470588235,1433345.0
2026-05-02 08:38:53.817642,4f:bb:00:00:02:0f,19.75,62.0,False,88.38235294117646,1434601.0
2026-05-02 08:59:53.864489,4f:bb:00:00:02:0f,19.75,62.0625,False,88.38235294117646,1435867.0
2026-05-02 09:20:53.969273,4f:bb:00:00:02:0f,19.8125,62.0625,False,88.38235294117646,1437123.0
2026-05-02 09:41:53.954297,4f:bb:00:00:02:0f,19.875,62.0625,False,88.38235294117646,1438384.0
2026-05-02 10:02:53.975279,4f:bb:00:00:02:0f,20.0625,62.0625,False,88.38235294117646,1439645.0
2026-05-02 10:23:54.050996,4f:bb:00:00:02:0f,20.1875,62.125,False,88.38235294117646,1440904.0
2026-05-02 10:44:54.151577,4f:bb:00:00:02:0f,20.375,62.375,False,88.38235294117646,1442166.0
2026-05-02 11:05:54.268460,4f:bb:00:00:02:0f,20.5,62.375,False,88.41176470588235,1443424.0
2026-05-02 11:26:54.267015,4f:bb:00:00:02:0f,20.6875,62.375,False,88.41176470588235,1444685.0
2026-05-02 11:47:54.332188,4f:bb:00:00:02:0f,20.9375,62.375,False,88.41176470588235,1445945.0
2026-05-02 12:08:54.348240,4f:bb:00:00:02:0f,21.125,62.625,False,88.44117647058823,1447205.0
2026-05-02 12:29:54.377357,4f:bb:00:00:02:0f,21.3125,62.625,False,88.44117647058823,1448462.0
2026-05-02 12:50:54.455333,4f:bb:00:00:02:0f,21.4375,62.625,False,88.44117647058823,1449725.0
2026-05-02 13:11:54.583746,4f:bb:00:00:02:0f,21.5625,62.625,False,88.44117647058823,1450986.0
2026-05-02 13:32:54.668190,4f:bb:00:00:02:0f,21.625,62.625,False,88.44117647058823,1452241.0
2026-05-02 13:53:54.771097,4f:bb:00:00:02:0f,21.6875,62.625,False,88.47058823529412,1453505.0
2026-05-02 14:14:54.873432,4f:bb:00:00:02:0f,21.8125,62.625,False,88.5,1454767.0
2026-05-02 14:35:54.953027,4f:bb:00:00:02:0f,21.875,62.625,False,88.5,1456025.0
2026-05-02 14:56:55.028148,4f:bb:00:00:02:0f,21.9375,62.875,False,88.47058823529412,1457286.0
2026-05-02 15:17:55.062019,4f:bb:00:00:02:0f,22.0625,62.875,False,88.47058823529412,1458547.0
2026-05-02 15:38:55.171413,4f:bb:00:00:02:0f,22.125,62.9375,False,88.5,1459804.0
2026-05-02 15:59:55.198693,4f:bb:00:00:02:0f,22.25,62.9375,False,88.5,1461064.0
2026-05-02 16:20:55.290443,4f:bb:00:00:02:0f,22.375,63.0,False,88.5,1462328.0
2026-05-02 16:41:55.351761,4f:bb:00:00:02:0f,22.5,63.0,False,88.5,1463585.0
2026-05-02 17:02:55.368752,4f:bb:00:00:02:0f,22.5625,63.0,False,88.5,1464847.5
2026-05-02 17:23:55.446020,4f:bb:00:00:02:0f,22.625,63.0,False,88.55882352941177,1466106.0
2026-05-02 17:44:55.549116,4f:bb:00:00:02:0f,22.6875,63.0,False,88.55882352941177,1467366.0
2026-05-02 18:05:55.652675,4f:bb:00:00:02:0f,22.6875,63.0,False,88.52941176470588,1468627.0
2026-05-02 18:26:55.760690,4f:bb:00:00:02:0f,22.6875,63.0,False,88.55882352941177,1469884.0
2026-05-02 18:47:55.846844,4f:bb:00:00:02:0f,22.6875,63.0,False,88.55882352941177,1471145.5
2026-05-02 19:08:55.960325,4f:bb:00:00:02:0f,22.6875,63.0,False,88.55882352941177,1472409.0
2026-05-02 19:29:56.006618,4f:bb:00:00:02:0f,22.625,63.0,False,88.58823529411765,1473667.5
2026-05-02 19:50:56.066908,4f:bb:00:00:02:0f,22.5625,63.0,False,88.55882352941177,1474927.5
2026-05-02 20:11:56.090567,4f:bb:00:00:02:0f,22.5,63.0,False,88.55882352941177,1476184.5
2026-05-02 20:32:56.209291,4f:bb:00:00:02:0f,22.4375,62.9375,False,88.58823529411765,1477449.0
2026-05-02 20:53:56.263844,4f:bb:00:00:02:0f,22.375,62.9375,False,88.58823529411765,1478707.5
2026-05-02 21:14:56.306697,4f:bb:00:00:02:0f,22.3125,62.9375,False,88.55882352941177,1479968.0
2026-05-02 21:35:56.412166,4f:bb:00:00:02:0f,22.25,62.9375,False,88.55882352941177,1481228.0
2026-05-02 21:56:56.494136,4f:bb:00:00:02:0f,22.1875,62.9375,False,88.55882352941177,1482487.0
2026-05-02 22:17:56.559070,4f:bb:00:00:02:0f,22.125,62.875,False,88.55882352941177,1483747.5
2026-05-02 22:38:56.660339,4f:bb:00:00:02:0f,22.0,62.875,False,88.55882352941177,1485008.0
2026-05-02 22:59:56.759040,4f:bb:00:00:02:0f,21.9375,62.875,False,88.55882352941177,1486267.0
2026-05-02 23:20:56.804780,4f:bb:00:00:02:0f,21.8125,62.625,False,88.55882352941177,1487530.0
2026-05-02 23:41:56.879576,4f:bb:00:00:02:0f,21.75,62.5625,False,88.55882352941177,1488788.0
2026-05-03 00:02:56.974686,4f:bb:00:00:02:0f,21.6875,62.5625,False,88.55882352941177,1490047.0
2026-05-03 00:23:57.057229,4f:bb:00:00:02:0f,21.5625,62.5,False,88.57352941176471,1491309.0
2026-05-03 00:44:57.158710,4f:bb:00:00:02:0f,21.4375,62.5,False,88.52941176470588,1492571.0
2026-05-03 01:05:57.271803,4f:bb:00:00:02:0f,21.375,62.4375,False,88.55882352941177,1493829.0
2026-05-03 01:26:57.352424,4f:bb:00:00:02:0f,21.3125,62.4375,False,88.52941176470588,1495090.5
2026-05-03 01:47:57.397841,4f:bb:00:00:02:0f,21.1875,62.4375,False,88.52941176470588,1496350.0
2026-05-03 02:08:57.492990,4f:bb:00:00:02:0f,21.125,62.375,False,88.52941176470588,1497608.0
2026-05-03 02:29:57.586566,4f:bb:00:00:02:0f,21.0,62.125,False,88.52941176470588,1498870.0
2026-05-03 02:50:57.663896,4f:bb:00:00:02:0f,20.9375,62.0625,False,88.52941176470588,1500127.5
2026-05-03 03:11:57.776865,4f:bb:00:00:02:0f,20.8125,62.0625,False,88.52941176470588,1501388.0
2026-05-03 03:32:57.816553,4f:bb:00:00:02:0f,20.75,62.0,False,88.5,1502650.0
2026-05-03 03:53:57.859285,4f:bb:00:00:02:0f,20.6875,62.0,False,88.5,1503907.5
2026-05-03 04:14:57.889383,4f:bb:00:00:02:0f,20.5625,62.0,False,88.5,1505167.0
2026-05-03 04:35:57.969605,4f:bb:00:00:02:0f,20.5,61.9375,False,88.5,1506430.5
2026-05-03 04:56:58.058984,4f:bb:00:00:02:0f,20.375,61.875,False,88.47058823529412,1507693.0
2026-05-03 05:17:58.092804,4f:bb:00:00:02:0f,20.3125,61.875,False,88.47058823529412,1508949.0
2026-05-03 05:38:58.151288,4f:bb:00:00:02:0f,20.1875,61.875,False,88.47058823529412,1510210.0
2026-05-03 05:59:58.261421,4f:bb:00:00:02:0f,20.125,61.5625,False,88.45588235294117,1511470.5
2026-05-03 06:20:58.341438,4f:bb:00:00:02:0f,20.0625,61.5625,False,88.44117647058823,1512730.5
2026-05-03 06:41:58.424830,4f:bb:00:00:02:0f,19.9375,61.5,False,88.44117647058823,1513991.0
2026-05-03 07:02:58.504350,4f:bb:00:00:02:0f,19.875,61.5,False,88.44117647058823,1515251.0
2026-05-03 07:23:58.604206,4f:bb:00:00:02:0f,19.75,61.5,False,88.41176470588235,1516510.5
2026-05-03 07:44:58.721296,4f:bb:00:00:02:0f,19.75,61.4375,False,88.41176470588235,1517771.0
2026-05-03 08:05:58.817076,4f:bb:00:00:02:0f,19.6875,61.4375,False,88.41176470588235,1519033.5
2026-05-03 08:26:58.833823,4f:bb:00:00:02:0f,19.625,61.4375,False,88.41176470588235,1520291.0
2026-05-03 08:47:58.897673,4f:bb:00:00:02:0f,19.625,61.4375,False,88.41176470588235,1521553.0
2026-05-03 09:08:58.975693,4f:bb:00:00:02:0f,19.75,61.5,False,88.41176470588235,1522810.5
2026-05-03 09:29:59.078391,4f:bb:00:00:02:0f,19.875,61.5,False,88.3529411764706,1524072.0
2026-05-03 09:50:59.170951,4f:bb:00:00:02:0f,19.9375,61.5,False,88.38235294117646,1525330.5
2026-05-03 10:11:59.230336,4f:bb:00:00:02:0f,19.9375,61.5,False,88.38235294117646,1526591.0
2026-05-03 10:32:59.340544,4f:bb:00:00:02:0f,20.0,61.5,False,88.38235294117646,1527853.0
2026-05-03 10:53:59.405198,4f:bb:00:00:02:0f,20.0,61.5,False,88.38235294117646,1529111.0
2026-05-03 11:14:59.475166,4f:bb:00:00:02:0f,20.0625,61.5,False,88.38235294117646,1530372.0
2026-05-03 11:35:59.563187,4f:bb:00:00:02:0f,20.125,61.5,False,88.41176470588235,1531633.5
2026-05-03 11:56:59.648423,4f:bb:00:00:02:0f,20.25,61.75,False,88.41176470588235,1532890.5
2026-05-03 12:17:59.671732,4f:bb:00:00:02:0f,20.3125,61.75,False,88.38235294117646,1534151.0
2026-05-03 12:38:59.718161,4f:bb:00:00:02:0f,20.4375,61.75,False,88.41176470588235,1535413.0
2026-05-03 12:59:59.834247,4f:bb:00:00:02:0f,20.5,61.75,False,88.41176470588235,1536672.0
2026-05-03 13:20:59.924809,4f:bb:00:00:02:0f,20.5625,61.75,False,88.41176470588235,1537930.0
2026-05-03 13:42:00.031950,4f:bb:00:00:02:0f,20.625,61.75,False,88.41176470588235,1539194.0
2026-05-03 14:03:00.126822,4f:bb:00:00:02:0f,20.6875,61.8125,False,88.38235294117646,1540450.5
2026-05-03 14:24:00.244716,4f:bb:00:00:02:0f,20.8125,61.8125,False,88.41176470588235,1541711.0
2026-05-03 14:45:00.331515,4f:bb:00:00:02:0f,20.875,61.8125,False,88.38235294117646,1542976.0
2026-05-03 15:06:00.420976,4f:bb:00:00:02:0f,20.9375,61.8125,False,88.41176470588235,1544230.5
2026-05-03 15:27:00.453556,4f:bb:00:00:02:0f,21.0625,61.875,False,88.41176470588235,1545494.0
2026-05-03 15:48:00.559825,4f:bb:00:00:02:0f,21.125,62.125,False,88.41176470588235,1546754.5
2026-05-03 16:09:00.652894,4f:bb:00:00:02:0f,21.1875,62.125,False,88.38235294117646,1548012.0
2026-05-03 16:30:00.664793,4f:bb:00:00:02:0f,21.3125,62.125,False,88.38235294117646,1549273.0
2026-05-03 16:51:00.771410,4f:bb:00:00:02:0f,21.375,62.125,False,88.41176470588235,1550536.0
2026-05-03 17:12:00.854827,4f:bb:00:00:02:0f,21.5,62.1875,False,88.3529411764706,1551793.0
2026-05-03 17:33:00.950231,4f:bb:00:00:02:0f,21.5625,62.1875,False,88.3529411764706,1553053.0
2026-05-03 17:54:01.055190,4f:bb:00:00:02:0f,21.6875,62.25,False,88.38235294117646,1554313.0
2026-05-03 18:15:01.164026,4f:bb:00:00:02:0f,21.75,62.25,False,88.38235294117646,1555574.0
2026-05-03 18:36:01.257192,4f:bb:00:00:02:0f,21.8125,62.25,False,88.38235294117646,1556835.0
2026-05-03 18:57:01.303693,4f:bb:00:00:02:0f,21.875,62.25,False,88.3529411764706,1558094.0
2026-05-03 19:18:01.368491,4f:bb:00:00:02:0f,21.9375,62.5,False,88.38235294117646,1559354.0
2026-05-03 19:39:01.480802,4f:bb:00:00:02:0f,21.9375,62.5,False,88.3529411764706,1560615.5
2026-05-03 20:00:01.532759,4f:bb:00:00:02:0f,21.9375,62.5,False,88.32352941176471,1561876.5
2026-05-03 20:21:01.628986,4f:bb:00:00:02:0f,21.9375,62.5,False,88.3529411764706,1563136.0
2026-05-03 20:42:01.673449,4f:bb:00:00:02:0f,21.875,62.25,False,88.32352941176471,1564396.5
2026-05-03 21:03:01.785301,4f:bb:00:00:02:0f,21.875,62.25,False,88.3529411764706,1565654.0
2026-05-03 21:24:01.881978,4f:bb:00:00:02:0f,21.8125,62.25,False,88.32352941176471,1566913.5
2026-05-03 21:45:01.916791,4f:bb:00:00:02:0f,21.75,62.25,False,88.32352941176471,1568176.0
2026-05-03 22:06:02.010297,4f:bb:00:00:02:0f,21.6875,62.25,False,88.3529411764706,1569436.0
2026-05-03 22:27:02.092000,4f:bb:00:00:02:0f,21.625,62.25,False,88.3529411764706,1570695.0
2026-05-03 22:48:02.100326,4f:bb:00:00:02:0f,21.5625,62.1875,False,88.32352941176471,1571953.0
2026-05-03 23:09:02.200630,4f:bb:00:00:02:0f,21.4375,62.1875,False,88.3529411764706,1573216.5
2026-05-03 23:30:02.307905,4f:bb:00:00:02:0f,21.375,62.125,False,88.3529411764706,1574478.0
2026-05-03 23:51:02.339171,4f:bb:00:00:02:0f,21.3125,62.125,False,88.32352941176471,1575733.0
2026-05-04 00:12:02.342047,4f:bb:00:00:02:0f,21.25,62.125,False,88.33823529411765,1576996.5
2026-05-04 00:33:02.410654,4f:bb:00:00:02:0f,21.1875,62.0625,False,88.32352941176471,1578259.0
2026-05-04 00:54:02.450123,4f:bb:00:00:02:0f,21.0625,62.0625,False,88.32352941176471,1579513.5
2026-05-04 01:15:02.547694,4f:bb:00:00:02:0f,21.0,61.8125,False,88.29411764705883,1580772.0
2026-05-04 01:36:02.640647,4f:bb:00:00:02:0f,20.875,61.78125,False,88.32352941176471,1582032.0
2026-05-04 01:57:02.750236,4f:bb:00:00:02:0f,20.8125,61.75,False,88.32352941176471,1583299.0
2026-05-04 02:18:02.816105,4f:bb:00:00:02:0f,20.6875,61.75,False,88.29411764705883,1584556.0
2026-05-04 02:39:02.894429,4f:bb:00:00:02:0f,20.625,61.6875,False,88.29411764705883,1585817.0
2026-05-04 03:00:03.008737,4f:bb:00:00:02:0f,20.5625,61.6875,False,88.29411764705883,1587078.0
2026-05-04 03:21:03.067211,4f:bb:00:00:02:0f,20.4375,61.625,False,88.27941176470588,1588338.0
2026-05-04 03:42:03.128042,4f:bb:00:00:02:0f,20.375,61.625,False,88.29411764705883,1589598.0
2026-05-04 04:03:03.136866,4f:bb:00:00:02:0f,20.25,61.625,False,88.29411764705883,1590856.5
2026-05-04 04:24:03.193767,4f:bb:00:00:02:0f,20.1875,61.3125,False,88.29411764705883,1592118.0
2026-05-04 04:45:03.320198,4f:bb:00:00:02:0f,20.0625,61.3125,False,88.29411764705883,1593376.5
2026-05-04 05:06:03.365027,4f:bb:00:00:02:0f,20.0,61.25,False,88.26470588235294,1594639.5
2026-05-04 05:27:03.425338,4f:bb:00:00:02:0f,19.875,61.25,False,88.23529411764706,1595897.0
2026-05-04 05:48:03.499602,4f:bb:00:00:02:0f,19.8125,61.1875,False,88.26470588235294,1597159.0
2026-05-04 06:09:03.561119,4f:bb:00:00:02:0f,19.75,61.1875,False,88.23529411764706,1598416.0
2026-05-04 06:30:03.658071,4f:bb:00:00:02:0f,19.6875,61.1875,False,88.23529411764706,1599678.0
2026-05-04 06:51:03.737404,4f:bb:00:00:02:0f,19.5625,61.125,False,88.20588235294117,1600939.0
2026-05-04 07:12:03.835280,4f:bb:00:00:02:0f,19.5,61.125,False,88.20588235294117,1602197.0
2026-05-04 07:33:03.911494,4f:bb:00:00:02:0f,19.4375,61.0625,False,88.23529411764706,1603460.0
2026-05-04 07:54:03.951157,4f:bb:00:00:02:0f,19.375,61.0625,False,88.19117647058823,1604721.0
2026-05-04 08:15:04.049106,4f:bb:00:00:02:0f,19.25,60.8125,False,88.1470588235294,1605976.5
2026-05-04 08:36:04.122291,4f:bb:00:00:02:0f,19.1875,60.75,False,88.17647058823529,1607237.0
2026-05-04 08:57:04.222251,4f:bb:00:00:02:0f,19.125,60.75,False,88.17647058823529,1608499.0
2026-05-04 09:18:04.327105,4f:bb:00:00:02:0f,19.0625,60.75,False,88.17647058823529,1609759.0
2026-05-04 09:39:04.428872,4f:bb:00:00:02:0f,19.0,60.6875,False,88.17647058823529,1611019.0
2026-05-04 10:00:04.467875,4f:bb:00:00:02:0f,19.0,60.6875,False,88.1470588235294,1612281.0
2026-05-04 10:21:04.561250,4f:bb:00:00:02:0f,18.9375,60.6875,False,88.11764705882354,1613539.0
2026-05-04 10:42:04.666706,4f:bb:00:00:02:0f,18.875,60.6875,False,88.11764705882354,1614799.0
2026-05-04 11:03:04.769989,4f:bb:00:00:02:0f,18.875,60.6875,False,88.11764705882354,1616061.5
2026-05-04 11:24:04.793898,4f:bb:00:00:02:0f,18.8125,60.6875,False,88.08823529411765,1617320.0
2026-05-04 11:45:04.792813,4f:bb:00:00:02:0f,18.875,60.6875,False,88.11764705882354,1618579.0
2026-05-04 12:06:04.823201,4f:bb:00:00:02:0f,18.875,60.6875,False,88.08823529411765,1619840.0
2026-05-04 12:27:04.880217,4f:bb:00:00:02:0f,18.875,60.6875,False,88.08823529411765,1621101.0
2026-05-04 12:48:04.963013,4f:bb:00:00:02:0f,18.9375,60.6875,False,88.05882352941177,1622360.0
2026-05-04 13:09:05.052766,4f:bb:00:00:02:0f,18.9375,60.6875,False,88.04411764705883,1623621.0
2026-05-04 13:30:05.127054,4f:bb:00:00:02:0f,18.9375,60.6875,False,88.05882352941177,1624877.0
2026-05-04 13:51:05.154271,4f:bb:00:00:02:0f,18.9375,60.6875,False,88.02941176470588,1626140.0
2026-05-04 14:12:05.242714,4f:bb:00:00:02:0f,18.9375,60.6875,False,88.05882352941177,1627402.0
2026-05-04 14:33:05.324092,4f:bb:00:00:02:0f,18.9375,60.6875,False,88.02941176470588,1628659.0
2026-05-04 14:54:05.443818,4f:bb:00:00:02:0f,18.875,60.6875,False,88.02941176470588,1629920.0
2026-05-04 15:15:05.494741,4f:bb:00:00:02:0f,18.875,60.6875,False,88.0,1631179.0
2026-05-04 15:36:05.602235,4f:bb:00:00:02:0f,18.875,60.6875,False,88.0,1632439.5
2026-05-04 15:57:05.693481,4f:bb:00:00:02:0f,18.875,60.6875,False,88.0,1633703.0
2026-05-04 16:18:05.801242,4f:bb:00:00:02:0f,18.875,60.6875,False,88.0,1634959.5
2026-05-04 16:39:05.897119,4f:bb:00:00:02:0f,18.875,60.6875,False,88.02941176470588,1636222.0
2026-05-04 17:00:06.020438,4f:bb:00:00:02:0f,18.9375,60.6875,False,88.0,1637481.5
2026-05-04 17:21:06.012481,4f:bb:00:00:02:0f,18.9375,60.6875,False,88.0,1638740.0
2026-05-04 17:42:06.081996,4f:bb:00:00:02:0f,18.9375,60.6875,False,88.0,1640000.0
2026-05-04 18:03:06.143032,4f:bb:00:00:02:0f,19.0,60.6875,False,88.0,1641260.0
2026-05-04 18:24:06.240131,4f:bb:00:00:02:0f,19.0,60.75,False,88.0,1642523.0
2026-05-04 18:45:06.359025,4f:bb:00:00:02:0f,19.0,60.75,False,87.97058823529412,1643779.5
2026-05-04 19:06:06.435958,4f:bb:00:00:02:0f,19.0,60.75,False,88.0,1645041.5
2026-05-04 19:27:06.490689,4f:bb:00:00:02:0f,19.0,60.75,False,88.0,1646300.0
2026-05-04 19:48:06.612899,4f:bb:00:00:02:0f,19.0,60.6875,False,88.0,1647563.0
2026-05-04 20:09:06.647106,4f:bb:00:00:02:0f,18.9375,60.6875,False,87.97058823529412,1648826.0
2026-05-04 20:30:06.752250,4f:bb:00:00:02:0f,18.9375,60.6875,False,87.97058823529412,1650079.5
2026-05-04 20:51:06.812002,4f:bb:00:00:02:0f,18.875,60.6875,False,87.94117647058823,1651343.0
2026-05-04 21:12:06.923011,4f:bb:00:00:02:0f,18.8125,60.6875,False,87.97058823529412,1652604.0
2026-05-04 21:33:06.947143,4f:bb:00:00:02:0f,18.75,60.6875,False,87.94117647058823,1653862.0
2026-05-04 21:54:06.974874,4f:bb:00:00:02:0f,18.75,60.6875,False,87.94117647058823,1655122.0
2026-05-04 22:15:07.076972,4f:bb:00:00:02:0f,18.6875,60.625,False,87.94117647058823,1656382.0
2026-05-04 22:36:07.154545,4f:bb:00:00:02:0f,18.625,60.625,False,87.94117647058823,1657643.0
2026-05-04 22:57:07.229033,4f:bb:00:00:02:0f,18.5625,60.625,False,87.91176470588235,1658900.0
2026-05-04 23:18:07.296926,4f:bb:00:00:02:0f,18.5,60.625,False,87.88235294117646,1660165.0
2026-05-04 23:39:07.408461,4f:bb:00:00:02:0f,18.4375,60.3125,False,87.91176470588235,1661422.5
2026-05-05 00:00:07.500588,4f:bb:00:00:02:0f,18.375,60.3125,False,87.88235294117646,1662684.0
2026-05-05 00:21:07.583174,4f:bb:00:00:02:0f,18.3125,60.3125,False,87.88235294117646,1663945.0
2026-05-05 00:42:07.613327,4f:bb:00:00:02:0f,18.25,60.25,False,87.8529411764706,1665204.0
2026-05-05 01:03:07.714830,4f:bb:00:00:02:0f,18.1875,60.25,False,87.82352941176471,1666464.0
2026-05-05 01:24:07.800317,4f:bb:00:00:02:0f,18.125,60.25,False,87.79411764705883,1667725.0
2026-05-05 01:45:07.881154,4f:bb:00:00:02:0f,18.0625,60.1875,False,87.76470588235294,1668984.0
2026-05-05 02:06:07.985906,4f:bb:00:00:02:0f,17.9375,60.1875,False,87.73529411764706,1670244.0
2026-05-05 02:27:08.074023,4f:bb:00:00:02:0f,17.875,60.1875,False,87.73529411764706,1671505.0
2026-05-05 02:48:08.165753,4f:bb:00:00:02:0f,17.8125,60.125,False,87.70588235294117,1672763.0
2026-05-05 03:09:08.280423,4f:bb:00:00:02:0f,17.75,60.125,False,87.70588235294117,1674025.5
2026-05-05 03:30:08.361373,4f:bb:00:00:02:0f,17.625,60.125,False,87.6470588235294,1675282.0
2026-05-05 03:51:08.378358,4f:bb:00:00:02:0f,17.5625,59.8125,False,87.61764705882354,1676542.0
2026-05-05 04:12:08.433701,4f:bb:00:00:02:0f,17.5,59.8125,False,87.58823529411765,1677806.0
2026-05-05 04:33:08.541464,4f:bb:00:00:02:0f,17.4375,59.8125,False,87.55882352941177,1679065.5
2026-05-05 04:54:08.652052,4f:bb:00:00:02:0f,17.3125,59.75,False,87.58823529411765,1680323.0
2026-05-05 05:15:08.692319,4f:bb:00:00:02:0f,17.25,59.75,False,87.52941176470588,1681583.0
2026-05-05 05:36:08.696441,4f:bb:00:00:02:0f,17.1875,59.6875,False,87.52941176470588,1682843.0
2026-05-05 05:57:08.796053,4f:bb:00:00:02:0f,17.125,59.6875,False,87.52941176470588,1684105.0
2026-05-05 06:18:08.839134,4f:bb:00:00:02:0f,17.0,59.6875,False,87.51470588235294,1685362.0
2026-05-05 06:39:08.934685,4f:bb:00:00:02:0f,16.9375,59.625,False,87.52941176470588,1686625.0
2026-05-05 07:00:09.054271,4f:bb:00:00:02:0f,16.875,59.625,False,87.5,1687885.5
2026-05-05 07:21:09.072065,4f:bb:00:00:02:0f,16.8125,59.625,False,87.5,1689142.5
2026-05-05 07:42:09.082119,4f:bb:00:00:02:0f,16.75,59.375,False,87.52941176470588,1690405.0
2026-05-05 08:03:09.207250,4f:bb:00:00:02:0f,16.75,59.375,False,87.52941176470588,1691666.0
2026-05-05 08:24:09.232233,4f:bb:00:00:02:0f,16.75,59.375,False,87.55882352941177,1692927.0
2026-05-05 08:45:09.328765,4f:bb:00:00:02:0f,16.875,59.6875,False,87.61764705882354,1694185.5
2026-05-05 09:06:09.399319,4f:bb:00:00:02:0f,17.0,59.6875,False,87.58823529411765,1695446.0
2026-05-05 09:27:09.543467,4f:bb:00:00:02:0f,17.0625,59.6875,False,87.6470588235294,1696704.0
2026-05-05 09:48:09.601565,4f:bb:00:00:02:0f,17.25,59.6875,False,87.61764705882354,1697968.0
2026-05-05 10:09:09.661713,4f:bb:00:00:02:0f,17.4375,59.75,False,87.67647058823529,1699225.5
2026-05-05 10:30:09.806072,4f:bb:00:00:02:0f,17.625,59.75,False,87.6470588235294,1700487.0
2026-05-05 10:51:09.877656,4f:bb:00:00:02:0f,17.75,60.0,False,87.67647058823529,1701748.0
2026-05-05 11:12:09.935980,4f:bb:00:00:02:0f,17.84375,60.0,False,87.67647058823529,1703004.0
2026-05-05 11:33:10.003982,4f:bb:00:00:02:0f,17.9375,60.0,False,87.67647058823529,1704267.0
2026-05-05 11:54:10.040001,4f:bb:00:00:02:0f,18.0625,60.0625,False,87.67647058823529,1705528.0
2026-05-05 12:15:10.105335,4f:bb:00:00:02:0f,18.25,60.0625,False,87.67647058823529,1706785.5
2026-05-05 12:36:10.171469,4f:bb:00:00:02:0f,18.375,60.125,False,87.67647058823529,1708048.5
2026-05-05 12:57:10.202256,4f:bb:00:00:02:0f,18.5625,60.375,False,87.67647058823529,1709305.0
2026-05-05 13:18:10.266773,4f:bb:00:00:02:0f,18.75,60.375,False,87.67647058823529,1710567.0
2026-05-05 13:39:10.335129,4f:bb:00:00:02:0f,18.875,60.4375,False,87.67647058823529,1711828.5
2026-05-05 14:00:10.446234,4f:bb:00:00:02:0f,19.0,60.4375,False,87.67647058823529,1713087.0
2026-05-05 14:21:10.416017,4f:bb:00:00:02:0f,19.125,60.4375,False,87.67647058823529,1714348.0
2026-05-05 14:42:10.502064,4f:bb:00:00:02:0f,19.125,60.4375,False,87.67647058823529,1715605.0
2026-05-05 15:03:10.596532,4f:bb:00:00:02:0f,19.1875,60.4375,False,87.67647058823529,1716869.0
2026-05-05 15:24:10.712590,4f:bb:00:00:02:0f,19.1875,60.5,False,87.70588235294117,1718128.5
2026-05-05 15:45:10.794895,4f:bb:00:00:02:0f,19.25,60.5,False,87.70588235294117,1719385.5
2026-05-05 16:06:10.861959,4f:bb:00:00:02:0f,19.25,60.5,False,87.73529411764706,1720647.0
2026-05-05 16:27:10.957743,4f:bb:00:00:02:0f,19.25,60.5,False,87.79411764705883,1721911.0
2026-05-05 16:48:11.058627,4f:bb:00:00:02:0f,19.3125,60.5,False,87.79411764705883,1723167.0
2026-05-05 17:09:11.151313,4f:bb:00:00:02:0f,19.3125,60.5,False,87.76470588235294,1724430.0
2026-05-05 17:30:11.220074,4f:bb:00:00:02:0f,19.3125,60.5625,False,87.76470588235294,1725691.5
2026-05-05 17:51:11.299935,4f:bb:00:00:02:0f,19.3125,60.5,False,87.82352941176471,1726947.0
2026-05-05 18:12:11.377289,4f:bb:00:00:02:0f,19.25,60.5625,False,87.79411764705883,1728207.0
2026-05-05 18:33:11.505309,4f:bb:00:00:02:0f,19.25,60.5625,False,87.82352941176471,1729471.0
2026-05-05 18:54:11.595530,4f:bb:00:00:02:0f,19.25,60.5625,False,87.82352941176471,1730726.0
2026-05-05 19:15:11.697394,4f:bb:00:00:02:0f,19.1875,60.5,False,87.82352941176471,1731988.5
2026-05-05 19:36:11.798197,4f:bb:00:00:02:0f,19.125,60.5,False,87.80882352941177,1733250.0
2026-05-05 19:57:11.902368,4f:bb:00:00:02:0f,19.125,60.5,False,87.79411764705883,1734509.0
2026-05-05 20:18:11.904758,4f:bb:00:00:02:0f,19.0625,60.5,False,87.82352941176471,1735770.0
2026-05-05 20:39:12.004243,4f:bb:00:00:02:0f,19.0,60.5,False,87.82352941176471,1737030.0
2026-05-05 21:00:12.037753,4f:bb:00:00:02:0f,18.9375,60.5,False,87.82352941176471,1738289.0
2026-05-05 21:21:12.116006,4f:bb:00:00:02:0f,18.875,60.5,False,87.82352941176471,1739552.0
2026-05-05 21:42:12.199565,4f:bb:00:00:02:0f,18.875,60.5,False,87.83823529411765,1740808.5
2026-05-05 22:03:12.261461,4f:bb:00:00:02:0f,18.75,60.4375,False,87.79411764705883,1742070.0
2026-05-05 22:24:12.303629,4f:bb:00:00:02:0f,18.75,60.4375,False,87.79411764705883,1743331.0
2026-05-05 22:45:12.423178,4f:bb:00:00:02:0f,18.625,60.4375,False,87.82352941176471,1744589.0
2026-05-05 23:06:12.520150,4f:bb:00:00:02:0f,18.625,60.4375,False,87.82352941176471,1745852.0
2026-05-05 23:27:12.654189,4f:bb:00:00:02:0f,18.5,60.4375,False,87.82352941176471,1747107.0
2026-05-05 23:48:12.732219,4f:bb:00:00:02:0f,18.4375,60.125,False,87.82352941176471,1748369.0
2026-05-06 00:09:12.828793,4f:bb:00:00:02:0f,18.375,60.125,False,87.79411764705883,1749629.0
2026-05-06 00:30:12.932994,4f:bb:00:00:02:0f,18.3125,60.125,False,87.79411764705883,1750888.0
2026-05-06 00:51:12.960377,4f:bb:00:00:02:0f,18.25,60.0625,False,87.79411764705883,1752151.5
2026-05-06 01:12:13.001810,4f:bb:00:00:02:0f,18.1875,60.0625,False,87.79411764705883,1753411.0
2026-05-06 01:33:13.092626,4f:bb:00:00:02:0f,18.0625,60.0625,False,87.79411764705883,1754669.0
2026-05-06 01:54:13.093046,4f:bb:00:00:02:0f,18.0,60.0,False,87.79411764705883,1755931.0
2026-05-06 02:15:13.190223,4f:bb:00:00:02:0f,17.9375,60.0,False,87.76470588235294,1757191.0
2026-05-06 02:36:13.291617,4f:bb:00:00:02:0f,17.8125,60.0,False,87.79411764705883,1758452.0
2026-05-06 02:57:13.406428,4f:bb:00:00:02:0f,17.75,59.9375,False,87.79411764705883,1759711.0
2026-05-06 03:18:13.453871,4f:bb:00:00:02:0f,17.6875,59.9375,False,87.76470588235294,1760971.5
2026-05-06 03:39:13.546801,4f:bb:00:00:02:0f,17.5625,59.6875,False,87.76470588235294,1762231.5
2026-05-06 04:00:13.654820,4f:bb:00:00:02:0f,17.5,59.625,False,87.76470588235294,1763489.0
2026-05-06 04:21:13.730948,4f:bb:00:00:02:0f,17.375,59.625,False,87.76470588235294,1764752.0
2026-05-06 04:42:13.814772,4f:bb:00:00:02:0f,17.3125,59.5625,False,87.73529411764706,1766010.0
2026-05-06 05:03:13.859130,4f:bb:00:00:02:0f,17.1875,59.5625,False,87.76470588235294,1767272.0
2026-05-06 05:24:13.937439,4f:bb:00:00:02:0f,17.125,59.5,False,87.76470588235294,1768531.0
2026-05-06 05:45:14.046705,4f:bb:00:00:02:0f,17.0,59.5,False,87.73529411764706,1769794.5
2026-05-06 06:06:14.142860,4f:bb:00:00:02:0f,16.9375,59.4375,False,87.73529411764706,1771052.0
2026-05-06 06:27:14.250977,4f:bb:00:00:02:0f,16.8125,59.4375,False,87.70588235294117,1772312.0
2026-05-06 06:48:14.363696,4f:bb:00:00:02:0f,16.6875,59.1875,False,87.70588235294117,1773572.0
2026-05-06 07:09:14.410193,4f:bb:00:00:02:0f,16.625,59.1875,False,87.70588235294117,1774833.0
2026-05-06 07:30:14.551896,4f:bb:00:00:02:0f,16.5625,59.125,False,87.70588235294117,1776093.0
2026-05-06 07:51:14.613580,4f:bb:00:00:02:0f,16.5625,59.125,False,87.70588235294117,1777354.5
2026-05-06 08:12:14.613697,4f:bb:00:00:02:0f,16.5,59.125,False,87.67647058823529,1778611.5
2026-05-06 08:33:14.637785,4f:bb:00:00:02:0f,16.5625,59.1875,False,87.70588235294117,1779874.0
2026-05-06 08:54:14.674400,4f:bb:00:00:02:0f,16.625,59.1875,False,87.67647058823529,1781134.5
2026-05-06 09:15:14.697254,4f:bb:00:00:02:0f,16.625,59.1875,False,87.67647058823529,1782392.0
2026-05-06 09:36:14.802680,4f:bb:00:00:02:0f,16.6875,59.1875,False,87.67647058823529,1783652.5
2026-05-06 09:57:14.820013,4f:bb:00:00:02:0f,16.75,59.1875,False,87.67647058823529,1784912.0
2026-05-06 10:18:14.956344,4f:bb:00:00:02:0f,16.875,59.4375,False,87.67647058823529,1786174.0
2026-05-06 10:39:15.068185,4f:bb:00:00:02:0f,16.9375,59.4375,False,87.70588235294117,1787432.0
2026-05-06 11:00:15.122435,4f:bb:00:00:02:0f,16.9375,59.4375,False,87.67647058823529,1788691.0
2026-05-06 11:21:15.225211,4f:bb:00:00:02:0f,16.875,59.4375,False,87.67647058823529,1789957.5
2026-05-06 11:42:15.282551,4f:bb:00:00:02:0f,16.875,59.4375,False,87.70588235294117,1791213.5
2026-05-06 12:03:15.312495,4f:bb:00:00:02:0f,16.9375,59.4375,False,87.70588235294117,1792474.0
2026-05-06 12:24:15.375962,4f:bb:00:00:02:0f,16.9375,59.4375,False,87.67647058823529,1793733.0
2026-05-06 12:45:15.445244,4f:bb:00:00:02:0f,16.9375,59.4375,False,87.70588235294117,1794993.0
2026-05-06 13:06:15.453339,4f:bb:00:00:02:0f,16.9375,59.4375,False,87.67647058823529,1796257.0
2026-05-06 13:27:15.583938,4f:bb:00:00:02:0f,17.0,59.4375,False,87.67647058823529,1797513.0
2026-05-06 13:48:15.692567,4f:bb:00:00:02:0f,17.0,59.4375,False,87.67647058823529,1798775.0
2026-05-06 14:09:15.781583,4f:bb:00:00:02:0f,17.0,59.4375,False,87.67647058823529,1800034.5
2026-05-06 14:30:15.830203,4f:bb:00:00:02:0f,17.0,59.4375,False,87.67647058823529,1801293.0
2026-05-06 14:51:15.912118,4f:bb:00:00:02:0f,16.9375,59.4375,False,87.67647058823529,1802553.0
2026-05-06 15:12:15.998409,4f:bb:00:00:02:0f,16.9375,59.4375,False,87.67647058823529,1803816.0
2026-05-06 15:33:16.033826,4f:bb:00:00:02:0f,16.875,59.4375,False,87.67647058823529,1805074.5
2026-05-06 15:54:16.151014,4f:bb:00:00:02:0f,16.875,59.4375,False,87.67647058823529,1806332.0
2026-05-06 16:15:16.245315,4f:bb:00:00:02:0f,16.875,59.4375,False,87.67647058823529,1807594.0
2026-05-06 16:36:16.306626,4f:bb:00:00:02:0f,16.875,59.5,False,87.67647058823529,1808857.5
2026-05-06 16:57:16.322421,4f:bb:00:00:02:0f,16.875,59.5,False,87.6470588235294,1810115.0
2026-05-06 17:18:16.435930,4f:bb:00:00:02:0f,16.875,59.5,False,87.6470588235294,1811377.0
2026-05-06 17:39:16.539391,4f:bb:00:00:02:0f,16.875,59.5,False,87.6470588235294,1812636.0
2026-05-06 18:00:16.634265,4f:bb:00:00:02:0f,16.875,59.5,False,87.6470588235294,1813895.5
2026-05-06 18:21:16.656786,4f:bb:00:00:02:0f,16.875,59.5,False,87.6470588235294,1815157.0
2026-05-06 18:42:16.674091,4f:bb:00:00:02:0f,16.9375,59.5,False,87.6470588235294,1816416.0
2026-05-06 19:03:16.753879,4f:bb:00:00:02:0f,16.9375,59.5,False,87.67647058823529,1817675.0
2026-05-06 19:24:16.843064,4f:bb:00:00:02:0f,16.9375,59.5,False,87.6470588235294,1818937.5
2026-05-06 19:45:16.951003,4f:bb:00:00:02:0f,16.9375,59.5,False,87.6470588235294,1820195.0
2026-05-06 20:06:17.030991,4f:bb:00:00:02:0f,16.9375,59.5,False,87.67647058823529,1821457.5
2026-05-06 20:27:17.014807,4f:bb:00:00:02:0f,16.9375,59.5,False,87.67647058823529,1822714.0
2026-05-06 20:48:17.106751,4f:bb:00:00:02:0f,16.9375,59.5,False,87.66176470588235,1823976.5
2026-05-06 21:09:17.213704,4f:bb:00:00:02:0f,16.9375,59.5,False,87.6470588235294,1825236.0
2026-05-06 21:30:17.336915,4f:bb:00:00:02:0f,16.9375,59.5,False,87.6470588235294,1826495.0
2026-05-06 21:51:17.444940,4f:bb:00:00:02:0f,16.9375,59.5,False,87.6470588235294,1827754.5
2026-05-06 22:12:17.546778,4f:bb:00:00:02:0f,16.875,59.5,False,87.6470588235294,1829018.0
2026-05-06 22:33:17.620136,4f:bb:00:00:02:0f,16.875,59.5,False,87.6470588235294,1830274.5
2026-05-06 22:54:17.702487,4f:bb:00:00:02:0f,16.8125,59.5,False,87.67647058823529,1831540.0
2026-05-06 23:15:17.799359,4f:bb:00:00:02:0f,16.8125,59.5,False,87.6470588235294,1832796.0
2026-05-06 23:36:17.860444,4f:bb:00:00:02:0f,16.75,59.25,False,87.6470588235294,1834056.0
2026-05-06 23:57:17.885666,4f:bb:00:00:02:0f,16.75,59.25,False,87.61764705882354,1835317.0
2026-05-07 00:18:17.977371,4f:bb:00:00:02:0f,16.6875,59.25,False,87.6470588235294,1836577.5
2026-05-07 00:39:18.058162,4f:bb:00:00:02:0f,16.6875,59.1875,False,87.61764705882354,1837837.0
2026-05-07 01:00:18.101386,4f:bb:00:00:02:0f,16.625,59.1875,False,87.6470588235294,1839098.0
2026-05-07 01:21:18.172499,4f:bb:00:00:02:0f,16.5625,59.1875,False,87.6470588235294,1840357.0
2026-05-07 01:42:18.272604,4f:bb:00:00:02:0f,16.5,59.1875,False,87.61764705882354,1841620.5
2026-05-07 02:03:18.347475,4f:bb:00:00:02:0f,16.4375,59.1875,False,87.58823529411765,1842877.5
2026-05-07 02:24:18.437840,4f:bb:00:00:02:0f,16.4375,59.125,False,87.61764705882354,1844139.0
2026-05-07 02:45:18.540056,4f:bb:00:00:02:0f,16.375,59.125,False,87.58823529411765,1845398.0
2026-05-07 03:06:18.634872,4f:bb:00:00:02:0f,16.3125,59.125,False,87.58823529411765,1846660.0
2026-05-07 03:27:18.730256,4f:bb:00:00:02:0f,16.25,59.125,False,87.58823529411765,1847920.0
2026-05-07 03:48:18.842169,4f:bb:00:00:02:0f,16.1875,59.0625,False,87.54411764705883,1849177.0
2026-05-07 04:09:18.924315,4f:bb:00:00:02:0f,16.125,59.0625,False,87.52941176470588,1850441.0
2026-05-07 04:30:19.061099,4f:bb:00:00:02:0f,16.125,59.0625,False,87.55882352941177,1851698.0
2026-05-07 04:51:19.051557,4f:bb:00:00:02:0f,16.0625,59.0625,False,87.55882352941177,1852957.5
2026-05-07 05:12:19.100072,4f:bb:00:00:02:0f,16.0,59.0,False,87.52941176470588,1854221.0
2026-05-07 05:33:19.172989,4f:bb:00:00:02:0f,15.9375,58.75,False,87.52941176470588,1855480.5
2026-05-07 05:54:19.257232,4f:bb:00:00:02:0f,15.875,58.75,False,87.52941176470588,1856737.0
2026-05-07 06:15:19.350023,4f:bb:00:00:02:0f,15.8125,58.75,False,87.55882352941177,1858000.5
2026-05-07 06:36:19.353079,4f:bb:00:00:02:0f,15.75,58.75,False,87.55882352941177,1859258.0
2026-05-07 06:57:19.402282,4f:bb:00:00:02:0f,15.6875,58.6875,False,87.52941176470588,1860520.5
2026-05-07 07:18:19.401463,4f:bb:00:00:02:0f,15.6875,58.6875,False,87.5,1861778.0
2026-05-07 07:39:19.470406,4f:bb:00:00:02:0f,15.625,58.6875,False,87.55882352941177,1863041.0
2026-05-07 08:00:19.585150,4f:bb:00:00:02:0f,15.625,58.6875,False,87.52941176470588,1864297.5
2026-05-07 08:21:19.635474,4f:bb:00:00:02:0f,15.625,58.75,False,87.52941176470588,1865557.0
2026-05-07 08:42:19.710711,4f:bb:00:00:02:0f,15.75,58.75,False,87.52941176470588,1866820.5
2026-05-07 09:03:19.747529,4f:bb:00:00:02:0f,15.8125,58.75,False,87.52941176470588,1868080.0
2026-05-07 09:24:19.816196,4f:bb:00:00:02:0f,15.9375,58.8125,False,87.55882352941177,1869337.5
2026-05-07 09:45:19.865151,4f:bb:00:00:02:0f,16.0625,59.0625,False,87.58823529411765,1870601.0
2026-05-07 10:06:20.013854,4f:bb:00:00:02:0f,16.1875,59.0625,False,87.58823529411765,1871857.0
2026-05-07 10:27:20.038712,4f:bb:00:00:02:0f,16.25,59.0625,False,87.61764705882354,1873117.5
2026-05-07 10:48:20.144012,4f:bb:00:00:02:0f,16.25,59.0625,False,87.61764705882354,1874383.5
2026-05-07 11:09:20.250425,4f:bb:00:00:02:0f,16.3125,59.0625,False,87.6470588235294,1875638.0
2026-05-07 11:30:20.361313,4f:bb:00:00:02:0f,16.375,59.0625,False,87.6470588235294,1876899.0
2026-05-07 11:51:20.448362,4f:bb:00:00:02:0f,16.4375,59.0625,False,87.6470588235294,1878160.5
2026-05-07 12:12:20.539300,4f:bb:00:00:02:0f,16.4375,59.0625,False,87.6470588235294,1879422.0
2026-05-07 12:33:20.634258,4f:bb:00:00:02:0f,16.4375,59.0625,False,87.6470588235294,1880683.0
2026-05-07 12:54:20.635807,4f:bb:00:00:02:0f,16.4375,59.0625,False,87.6470588235294,1881940.5
2026-05-07 13:15:20.676946,4f:bb:00:00:02:0f,16.4375,59.0625,False,87.6470588235294,1883200.0
2026-05-07 13:36:20.767815,4f:bb:00:00:02:0f,16.4375,59.0625,False,87.66176470588235,1884462.0
2026-05-07 13:57:20.802638,4f:bb:00:00:02:0f,16.4375,59.0625,False,87.6470588235294,1885720.5
2026-05-07 14:18:20.909536,4f:bb:00:00:02:0f,16.4375,59.0625,False,87.67647058823529,1886982.5
2026-05-07 14:39:20.996078,4f:bb:00:00:02:0f,16.4375,59.0625,False,87.67647058823529,1888240.0
2026-05-07 15:00:21.068680,4f:bb:00:00:02:0f,16.4375,59.125,False,87.67647058823529,1889501.5
2026-05-07 15:21:21.166873,4f:bb:00:00:02:0f,16.4375,59.125,False,87.67647058823529,1890763.0
2026-05-07 15:42:21.169723,4f:bb:00:00:02:0f,16.4375,59.125,False,87.67647058823529,1892017.5
2026-05-07 16:03:21.173425,4f:bb:00:00:02:0f,16.5,59.125,False,87.67647058823529,1893284.0
2026-05-07 16:24:21.264168,4f:bb:00:00:02:0f,16.5,59.125,False,87.67647058823529,1894543.0
2026-05-07 16:45:21.323708,4f:bb:00:00:02:0f,16.5,59.125,False,87.67647058823529,1895804.0
2026-05-07 17:06:21.398566,4f:bb:00:00:02:0f,16.5,59.125,False,87.67647058823529,1897060.5
2026-05-07 17:27:21.431159,4f:bb:00:00:02:0f,16.5,59.125,False,87.67647058823529,1898323.0
2026-05-07 17:48:21.409338,4f:bb:00:00:02:0f,16.5,59.125,False,87.70588235294117,1899581.0
2026-05-07 18:09:21.520141,4f:bb:00:00:02:0f,16.4375,59.125,False,87.67647058823529,1900843.0
2026-05-07 18:30:21.576415,4f:bb:00:00:02:0f,16.4375,59.125,False,87.70588235294117,1902100.5
2026-05-07 18:51:21.664094,4f:bb:00:00:02:0f,16.4375,59.125,False,87.70588235294117,1903361.0
2026-05-07 19:12:21.755791,4f:bb:00:00:02:0f,16.4375,59.125,False,87.70588235294117,1904623.0
2026-05-07 19:33:21.854821,4f:bb:00:00:02:0f,16.4375,59.125,False,87.70588235294117,1905881.0
2026-05-07 19:54:21.885285,4f:bb:00:00:02:0f,16.5,59.125,False,87.73529411764706,1907144.0
2026-05-07 20:15:21.983161,4f:bb:00:00:02:0f,16.4375,59.125,False,87.70588235294117,1908401.5
2026-05-07 20:36:22.028991,4f:bb:00:00:02:0f,16.4375,59.125,False,87.70588235294117,1909663.0
2026-05-07 20:57:22.114679,4f:bb:00:00:02:0f,16.4375,59.125,False,87.70588235294117,1910923.0
2026-05-07 21:18:22.211805,4f:bb:00:00:02:0f,16.375,59.125,False,87.72058823529412,1912180.5
2026-05-07 21:39:22.260174,4f:bb:00:00:02:0f,16.3125,59.125,False,87.70588235294117,1913444.0
2026-05-07 22:00:22.364535,4f:bb:00:00:02:0f,16.25,59.125,False,87.70588235294117,1914703.5
2026-05-07 22:21:22.419342,4f:bb:00:00:02:0f,16.25,59.125,False,87.70588235294117,1915961.5
2026-05-07 22:42:22.484786,4f:bb:00:00:02:0f,16.1875,59.0625,False,87.73529411764706,1917224.0
2026-05-07 23:03:22.553771,4f:bb:00:00:02:0f,16.1875,59.0625,False,87.70588235294117,1918483.0
2026-05-07 23:24:22.707211,4f:bb:00:00:02:0f,16.125,59.0625,False,87.67647058823529,1919745.0
2026-05-07 23:45:22.685434,4f:bb:00:00:02:0f,16.0625,59.0625,False,87.70588235294117,1921000.0
2026-05-08 00:06:22.681098,4f:bb:00:00:02:0f,16.0,59.0625,False,87.67647058823529,1922264.0
2026-05-08 00:27:22.805547,4f:bb:00:00:02:0f,16.0,59.0625,False,87.67647058823529,1923524.5
2026-05-08 00:48:22.868685,4f:bb:00:00:02:0f,15.9375,58.8125,False,87.67647058823529,1924787.0
2026-05-08 01:09:23.010608,4f:bb:00:00:02:0f,15.875,58.75,False,87.6470588235294,1926043.5
2026-05-08 01:30:23.013419,4f:bb:00:00:02:0f,15.8125,58.75,False,87.6470588235294,1927304.0
2026-05-08 01:51:23.054285,4f:bb:00:00:02:0f,15.75,58.75,False,87.6470588235294,1928563.0
2026-05-08 02:12:23.075066,4f:bb:00:00:02:0f,15.6875,58.6875,False,87.6470588235294,1929825.0
2026-05-08 02:33:23.100572,4f:bb:00:00:02:0f,15.5625,58.6875,False,87.6470588235294,1931085.0
2026-05-08 02:54:23.200622,4f:bb:00:00:02:0f,15.5,58.6875,False,87.6470588235294,1932343.5
2026-05-08 03:15:23.312464,4f:bb:00:00:02:0f,15.4375,58.625,False,87.6470588235294,1933606.5
2026-05-08 03:36:23.384236,4f:bb:00:00:02:0f,15.375,58.625,False,87.61764705882354,1934863.5
2026-05-08 03:57:23.469478,4f:bb:00:00:02:0f,15.25,58.5625,False,87.61764705882354,1936124.0
2026-05-08 04:18:23.586890,4f:bb:00:00:02:0f,15.1875,58.5625,False,87.61764705882354,1937385.0
2026-05-08 04:39:23.610120,4f:bb:00:00:02:0f,15.125,58.5,False,87.58823529411765,1938647.0
2026-05-08 05:00:23.700269,4f:bb:00:00:02:0f,15.0,58.25,False,87.58823529411765,1939905.0
2026-05-08 05:21:23.789577,4f:bb:00:00:02:0f,14.875,58.25,False,87.58823529411765,1941167.0
2026-05-08 05:42:23.819453,4f:bb:00:00:02:0f,14.8125,58.1875,False,87.58823529411765,1942426.0
2026-05-08 06:03:23.883143,4f:bb:00:00:02:0f,14.75,58.1875,False,87.55882352941177,1943686.0
2026-05-08 06:24:23.994953,4f:bb:00:00:02:0f,14.625,58.1875,False,87.55882352941177,1944945.5
2026-05-08 06:45:24.044490,4f:bb:00:00:02:0f,14.5625,58.125,False,87.55882352941177,1946206.0
2026-05-08 07:06:24.088676,4f:bb:00:00:02:0f,14.5,58.125,False,87.55882352941177,1947464.0
2026-05-08 07:27:24.091356,4f:bb:00:00:02:0f,14.4375,58.125,False,87.55882352941177,1948726.0
2026-05-08 07:48:24.122234,4f:bb:00:00:02:0f,14.375,58.0625,False,87.5,1949987.0
2026-05-08 08:09:24.218979,4f:bb:00:00:02:0f,14.375,58.125,False,87.5,1951247.0
2026-05-08 08:30:24.288489,4f:bb:00:00:02:0f,14.375,58.125,False,87.52941176470588,1952503.5
2026-05-08 08:51:24.330550,4f:bb:00:00:02:0f,14.5625,58.1875,False,87.5,1953766.5
2026-05-08 09:12:24.426440,4f:bb:00:00:02:0f,14.75,58.25,False,87.52941176470588,1955027.0
2026-05-08 09:33:24.490873,4f:bb:00:00:02:0f,15.0,58.3125,False,87.52941176470588,1956286.0
2026-05-08 09:54:24.564185,4f:bb:00:00:02:0f,15.1875,58.5625,False,87.52941176470588,1957548.0
2026-05-08 10:15:24.637948,4f:bb:00:00:02:0f,15.4375,58.5625,False,87.55882352941177,1958808.0
2026-05-08 10:36:24.755012,4f:bb:00:00:02:0f,15.6875,58.625,False,87.55882352941177,1960066.0
2026-05-08 10:57:24.867195,4f:bb:00:00:02:0f,15.875,58.625,False,87.58823529411765,1961327.0
2026-05-08 11:18:24.937391,4f:bb:00:00:02:0f,16.0625,58.875,False,87.61764705882354,1962588.0
2026-05-08 11:39:24.988626,4f:bb:00:00:02:0f,16.25,58.9375,False,87.58823529411765,1963848.0
2026-05-08 12:00:25.092669,4f:bb:00:00:02:0f,16.5,58.9375,False,87.61764705882354,1965109.5
2026-05-08 12:21:25.006471,4f:bb:00:00:02:0f,16.6875,59.0,False,87.6470588235294,1966367.0
2026-05-08 12:42:25.132028,4f:bb:00:00:02:0f,16.875,59.25,False,87.67647058823529,1967626.5
2026-05-08 13:03:25.195184,4f:bb:00:00:02:0f,17.0625,59.25,False,87.67647058823529,1968889.0
2026-05-08 13:24:25.212523,4f:bb:00:00:02:0f,17.1875,59.25,False,87.6470588235294,1970148.0
2026-05-08 13:45:25.318631,4f:bb:00:00:02:0f,17.3125,59.3125,False,87.67647058823529,1971406.5
2026-05-08 14:06:25.327130,4f:bb:00:00:02:0f,17.4375,59.3125,False,87.67647058823529,1972670.0
2026-05-08 14:27:25.375009,4f:bb:00:00:02:0f,17.4375,59.3125,False,87.67647058823529,1973927.0
2026-05-08 14:48:25.426808,4f:bb:00:00:02:0f,17.5625,59.375,False,87.67647058823529,1975191.0
2026-05-08 15:09:25.463003,4f:bb:00:00:02:0f,17.625,59.375,False,87.67647058823529,1976446.0
2026-05-08 15:30:25.589544,4f:bb:00:00:02:0f,17.6875,59.625,False,87.67647058823529,1977708.0
2026-05-08 15:51:25.678525,4f:bb:00:00:02:0f,17.8125,59.6875,False,87.67647058823529,1978968.0
2026-05-08 16:12:25.758650,4f:bb:00:00:02:0f,17.9375,59.6875,False,87.67647058823529,1980226.5
2026-05-08 16:33:25.866754,4f:bb:00:00:02:0f,18.0625,59.75,False,87.6470588235294,1981486.0
2026-05-08 16:54:25.909560,4f:bb:00:00:02:0f,18.125,59.75,False,87.6470588235294,1982749.0
2026-05-08 17:15:25.974066,4f:bb:00:00:02:0f,18.1875,59.75,False,87.67647058823529,1984010.0
2026-05-08 17:36:26.054080,4f:bb:00:00:02:0f,18.25,59.8125,False,87.69117647058823,1985269.5
2026-05-08 17:57:26.180178,4f:bb:00:00:02:0f,18.3125,59.8125,False,87.67647058823529,1986527.0
2026-05-08 18:18:26.234116,4f:bb:00:00:02:0f,18.375,59.8125,False,87.70588235294117,1987790.0
2026-05-08 18:39:26.264291,4f:bb:00:00:02:0f,18.4375,59.875,False,87.70588235294117,1989048.0
2026-05-08 19:00:26.365511,4f:bb:00:00:02:0f,18.4375,59.875,False,87.70588235294117,1990309.0
2026-05-08 19:21:26.419327,4f:bb:00:00:02:0f,18.46875,59.875,False,87.73529411764706,1991570.0
2026-05-08 19:42:26.544078,4f:bb:00:00:02:0f,18.5,59.875,False,87.73529411764706,1992827.0
2026-05-08 20:03:26.530704,4f:bb:00:00:02:0f,18.5,59.875,False,87.73529411764706,1994090.0
2026-05-08 20:24:26.654680,4f:bb:00:00:02:0f,18.5,59.875,False,87.76470588235294,1995351.0
2026-05-08 20:45:26.763035,4f:bb:00:00:02:0f,18.5,59.875,False,87.76470588235294,1996609.5
2026-05-08 21:06:26.856389,4f:bb:00:00:02:0f,18.4375,59.875,False,87.76470588235294,1997870.0
2026-05-08 21:27:26.894121,4f:bb:00:00:02:0f,18.375,59.875,False,87.76470588235294,1999130.0
2026-05-08 21:48:26.916114,4f:bb:00:00:02:0f,18.375,59.875,False,87.76470588235294,2000392.5
2026-05-08 22:09:27.027754,4f:bb:00:00:02:0f,18.3125,59.875,False,87.76470588235294,2001652.0
2026-05-08 22:30:27.073273,4f:bb:00:00:02:0f,18.25,59.875,False,87.76470588235294,2002912.0
2026-05-08 22:51:27.164336,4f:bb:00:00:02:0f,18.1875,59.875,False,87.79411764705883,2004172.5
2026-05-08 23:12:27.236987,4f:bb:00:00:02:0f,18.125,59.8125,False,87.79411764705883,2005429.5
2026-05-08 23:33:27.261565,4f:bb:00:00:02:0f,18.0625,59.8125,False,87.79411764705883,2006692.5
2026-05-08 23:54:27.305169,4f:bb:00:00:02:0f,18.0,59.8125,False,87.79411764705883,2007952.0
2026-05-09 00:15:27.411901,4f:bb:00:00:02:0f,17.9375,59.8125,False,87.79411764705883,2009212.0
2026-05-09 00:36:27.444064,4f:bb:00:00:02:0f,17.875,59.75,False,87.79411764705883,2010471.0
2026-05-09 00:57:27.521558,4f:bb:00:00:02:0f,17.75,59.75,False,87.79411764705883,2011731.0
2026-05-09 01:18:27.624730,4f:bb:00:00:02:0f,17.6875,59.75,False,87.79411764705883,2012993.0
2026-05-09 01:39:27.735298,4f:bb:00:00:02:0f,17.625,59.4375,False,87.79411764705883,2014249.0
2026-05-09 02:00:27.798806,4f:bb:00:00:02:0f,17.5,59.4375,False,87.76470588235294,2015512.5
2026-05-09 02:21:27.917036,4f:bb:00:00:02:0f,17.4375,59.4375,False,87.79411764705883,2016770.0
2026-05-09 02:42:27.956802,4f:bb:00:00:02:0f,17.3125,59.375,False,87.76470588235294,2018031.0
2026-05-09 03:03:28.080276,4f:bb:00:00:02:0f,17.1875,59.375,False,87.76470588235294,2019293.0
2026-05-09 03:24:28.131950,4f:bb:00:00:02:0f,17.125,59.3125,False,87.76470588235294,2020549.5
2026-05-09 03:45:28.183085,4f:bb:00:00:02:0f,17.0,59.3125,False,87.76470588235294,2021812.0
2026-05-09 04:06:28.262312,4f:bb:00:00:02:0f,16.875,59.25,False,87.75,2023072.5
2026-05-09 04:27:28.336447,4f:bb:00:00:02:0f,16.75,59.0,False,87.76470588235294,2024332.0
2026-05-09 04:48:28.354174,4f:bb:00:00:02:0f,16.6875,58.9375,False,87.73529411764706,2025592.0
2026-05-09 05:09:28.445051,4f:bb:00:00:02:0f,16.5625,58.9375,False,87.73529411764706,2026854.0
2026-05-09 05:30:28.544626,4f:bb:00:00:02:0f,16.4375,58.875,False,87.73529411764706,2028111.0
2026-05-09 05:51:28.578725,4f:bb:00:00:02:0f,16.375,58.875,False,87.70588235294117,2029374.0
2026-05-09 06:12:28.660639,4f:bb:00:00:02:0f,16.25,58.8125,False,87.67647058823529,2030634.0
2026-05-09 06:33:28.757580,4f:bb:00:00:02:0f,16.1875,58.8125,False,87.70588235294117,2031892.0
2026-05-09 06:54:28.861248,4f:bb:00:00:02:0f,16.0625,58.8125,False,87.70588235294117,2033155.0
2026-05-09 07:15:28.964569,4f:bb:00:00:02:0f,16.0,58.75,False,87.70588235294117,2034411.0
2026-05-09 07:36:29.053337,4f:bb:00:00:02:0f,15.9375,58.75,False,87.67647058823529,2035673.0
2026-05-09 07:57:29.066053,4f:bb:00:00:02:0f,15.875,58.5,False,87.70588235294117,2036934.0
2026-05-09 08:18:29.183832,4f:bb:00:00:02:0f,15.875,58.5,False,87.67647058823529,2038192.5
2026-05-09 08:39:29.235518,4f:bb:00:00:02:0f,15.9375,58.8125,False,87.67647058823529,2039454.0
2026-05-09 09:00:29.262140,4f:bb:00:00:02:0f,16.125,58.875,False,87.67647058823529,2040716.0
2026-05-09 09:21:29.374431,4f:bb:00:00:02:0f,16.25,58.875,False,87.67647058823529,2041973.0
2026-05-09 09:42:29.475241,4f:bb:00:00:02:0f,16.4375,58.875,False,87.67647058823529,2043233.0
2026-05-09 10:03:29.580279,4f:bb:00:00:02:0f,16.625,58.9375,False,87.67647058823529,2044492.5
2026-05-09 10:24:29.580211,4f:bb:00:00:02:0f,16.8125,59.1875,False,87.70588235294117,2045753.0
2026-05-09 10:45:29.651724,4f:bb:00:00:02:0f,17.0,59.25,False,87.70588235294117,2047016.0
2026-05-09 11:06:29.745441,4f:bb:00:00:02:0f,17.25,59.25,False,87.73529411764706,2048275.0
2026-05-09 11:27:29.842033,4f:bb:00:00:02:0f,17.5,59.3125,False,87.70588235294117,2049535.0
2026-05-09 11:48:29.948721,4f:bb:00:00:02:0f,17.75,59.5625,False,87.72058823529412,2050794.0
2026-05-09 12:09:29.940352,4f:bb:00:00:02:0f,17.9375,59.5625,False,87.73529411764706,2052055.0
2026-05-09 12:30:30.006778,4f:bb:00:00:02:0f,18.125,59.625,False,87.73529411764706,2053314.0
2026-05-09 12:51:30.100852,4f:bb:00:00:02:0f,18.3125,59.625,False,87.73529411764706,2054576.0
2026-05-09 13:12:30.178868,4f:bb:00:00:02:0f,18.5,59.625,False,87.76470588235294,2055833.0
2026-05-09 13:33:30.240621,4f:bb:00:00:02:0f,18.5625,59.875,False,87.76470588235294,2057095.0
2026-05-09 13:54:30.234834,4f:bb:00:00:02:0f,18.6875,59.875,False,87.76470588235294,2058355.0
2026-05-09 14:15:30.348621,4f:bb:00:00:02:0f,18.8125,59.9375,False,87.76470588235294,2059613.0
2026-05-09 14:36:30.448963,4f:bb:00:00:02:0f,18.9375,59.9375,False,87.76470588235294,2060875.5
2026-05-09 14:57:30.521631,4f:bb:00:00:02:0f,19.0,60.0,False,87.79411764705883,2062135.5
2026-05-09 15:18:30.603130,4f:bb:00:00:02:0f,19.125,60.0,False,87.76470588235294,2063395.0
2026-05-09 15:39:30.699803,4f:bb:00:00:02:0f,19.25,60.0625,False,87.73529411764706,2064656.0
2026-05-09 16:00:30.806007,4f:bb:00:00:02:0f,19.375,60.3125,False,87.76470588235294,2065917.0
2026-05-09 16:21:30.910151,4f:bb:00:00:02:0f,19.5,60.375,False,87.79411764705883,2067175.0
2026-05-09 16:42:30.918080,4f:bb:00:00:02:0f,19.625,60.375,False,87.76470588235294,2068435.5
2026-05-09 17:03:31.020210,4f:bb:00:00:02:0f,19.75,60.4375,False,87.77941176470588,2069698.5
2026-05-09 17:24:31.071500,4f:bb:00:00:02:0f,19.8125,60.4375,False,87.79411764705883,2070955.5
2026-05-09 17:45:31.039566,4f:bb:00:00:02:0f,19.875,60.4375,False,87.82352941176471,2072215.0
2026-05-09 18:06:31.146938,4f:bb:00:00:02:0f,19.9375,60.4375,False,87.8529411764706,2073477.0
2026-05-09 18:27:31.244755,4f:bb:00:00:02:0f,20.0,60.5,False,87.8529411764706,2074737.0
2026-05-09 18:48:31.304979,4f:bb:00:00:02:0f,20.0,60.5,False,87.8529411764706,2075999.0
2026-05-09 19:09:31.315742,4f:bb:00:00:02:0f,20.0,60.5,False,87.8529411764706,2077258.0
2026-05-09 19:30:31.328270,4f:bb:00:00:02:0f,20.0,60.5,False,87.88235294117646,2078515.5
2026-05-09 19:51:31.432862,4f:bb:00:00:02:0f,20.0,60.5,False,87.88235294117646,2079778.5
2026-05-09 20:12:31.444003,4f:bb:00:00:02:0f,19.9375,60.5,False,87.88235294117646,2081038.0
2026-05-09 20:33:31.493675,4f:bb:00:00:02:0f,19.875,60.4375,False,87.88235294117646,2082295.0
2026-05-09 20:54:31.584999,4f:bb:00:00:02:0f,19.875,60.4375,False,87.91176470588235,2083555.5
2026-05-09 21:15:31.682660,4f:bb:00:00:02:0f,19.8125,60.4375,False,87.91176470588235,2084818.0
2026-05-09 21:36:31.794792,4f:bb:00:00:02:0f,19.75,60.4375,False,87.91176470588235,2086076.0
2026-05-09 21:57:31.828883,4f:bb:00:00:02:0f,19.6875,60.4375,False,87.91176470588235,2087338.0
2026-05-09 22:18:31.971816,4f:bb:00:00:02:0f,19.625,60.375,False,87.91176470588235,2088597.0
2026-05-09 22:39:32.057160,4f:bb:00:00:02:0f,19.5,60.375,False,87.91176470588235,2089856.5
2026-05-09 23:00:32.128507,4f:bb:00:00:02:0f,19.4375,60.375,False,87.91176470588235,2091114.0
2026-05-09 23:21:32.166490,4f:bb:00:00:02:0f,19.375,60.3125,False,87.91176470588235,2092378.5
2026-05-09 23:42:32.212887,4f:bb:00:00:02:0f,19.25,60.0625,False,87.94117647058823,2093636.0
2026-05-10 00:03:32.283026,4f:bb:00:00:02:0f,19.1875,60.0625,False,87.94117647058823,2094898.0
2026-05-10 00:24:32.387709,4f:bb:00:00:02:0f,19.125,60.0625,False,87.91176470588235,2096161.0
2026-05-10 00:45:32.412320,4f:bb:00:00:02:0f,19.0,60.0,False,87.91176470588235,2097421.0
2026-05-10 01:06:32.534465,4f:bb:00:00:02:0f,18.9375,60.0,False,87.91176470588235,2098678.0
2026-05-10 01:27:32.604221,4f:bb:00:00:02:0f,18.875,59.9375,False,87.88235294117646,2099938.0
2026-05-10 01:48:32.669009,4f:bb:00:00:02:0f,18.75,59.9375,False,87.88235294117646,2101195.5
2026-05-10 02:09:32.746565,4f:bb:00:00:02:0f,18.6875,59.9375,False,87.88235294117646,2102458.5
2026-05-10 02:30:32.831100,4f:bb:00:00:02:0f,18.625,59.875,False,87.88235294117646,2103720.5
2026-05-10 02:51:32.848937,4f:bb:00:00:02:0f,18.5,59.875,False,87.88235294117646,2104977.5
2026-05-10 03:12:32.916123,4f:bb:00:00:02:0f,18.4375,59.625,False,87.88235294117646,2106239.0
2026-05-10 03:33:33.024860,4f:bb:00:00:02:0f,18.3125,59.5625,False,87.88235294117646,2107498.5
2026-05-10 03:54:33.073451,4f:bb:00:00:02:0f,18.25,59.5625,False,87.88235294117646,2108758.0
2026-05-10 04:15:33.101130,4f:bb:00:00:02:0f,18.125,59.5,False,87.86764705882354,2110019.0
2026-05-10 04:36:33.192337,4f:bb:00:00:02:0f,18.0625,59.5,False,87.8529411764706,2111281.5
2026-05-10 04:57:33.266936,4f:bb:00:00:02:0f,17.9375,59.4375,False,87.8529411764706,2112538.0
2026-05-10 05:18:33.393900,4f:bb:00:00:02:0f,17.875,59.4375,False,87.8529411764706,2113801.0
2026-05-10 05:39:33.469779,4f:bb:00:00:02:0f,17.75,59.375,False,87.8529411764706,2115059.0
2026-05-10 06:00:33.580492,4f:bb:00:00:02:0f,17.6875,59.375,False,87.83823529411765,2116320.0
2026-05-10 06:42:33.769138,4f:bb:00:00:02:0f,21.3125,60.5,False,93.97058823529412,1274.0
2026-05-10 07:03:33.852806,4f:bb:00:00:02:0f,18.25,55.5625,False,94.55882352941175,2533.5
2026-05-10 07:24:33.959540,4f:bb:00:00:02:0f,17.625,56.4375,False,94.20588235294116,3790.0
2026-05-10 07:45:33.958638,4f:bb:00:00:02:0f,17.375,56.9375,False,94.1470588235294,5052.5
2026-05-10 08:06:34.057430,4f:bb:00:00:02:0f,17.25,57.25,False,94.08823529411764,6313.0
2026-05-10 08:27:34.108825,4f:bb:00:00:02:0f,17.1875,57.4375,False,94.0,7573.0
2026-05-10 08:48:34.207150,4f:bb:00:00:02:0f,17.0625,57.5625,False,93.94117647058825,8830.5
2026-05-10 09:09:34.294870,4f:bb:00:00:02:0f,17.0,57.625,False,93.91176470588236,10093.5
2026-05-10 09:30:34.367105,4f:bb:00:00:02:0f,16.9375,57.75,False,93.91176470588236,11352.0
2026-05-10 09:51:34.438297,4f:bb:00:00:02:0f,16.875,57.75,False,93.8529411764706,12613.0
2026-05-10 10:12:34.525389,4f:bb:00:00:02:0f,16.8125,57.8125,False,93.79411764705884,13870.0
2026-05-10 10:33:34.636229,4f:bb:00:00:02:0f,16.75,57.625,False,93.73529411764706,15134.0
2026-05-10 10:54:34.753833,4f:bb:00:00:02:0f,16.6875,57.625,False,93.70588235294116,16391.0
2026-05-10 11:15:34.771761,4f:bb:00:00:02:0f,16.6875,57.625,False,93.6470588235294,17653.0
2026-05-10 11:36:34.864516,4f:bb:00:00:02:0f,16.625,57.6875,False,93.6470588235294,18913.5
2026-05-10 11:57:34.906663,4f:bb:00:00:02:0f,16.5625,57.6875,False,93.61764705882354,20173.0
2026-05-10 12:18:34.911969,4f:bb:00:00:02:0f,16.5,57.6875,False,93.61764705882354,21433.5
2026-05-10 12:39:34.988305,4f:bb:00:00:02:0f,16.5,57.6875,False,93.55882352941175,22691.0
2026-05-10 13:00:35.095189,4f:bb:00:00:02:0f,16.4375,57.75,False,93.58823529411764,23954.0
2026-05-10 13:21:35.146204,4f:bb:00:00:02:0f,16.4375,57.75,False,93.55882352941175,25214.0
2026-05-10 13:42:35.241612,4f:bb:00:00:02:0f,16.4375,57.75,False,93.55882352941175,26473.5
2026-05-10 14:03:35.345242,4f:bb:00:00:02:0f,16.4375,57.75,False,93.52941176470588,27736.0
2026-05-10 14:24:35.389499,4f:bb:00:00:02:0f,16.375,57.8125,False,93.5,28994.0
2026-05-10 14:45:35.473964,4f:bb:00:00:02:0f,16.375,57.8125,False,93.5,30253.0
2026-05-10 15:06:35.562097,4f:bb:00:00:02:0f,16.375,57.8125,False,93.47058823529412,31517.0
2026-05-10 15:27:35.647310,4f:bb:00:00:02:0f,16.375,57.8125,False,93.44117647058825,32775.0
2026-05-10 15:48:35.737794,4f:bb:00:00:02:0f,16.4375,57.8125,False,93.44117647058825,34034.0
2026-05-10 16:09:35.866224,4f:bb:00:00:02:0f,16.4375,57.8125,False,93.41176470588236,35296.5
2026-05-10 16:30:35.865606,4f:bb:00:00:02:0f,16.4375,57.8125,False,93.3529411764706,36554.0
2026-05-10 16:51:35.939782,4f:bb:00:00:02:0f,16.4375,57.8125,False,93.3529411764706,37817.0
2026-05-10 17:12:36.036703,4f:bb:00:00:02:0f,16.4375,57.8125,False,93.32352941176472,39076.0
2026-05-10 17:33:36.156589,4f:bb:00:00:02:0f,16.4375,57.8125,False,93.27941176470588,40335.0
2026-05-10 17:54:36.235957,4f:bb:00:00:02:0f,16.4375,57.8125,False,93.23529411764706,41597.0
2026-05-10 18:15:36.325037,4f:bb:00:00:02:0f,16.5,57.8125,False,93.19117647058825,42856.0
2026-05-10 18:36:36.436499,4f:bb:00:00:02:0f,16.5,57.8125,False,93.19117647058825,44118.0
2026-05-10 18:57:36.536235,4f:bb:00:00:02:0f,16.5,57.8125,False,93.1470588235294,45373.5
2026-05-10 19:15:04.012056,4f:bb:00:00:02:0f,16.5,57.8125,False,93.11764705882354,46423.5
2026-05-10 19:34:00.106047,4f:bb:00:00:02:0f,16.5,57.8125,False,93.05882352941175,47558.0
2026-05-10 19:55:00.087298,4f:bb:00:00:02:0f,16.5625,57.8125,False,93.02941176470588,48820.5
2026-05-10 20:16:00.166030,4f:bb:00:00:02:0f,16.5625,57.8125,False,93.0,50080.0
2026-05-10 20:37:00.283016,4f:bb:00:00:02:0f,16.5625,57.8125,False,92.95588235294116,51339.0
2026-05-10 20:58:00.343259,4f:bb:00:00:02:0f,16.5,57.8125,False,92.94117647058825,52600.5
2026-05-10 21:19:00.395696,4f:bb:00:00:02:0f,16.5,57.8125,False,92.91176470588236,53860.0
2026-05-10 21:40:00.488614,4f:bb:00:00:02:0f,16.4375,57.8125,False,92.88235294117646,55122.0
2026-05-10 22:01:00.598740,4f:bb:00:00:02:0f,16.4375,57.8125,False,92.88235294117646,56380.5
2026-05-10 22:22:00.671252,4f:bb:00:00:02:0f,16.4375,57.8125,False,92.82352941176472,57641.0
2026-05-10 22:43:00.789267,4f:bb:00:00:02:0f,16.375,57.8125,False,92.79411764705884,58900.0
2026-05-10 23:04:00.804708,4f:bb:00:00:02:0f,16.375,57.8125,False,92.76470588235294,60163.5
2026-05-10 23:25:00.935675,4f:bb:00:00:02:0f,16.3125,57.75,False,92.79411764705884,61421.0
2026-05-10 23:46:01.014063,4f:bb:00:00:02:0f,16.25,57.75,False,92.76470588235294,62683.0
2026-05-11 00:07:01.038233,4f:bb:00:00:02:0f,16.1875,57.6875,False,92.73529411764706,63940.0
2026-05-11 00:28:01.151244,4f:bb:00:00:02:0f,16.125,57.6875,False,92.70588235294116,65202.0
2026-05-11 00:49:01.204972,4f:bb:00:00:02:0f,16.0625,57.625,False,92.70588235294116,66461.0
2026-05-11 01:10:01.219493,4f:bb:00:00:02:0f,16.0,57.5625,False,92.6470588235294,67723.0
2026-05-11 01:31:01.336579,4f:bb:00:00:02:0f,15.9375,57.3125,False,92.61764705882354,68984.0
2026-05-11 01:52:01.444487,4f:bb:00:00:02:0f,15.8125,57.25,False,92.58823529411764,70243.0
2026-05-11 02:13:01.544306,4f:bb:00:00:02:0f,15.75,57.1875,False,92.52941176470588,71503.0
2026-05-11 02:34:01.599924,4f:bb:00:00:02:0f,15.625,57.125,False,92.52941176470588,72761.0
2026-05-11 02:55:01.613049,4f:bb:00:00:02:0f,15.5,57.0625,False,92.5,74021.0
2026-05-11 03:16:01.734399,4f:bb:00:00:02:0f,15.4375,57.0,False,92.44117647058825,75282.0
2026-05-11 03:37:01.823537,4f:bb:00:00:02:0f,15.3125,56.9375,False,92.38235294117646,76543.5
2026-05-11 03:58:01.900057,4f:bb:00:00:02:0f,15.1875,56.9375,False,92.3529411764706,77803.0
2026-05-11 04:19:02.020951,4f:bb:00:00:02:0f,15.0625,56.625,False,92.32352941176472,79066.0
2026-05-11 04:40:02.099356,4f:bb:00:00:02:0f,14.9375,56.5625,False,92.29411764705884,80321.0
2026-05-11 05:01:02.206831,4f:bb:00:00:02:0f,14.8125,56.5,False,92.26470588235294,81585.0
2026-05-11 05:22:02.297833,4f:bb:00:00:02:0f,14.75,56.5,False,92.23529411764706,82842.0
2026-05-11 05:43:02.388077,4f:bb:00:00:02:0f,14.625,56.4375,False,92.20588235294116,84103.0
2026-05-11 06:04:02.430355,4f:bb:00:00:02:0f,14.5,56.375,False,92.20588235294116,85364.0
2026-05-11 06:25:02.506177,4f:bb:00:00:02:0f,14.375,56.375,False,92.17647058823528,86625.0
2026-05-11 06:46:02.627117,4f:bb:00:00:02:0f,14.25,56.375,False,92.23529411764706,87886.0
2026-05-11 07:07:02.646298,4f:bb:00:00:02:0f,14.125,56.125,False,92.20588235294116,89142.0
2026-05-11 07:28:02.755272,4f:bb:00:00:02:0f,14.0625,56.125,False,92.20588235294116,90406.0
2026-05-11 07:49:02.841075,4f:bb:00:00:02:0f,14.0,56.125,False,92.22058823529412,91665.0
2026-05-11 08:10:02.873272,4f:bb:00:00:02:0f,13.9375,56.125,False,92.20588235294116,92926.5
2026-05-11 08:31:02.971968,4f:bb:00:00:02:0f,13.875,56.125,False,92.20588235294116,94183.0
2026-05-11 08:52:03.056109,4f:bb:00:00:02:0f,13.875,56.1875,False,92.17647058823528,95446.5
2026-05-11 09:13:03.111517,4f:bb:00:00:02:0f,13.8125,56.125,False,92.1470588235294,96703.5
2026-05-11 09:34:03.179710,4f:bb:00:00:02:0f,13.75,56.1875,False,92.08823529411764,97967.0
2026-05-11 09:55:03.312003,4f:bb:00:00:02:0f,13.75,56.25,False,92.05882352941175,99226.0
2026-05-11 10:16:03.365129,4f:bb:00:00:02:0f,13.75,56.25,False,92.05882352941175,100483.5
2026-05-11 10:37:03.382086,4f:bb:00:00:02:0f,13.8125,56.25,False,92.02941176470588,101747.0
2026-05-11 10:58:03.458445,4f:bb:00:00:02:0f,13.8125,56.3125,False,92.0,103005.0
2026-05-11 11:19:03.547432,4f:bb:00:00:02:0f,13.8125,56.3125,False,91.97058823529412,104264.0
2026-05-11 11:40:03.585894,4f:bb:00:00:02:0f,13.875,56.3125,False,92.0,105524.0
2026-05-11 12:01:03.630690,4f:bb:00:00:02:0f,13.875,56.3125,False,91.97058823529412,106787.0
2026-05-11 12:22:03.758398,4f:bb:00:00:02:0f,13.9375,56.375,False,91.97058823529412,108045.0
2026-05-11 12:43:03.809003,4f:bb:00:00:02:0f,14.0625,56.4375,False,91.95588235294116,109306.5
2026-05-11 13:04:03.899202,4f:bb:00:00:02:0f,14.125,56.4375,False,91.97058823529412,110563.0
2026-05-11 13:25:03.994960,4f:bb:00:00:02:0f,14.25,56.6875,False,91.94117647058825,111828.0
2026-05-11 13:46:04.074105,4f:bb:00:00:02:0f,14.375,56.6875,False,91.94117647058825,113084.0
2026-05-11 14:07:04.108271,4f:bb:00:00:02:0f,14.4375,56.6875,False,91.92647058823528,114349.5
2026-05-11 14:28:04.117452,4f:bb:00:00:02:0f,14.5,56.6875,False,91.91176470588236,115606.0
2026-05-11 14:49:04.241201,4f:bb:00:00:02:0f,14.625,56.6875,False,91.91176470588236,116867.0
2026-05-11 15:10:04.231790,4f:bb:00:00:02:0f,14.75,56.75,False,91.91176470588236,118126.0
2026-05-11 15:31:04.316472,4f:bb:00:00:02:0f,14.8125,56.75,False,91.88235294117646,119387.5
2026-05-11 15:52:04.436933,4f:bb:00:00:02:0f,14.875,56.75,False,91.88235294117646,120650.0
2026-05-11 16:13:04.549977,4f:bb:00:00:02:0f,15.0,56.75,False,91.88235294117646,121911.0
2026-05-11 16:34:04.639123,4f:bb:00:00:02:0f,15.0625,56.75,False,91.88235294117646,123166.5
2026-05-11 16:55:04.749315,4f:bb:00:00:02:0f,15.125,57.0,False,91.88235294117646,124429.0
2026-05-11 17:16:04.777873,4f:bb:00:00:02:0f,15.1875,57.0625,False,91.8529411764706,125686.0
2026-05-11 17:37:04.846111,4f:bb:00:00:02:0f,15.3125,57.0625,False,91.82352941176472,126946.5
2026-05-11 17:58:04.860383,4f:bb:00:00:02:0f,15.375,57.0625,False,91.76470588235294,128207.0
2026-05-11 18:19:04.936063,4f:bb:00:00:02:0f,15.5,57.125,False,91.70588235294116,129467.0
2026-05-11 18:40:05.021982,4f:bb:00:00:02:0f,15.5625,57.125,False,91.70588235294116,130730.0
2026-05-11 19:01:05.051045,4f:bb:00:00:02:0f,15.625,57.125,False,91.70588235294116,131989.5
2026-05-11 19:22:05.161570,4f:bb:00:00:02:0f,15.6875,57.1875,False,91.70588235294116,133246.0
2026-05-11 19:43:05.222105,4f:bb:00:00:02:0f,15.6875,57.1875,False,91.67647058823528,134510.0
2026-05-11 20:04:05.284755,4f:bb:00:00:02:0f,15.75,57.1875,False,91.67647058823528,135767.0
2026-05-11 20:25:05.327119,4f:bb:00:00:02:0f,15.75,57.1875,False,91.6470588235294,137028.0
2026-05-11 20:46:05.447085,4f:bb:00:00:02:0f,15.75,57.1875,False,91.61764705882354,138290.0
2026-05-11 21:07:05.513418,4f:bb:00:00:02:0f,15.6875,57.1875,False,91.61764705882354,139547.5
2026-05-11 21:28:05.545935,4f:bb:00:00:02:0f,15.6875,57.25,False,91.61764705882354,140806.5
2026-05-11 21:49:05.634243,4f:bb:00:00:02:0f,15.6875,57.25,False,91.58823529411764,142070.0
2026-05-11 22:10:05.741360,4f:bb:00:00:02:0f,15.6875,57.25,False,91.58823529411764,143331.0
2026-05-11 22:31:05.763857,4f:bb:00:00:02:0f,15.6875,57.3125,False,91.55882352941175,144592.0
2026-05-11 22:52:05.867562,4f:bb:00:00:02:0f,15.6875,57.3125,False,91.55882352941175,145849.5
2026-05-11 23:13:05.864774,4f:bb:00:00:02:0f,15.625,57.3125,False,91.54411764705884,147109.5
2026-05-11 23:34:05.885737,4f:bb:00:00:02:0f,15.625,57.25,False,91.52941176470588,148370.0
2026-05-11 23:55:05.896694,4f:bb:00:00:02:0f,15.5625,57.25,False,91.5,149632.5
2026-05-12 00:16:06.017623,4f:bb:00:00:02:0f,15.5,57.25,False,91.47058823529412,150886.5
2026-05-12 00:37:06.050695,4f:bb:00:00:02:0f,15.5,57.1875,False,91.47058823529412,152152.5
2026-05-12 00:58:06.106871,4f:bb:00:00:02:0f,15.4375,57.125,False,91.44117647058825,153412.5
2026-05-12 01:19:06.166158,4f:bb:00:00:02:0f,15.3125,57.125,False,91.44117647058825,154669.5
2026-05-12 01:40:06.273711,4f:bb:00:00:02:0f,15.25,57.0625,False,91.41176470588236,155932.5
2026-05-12 02:01:06.333446,4f:bb:00:00:02:0f,15.1875,57.0,False,91.38235294117646,157189.0
2026-05-12 02:22:06.430623,4f:bb:00:00:02:0f,15.0625,56.9375,False,91.38235294117646,158452.0
2026-05-12 02:43:06.558444,4f:bb:00:00:02:0f,15.0,56.6875,False,91.3529411764706,159710.0
2026-05-12 03:04:06.642044,4f:bb:00:00:02:0f,14.875,56.625,False,91.29411764705884,160971.0
2026-05-12 03:25:06.697117,4f:bb:00:00:02:0f,14.8125,56.5625,False,91.29411764705884,162228.0
2026-05-12 03:46:06.725777,4f:bb:00:00:02:0f,14.6875,56.5,False,91.29411764705884,163492.0
2026-05-12 04:07:06.740330,4f:bb:00:00:02:0f,14.5625,56.5,False,91.23529411764706,164750.0
2026-05-12 04:28:06.764327,4f:bb:00:00:02:0f,14.5,56.4375,False,91.23529411764706,166010.0
2026-05-12 04:49:06.794139,4f:bb:00:00:02:0f,14.375,56.375,False,91.16176470588236,167270.0
2026-05-12 05:10:06.785837,4f:bb:00:00:02:0f,14.25,56.3125,False,91.1470588235294,168533.0
2026-05-12 05:31:06.874607,4f:bb:00:00:02:0f,14.125,56.0625,False,91.11764705882354,169792.0
2026-05-12 05:52:06.926051,4f:bb:00:00:02:0f,14.0,56.0,False,91.11764705882354,171053.5
2026-05-12 06:13:06.937704,4f:bb:00:00:02:0f,13.9375,56.0,False,91.08823529411764,172309.0
2026-05-12 06:34:07.038659,4f:bb:00:00:02:0f,13.8125,55.9375,False,91.05882352941175,173574.0
2026-05-12 06:55:07.142437,4f:bb:00:00:02:0f,13.6875,55.9375,False,91.02941176470588,174832.5
2026-05-12 07:16:07.226637,4f:bb:00:00:02:0f,13.625,55.9375,False,91.0,176095.0
2026-05-12 07:37:07.295326,4f:bb:00:00:02:0f,13.5625,56.0,False,91.0,177353.0
2026-05-12 07:58:07.360987,4f:bb:00:00:02:0f,13.5,56.0,False,90.97058823529412,178613.0
2026-05-12 08:19:07.468423,4f:bb:00:00:02:0f,13.5,56.0,False,90.94117647058825,179870.5
2026-05-12 08:40:07.520210,4f:bb:00:00:02:0f,13.4375,56.0,False,90.94117647058825,181133.0
2026-05-12 09:01:07.570251,4f:bb:00:00:02:0f,13.4375,56.0625,False,90.91176470588236,182392.5
2026-05-12 09:22:07.661987,4f:bb:00:00:02:0f,13.5,56.125,False,90.91176470588236,183656.0
2026-05-12 09:43:07.775852,4f:bb:00:00:02:0f,13.625,56.25,False,90.91176470588236,184913.0
2026-05-12 10:04:07.783696,4f:bb:00:00:02:0f,13.75,56.375,False,90.88235294117646,186175.0
2026-05-12 10:25:07.888549,4f:bb:00:00:02:0f,13.9375,56.4375,False,90.88235294117646,187435.0
2026-05-12 10:46:07.968912,4f:bb:00:00:02:0f,14.1875,56.4375,False,90.91176470588236,188695.0
2026-05-12 11:07:08.088104,4f:bb:00:00:02:0f,14.4375,56.625,False,90.91176470588236,189953.0
2026-05-12 11:28:08.099467,4f:bb:00:00:02:0f,14.625,56.625,False,90.94117647058825,191213.5
2026-05-12 11:49:08.235058,4f:bb:00:00:02:0f,14.8125,56.625,False,90.94117647058825,192470.0
2026-05-12 12:10:08.278773,4f:bb:00:00:02:0f,15.0625,56.625,False,90.94117647058825,193733.0
2026-05-12 12:31:08.336090,4f:bb:00:00:02:0f,15.25,56.8125,False,90.94117647058825,194993.0
2026-05-12 12:52:08.360841,4f:bb:00:00:02:0f,15.4375,56.8125,False,90.8970588235294,196254.0
2026-05-12 13:13:08.395289,4f:bb:00:00:02:0f,15.5625,56.8125,False,90.91176470588236,197515.0
2026-05-12 13:34:08.510610,4f:bb:00:00:02:0f,15.625,56.8125,False,90.91176470588236,198776.0
2026-05-12 13:55:08.590201,4f:bb:00:00:02:0f,15.6875,56.8125,False,90.94117647058825,200034.0
2026-05-12 14:16:08.693043,4f:bb:00:00:02:0f,15.75,56.875,False,90.91176470588236,201296.0
2026-05-12 14:37:08.739587,4f:bb:00:00:02:0f,15.8125,56.9375,False,90.8970588235294,202554.0
2026-05-12 14:58:08.829850,4f:bb:00:00:02:0f,15.875,56.875,False,90.91176470588236,203816.0
2026-05-12 15:19:08.880753,4f:bb:00:00:02:0f,15.875,56.875,False,90.88235294117646,205077.5
2026-05-12 15:40:08.941069,4f:bb:00:00:02:0f,15.875,56.9375,False,90.88235294117646,206338.0
2026-05-12 16:01:09.045801,4f:bb:00:00:02:0f,15.875,56.9375,False,90.88235294117646,207594.0
2026-05-12 16:22:09.149918,4f:bb:00:00:02:0f,15.875,56.9375,False,90.8529411764706,208858.5
2026-05-12 16:43:09.238037,4f:bb:00:00:02:0f,15.875,57.0,False,90.82352941176472,210115.5
2026-05-12 17:04:09.335376,4f:bb:00:00:02:0f,15.8125,57.0,False,90.8529411764706,211378.0
2026-05-12 17:25:09.442670,4f:bb:00:00:02:0f,15.8125,57.0,False,90.8529411764706,212638.0
2026-05-12 17:46:09.445449,4f:bb:00:00:02:0f,15.8125,57.0625,False,90.82352941176472,213895.5
2026-05-12 18:07:09.539247,4f:bb:00:00:02:0f,15.875,57.0625,False,90.8529411764706,215158.0
2026-05-12 18:28:09.665868,4f:bb:00:00:02:0f,15.875,57.0625,False,90.80882352941175,216418.5
2026-05-12 18:49:09.746957,4f:bb:00:00:02:0f,15.9375,57.125,False,90.82352941176472,217675.0
2026-05-12 19:10:09.836516,4f:bb:00:00:02:0f,16.0,57.375,False,90.79411764705884,218937.0
2026-05-12 19:31:09.893568,4f:bb:00:00:02:0f,16.0,57.375,False,90.76470588235294,220198.0
2026-05-12 19:52:09.967539,4f:bb:00:00:02:0f,16.0625,57.375,False,90.79411764705884,221456.0
2026-05-12 20:13:10.061239,4f:bb:00:00:02:0f,16.0625,57.375,False,90.76470588235294,222719.0
2026-05-12 20:34:10.078248,4f:bb:00:00:02:0f,16.0,57.3125,False,90.73529411764706,223977.0
2026-05-12 20:55:10.142220,4f:bb:00:00:02:0f,16.0,57.3125,False,90.73529411764706,225235.0
2026-05-12 21:16:10.257248,4f:bb:00:00:02:0f,15.9375,57.3125,False,90.73529411764706,226498.0
2026-05-12 21:37:10.309916,4f:bb:00:00:02:0f,15.875,57.125,False,90.73529411764706,227760.0
2026-05-12 21:58:10.405851,4f:bb:00:00:02:0f,15.8125,57.125,False,90.70588235294116,229015.5
2026-05-12 22:19:10.498656,4f:bb:00:00:02:0f,15.8125,57.0625,False,90.70588235294116,230278.0
2026-05-12 22:40:10.624707,4f:bb:00:00:02:0f,15.75,57.0625,False,90.6470588235294,231538.5
2026-05-12 23:01:10.691508,4f:bb:00:00:02:0f,15.6875,57.0625,False,90.67647058823528,232799.0
2026-05-12 23:22:10.756387,4f:bb:00:00:02:0f,15.625,57.0,False,90.6470588235294,234059.0
2026-05-12 23:43:10.869110,4f:bb:00:00:02:0f,15.5625,57.0,False,90.6470588235294,235321.0
2026-05-13 00:04:10.955403,4f:bb:00:00:02:0f,15.5,56.9375,False,90.58823529411764,236577.0
2026-05-13 00:25:10.997394,4f:bb:00:00:02:0f,15.375,56.875,False,90.58823529411764,237838.5
2026-05-13 00:46:11.089089,4f:bb:00:00:02:0f,15.3125,56.8125,False,90.6029411764706,239101.5
2026-05-13 01:07:11.166471,4f:bb:00:00:02:0f,15.1875,56.75,False,90.55882352941175,240358.5
2026-05-13 01:28:11.256996,4f:bb:00:00:02:0f,15.125,56.75,False,90.55882352941175,241621.0
2026-05-13 01:49:11.367531,4f:bb:00:00:02:0f,15.0,56.4375,False,90.52941176470588,242879.0
2026-05-13 02:10:11.385377,4f:bb:00:00:02:0f,14.9375,56.375,False,90.5,244142.0
2026-05-13 02:31:11.425266,4f:bb:00:00:02:0f,14.8125,56.3125,False,90.5,245400.0
2026-05-13 02:52:11.537306,4f:bb:00:00:02:0f,14.71875,56.3125,False,90.47058823529412,246660.0
2026-05-13 03:13:11.589984,4f:bb:00:00:02:0f,14.625,56.25,False,90.41176470588236,247919.0
2026-05-13 03:34:11.703833,4f:bb:00:00:02:0f,14.5,56.1875,False,90.41176470588236,249180.0
2026-05-13 03:55:11.813718,4f:bb:00:00:02:0f,14.375,56.1875,False,90.41176470588236,250441.0
2026-05-13 04:16:11.907236,4f:bb:00:00:02:0f,14.3125,56.125,False,90.3529411764706,251702.0
2026-05-13 04:37:11.958736,4f:bb:00:00:02:0f,14.25,55.875,False,90.38235294117646,252961.0
2026-05-13 04:58:11.985611,4f:bb:00:00:02:0f,14.125,55.8125,False,90.32352941176472,254222.0
2026-05-13 05:19:12.076147,4f:bb:00:00:02:0f,14.0,55.75,False,90.29411764705884,255481.0
2026-05-13 05:40:12.142255,4f:bb:00:00:02:0f,13.9375,55.75,False,90.26470588235294,256742.0
2026-05-13 06:01:12.214337,4f:bb:00:00:02:0f,13.8125,55.6875,False,90.23529411764706,258001.0
2026-05-13 06:22:12.292605,4f:bb:00:00:02:0f,13.6875,55.6875,False,90.23529411764706,259263.5
2026-05-13 06:43:12.371008,4f:bb:00:00:02:0f,13.625,55.625,False,90.17647058823528,260522.0
2026-05-13 07:04:12.425740,4f:bb:00:00:02:0f,13.5625,55.625,False,90.17647058823528,261781.5
2026-05-13 07:25:12.512283,4f:bb:00:00:02:0f,13.5,55.625,False,90.17647058823528,263044.0
2026-05-13 07:46:12.630135,4f:bb:00:00:02:0f,13.4375,55.6875,False,90.11764705882354,264301.5
2026-05-13 08:07:12.728336,4f:bb:00:00:02:0f,13.375,55.6875,False,90.08823529411764,265562.0
2026-05-13 08:28:12.812019,4f:bb:00:00:02:0f,13.3125,55.4375,False,90.08823529411764,266822.0
2026-05-13 08:49:12.912526,4f:bb:00:00:02:0f,13.3125,55.4375,False,90.05882352941177,268082.0
2026-05-13 09:10:13.009112,4f:bb:00:00:02:0f,13.3125,55.5,False,90.05882352941177,269344.5
2026-05-13 09:31:13.071328,4f:bb:00:00:02:0f,13.3125,55.5625,False,90.02941176470588,270603.0
2026-05-13 09:52:13.169867,4f:bb:00:00:02:0f,13.4375,55.9375,False,90.02941176470588,271864.0
2026-05-13 10:13:13.258544,4f:bb:00:00:02:0f,13.5625,55.9375,False,90.0,273124.5
2026-05-13 10:34:13.334192,4f:bb:00:00:02:0f,13.625,55.9375,False,90.02941176470588,274383.5
2026-05-13 10:55:13.300531,4f:bb:00:00:02:0f,13.6875,55.9375,False,90.02941176470588,275644.0
2026-05-13 11:16:13.361524,4f:bb:00:00:02:0f,13.8125,55.9375,False,90.02941176470588,276902.0
2026-05-13 11:37:13.364320,4f:bb:00:00:02:0f,13.9375,56.0,False,90.02941176470588,278161.0
2026-05-13 11:58:13.460137,4f:bb:00:00:02:0f,14.0,56.0,False,90.0,279423.0
2026-05-13 12:19:13.580537,4f:bb:00:00:02:0f,14.125,55.9375,False,90.02941176470588,280685.0
2026-05-13 12:40:13.671852,4f:bb:00:00:02:0f,14.1875,55.9375,False,89.97058823529412,281941.0
2026-05-13 13:01:13.787554,4f:bb:00:00:02:0f,14.1875,55.9375,False,90.0,283205.0
2026-05-13 13:22:13.867275,4f:bb:00:00:02:0f,14.25,56.1875,False,89.95588235294117,284464.5
2026-05-13 13:43:13.999907,4f:bb:00:00:02:0f,14.25,56.1875,False,90.0,285725.0
2026-05-13 14:04:14.046754,4f:bb:00:00:02:0f,14.3125,56.1875,False,89.98529411764706,286983.0
2026-05-13 14:25:14.143108,4f:bb:00:00:02:0f,14.375,56.25,False,89.97058823529412,288245.0
2026-05-13 14:46:14.250923,4f:bb:00:00:02:0f,14.375,56.25,False,89.97058823529412,289507.0
2026-05-13 15:07:14.270569,4f:bb:00:00:02:0f,14.4375,56.25,False,89.94117647058823,290765.0
2026-05-13 15:28:14.364607,4f:bb:00:00:02:0f,14.5,56.3125,False,89.97058823529412,292025.0
2026-05-13 15:49:14.425206,4f:bb:00:00:02:0f,14.5625,56.3125,False,89.94117647058823,293284.5
2026-05-13 16:10:14.475272,4f:bb:00:00:02:0f,14.625,56.3125,False,89.94117647058823,294544.0
2026-05-13 16:31:14.556464,4f:bb:00:00:02:0f,14.6875,56.375,False,89.94117647058823,295807.0
2026-05-13 16:52:14.604441,4f:bb:00:00:02:0f,14.75,56.375,False,89.91176470588235,297065.0
2026-05-13 17:13:14.689823,4f:bb:00:00:02:0f,14.75,56.375,False,89.94117647058823,298327.0
2026-05-13 17:34:14.793410,4f:bb:00:00:02:0f,14.8125,56.375,False,89.91176470588235,299587.5
2026-05-13 17:55:14.861025,4f:bb:00:00:02:0f,14.875,56.4375,False,89.91176470588235,300844.0
2026-05-13 18:16:14.976973,4f:bb:00:00:02:0f,14.875,56.4375,False,89.94117647058823,302108.0
2026-05-13 18:30:34.920661,4f:bb:00:00:02:0f,14.875,56.4375,False,89.91176470588235,302965.0
2026-05-13 18:51:34.046033,4f:bb:00:00:02:0f,14.9375,56.4375,False,89.91176470588235,304225.0
2026-05-13 19:12:34.060300,4f:bb:00:00:02:0f,14.9375,56.5,False,89.91176470588235,305488.5
2026-05-13 19:33:34.128945,4f:bb:00:00:02:0f,15.0,56.5,False,89.91176470588235,306746.0
2026-05-13 19:54:34.217988,4f:bb:00:00:02:0f,15.0625,56.5,False,89.94117647058823,308008.5
2026-05-13 20:15:34.336243,4f:bb:00:00:02:0f,15.0625,56.5,False,89.94117647058823,309265.0
2026-05-13 20:36:34.406657,4f:bb:00:00:02:0f,15.0625,56.75,False,89.94117647058823,310527.0
2026-05-13 20:57:34.479565,4f:bb:00:00:02:0f,15.0625,56.5,False,89.97058823529412,311787.0
2026-05-13 21:18:34.621503,4f:bb:00:00:02:0f,15.0625,56.5625,False,89.94117647058823,313045.5
2026-05-13 21:39:34.666920,4f:bb:00:00:02:0f,15.0625,56.5625,False,89.91176470588235,314306.0
2026-05-13 22:00:34.696955,4f:bb:00:00:02:0f,15.0,56.5625,False,89.91176470588235,315568.5
2026-05-13 22:21:34.779981,4f:bb:00:00:02:0f,15.0,56.5625,False,89.91176470588235,316826.0
2026-05-13 22:42:34.807787,4f:bb:00:00:02:0f,14.9375,56.5625,False,89.91176470588235,318087.0
2026-05-13 23:03:34.865948,4f:bb:00:00:02:0f,14.9375,56.5625,False,89.8529411764706,319349.0
2026-05-13 23:24:34.901301,4f:bb:00:00:02:0f,14.875,56.5625,False,89.88235294117646,320607.0
2026-05-13 23:45:34.939759,4f:bb:00:00:02:0f,14.875,56.5,False,89.88235294117646,321868.0
2026-05-14 00:06:35.009148,4f:bb:00:00:02:0f,14.8125,56.5,False,89.86764705882354,323127.0
2026-05-14 00:27:35.135788,4f:bb:00:00:02:0f,14.75,56.5,False,89.8529411764706,324388.0
2026-05-14 00:48:35.189767,4f:bb:00:00:02:0f,14.6875,56.5,False,89.8529411764706,325649.0
2026-05-14 01:09:35.254540,4f:bb:00:00:02:0f,14.625,56.4375,False,89.82352941176471,326906.5
2026-05-14 01:30:35.332418,4f:bb:00:00:02:0f,14.5625,56.4375,False,89.82352941176471,328165.0
2026-05-14 01:51:35.424583,4f:bb:00:00:02:0f,14.5,56.375,False,89.82352941176471,329429.0
2026-05-14 02:12:35.473395,4f:bb:00:00:02:0f,14.4375,56.375,False,89.79411764705883,330686.0
2026-05-14 02:33:35.556074,4f:bb:00:00:02:0f,14.375,56.3125,False,89.79411764705883,331945.0
2026-05-14 02:54:35.667290,4f:bb:00:00:02:0f,14.3125,56.3125,False,89.79411764705883,333209.0
2026-05-14 03:15:35.761383,4f:bb:00:00:02:0f,14.25,56.3125,False,89.76470588235294,334468.5
2026-05-14 03:36:35.815331,4f:bb:00:00:02:0f,14.1875,56.0,False,89.76470588235294,335730.0
2026-05-14 03:57:35.934412,4f:bb:00:00:02:0f,14.125,56.0,False,89.73529411764706,336988.0
2026-05-14 04:18:36.032973,4f:bb:00:00:02:0f,14.0625,56.0,False,89.72058823529412,338250.0
2026-05-14 04:39:36.056687,4f:bb:00:00:02:0f,14.0,55.9375,False,89.67647058823529,339511.0
2026-05-14 05:00:36.065092,4f:bb:00:00:02:0f,13.9375,55.9375,False,89.6470588235294,340768.5
2026-05-14 05:21:36.115342,4f:bb:00:00:02:0f,13.875,55.90625,False,89.6470588235294,342030.0
2026-05-14 05:42:36.147463,4f:bb:00:00:02:0f,13.75,55.875,False,89.61764705882354,343288.0
2026-05-14 06:03:36.215976,4f:bb:00:00:02:0f,13.6875,55.875,False,89.61764705882354,344550.0
2026-05-14 06:24:36.288243,4f:bb:00:00:02:0f,13.625,55.8125,False,89.58823529411765,345814.0
2026-05-14 06:45:36.315422,4f:bb:00:00:02:0f,13.5625,55.8125,False,89.55882352941177,347069.0
2026-05-14 07:06:36.422691,4f:bb:00:00:02:0f,13.5,55.8125,False,89.55882352941177,348331.5
2026-05-14 07:27:36.523172,4f:bb:00:00:02:0f,13.4375,55.8125,False,89.54411764705883,349591.5
2026-05-14 07:48:36.617805,4f:bb:00:00:02:0f,13.375,55.8125,False,89.52941176470588,350848.0
2026-05-14 08:09:36.625276,4f:bb:00:00:02:0f,13.375,55.625,False,89.5,352112.0
2026-05-14 08:30:36.766933,4f:bb:00:00:02:0f,13.375,55.875,False,89.52941176470588,353370.0
2026-05-14 08:51:36.748331,4f:bb:00:00:02:0f,13.375,55.9375,False,89.47058823529412,354632.0
2026-05-14 09:12:36.783857,4f:bb:00:00:02:0f,13.375,55.9375,False,89.47058823529412,355891.0
2026-05-14 09:33:36.881387,4f:bb:00:00:02:0f,13.4375,56.0,False,89.47058823529412,357148.0
2026-05-14 09:54:36.956881,4f:bb:00:00:02:0f,13.4375,56.0,False,89.47058823529412,358410.0
2026-05-14 10:15:36.991265,4f:bb:00:00:02:0f,13.5,56.0,False,89.47058823529412,359671.5
2026-05-14 10:36:37.031389,4f:bb:00:00:02:0f,13.625,56.0625,False,89.45588235294117,360930.0
2026-05-14 10:57:37.126917,4f:bb:00:00:02:0f,13.6875,56.0625,False,89.44117647058823,362191.0
2026-05-14 11:18:37.225929,4f:bb:00:00:02:0f,13.75,56.125,False,89.44117647058823,363450.0
2026-05-14 11:39:37.253887,4f:bb:00:00:02:0f,13.9375,56.1875,False,89.44117647058823,364710.0
2026-05-14 12:00:37.354237,4f:bb:00:00:02:0f,14.1875,56.375,False,89.47058823529412,365968.5
2026-05-14 12:21:37.385137,4f:bb:00:00:02:0f,14.625,56.75,False,89.47058823529412,367231.5
2026-05-14 12:42:37.386952,4f:bb:00:00:02:0f,15.0625,56.875,False,89.44117647058823,368492.0
2026-05-14 13:03:37.445466,4f:bb:00:00:02:0f,15.5625,57.25,False,89.67647058823529,369752.0
2026-05-14 13:24:37.457279,4f:bb:00:00:02:0f,16.125,57.6875,False,89.70588235294117,371012.0
2026-05-14 13:45:37.527234,4f:bb:00:00:02:0f,16.6875,57.875,False,89.72058823529412,372274.5
2026-05-14 14:06:37.551105,4f:bb:00:00:02:0f,17.25,58.3125,False,89.76470588235294,373532.0
2026-05-14 14:27:37.628321,4f:bb:00:00:02:0f,17.8125,58.625,False,89.91176470588235,374792.0
2026-05-14 14:48:37.735615,4f:bb:00:00:02:0f,18.25,58.75,False,89.94117647058823,376054.0
2026-05-14 15:09:37.823128,4f:bb:00:00:02:0f,18.6875,59.0,False,90.0,377314.0
2026-05-14 15:30:37.874488,4f:bb:00:00:02:0f,19.0,58.9375,False,90.05882352941177,378574.5
2026-05-14 15:51:37.986468,4f:bb:00:00:02:0f,19.1875,58.9375,False,90.0,379833.0
2026-05-14 16:12:38.035017,4f:bb:00:00:02:0f,19.3125,58.875,False,90.02941176470588,381092.0
2026-05-14 16:33:38.158352,4f:bb:00:00:02:0f,19.4375,59.125,False,90.02941176470588,382354.5
2026-05-14 16:54:38.191335,4f:bb:00:00:02:0f,19.5,59.125,False,90.11764705882354,383611.5
2026-05-14 17:15:38.337088,4f:bb:00:00:02:0f,19.5625,59.125,False,90.1470588235294,384874.5
2026-05-14 17:36:38.400067,4f:bb:00:00:02:0f,19.5625,59.1875,False,90.17647058823528,386133.0
2026-05-14 17:57:38.467489,4f:bb:00:00:02:0f,19.625,59.25,False,90.17647058823528,387394.5
2026-05-14 18:18:38.558102,4f:bb:00:00:02:0f,19.6875,59.25,False,90.20588235294116,388653.0
2026-05-14 18:39:38.647937,4f:bb:00:00:02:0f,19.75,59.25,False,90.23529411764706,389915.0
2026-05-14 19:00:38.746574,4f:bb:00:00:02:0f,19.75,59.21875,False,90.23529411764706,391174.5
2026-05-14 19:21:38.840264,4f:bb:00:00:02:0f,19.6875,59.1875,False,90.23529411764706,392435.0
2026-05-14 19:42:38.900645,4f:bb:00:00:02:0f,19.625,59.1875,False,90.23529411764706,393694.0
2026-05-14 20:03:38.968179,4f:bb:00:00:02:0f,19.625,59.1875,False,90.23529411764706,394954.0
2026-05-14 20:24:39.040393,4f:bb:00:00:02:0f,19.5625,59.1875,False,90.20588235294116,396217.0
2026-05-14 20:45:39.139745,4f:bb:00:00:02:0f,19.5,59.25,False,90.20588235294116,397474.5
2026-05-14 21:06:39.239737,4f:bb:00:00:02:0f,19.5,59.25,False,90.23529411764706,398737.0
2026-05-14 21:27:39.244188,4f:bb:00:00:02:0f,19.5,59.25,False,90.23529411764706,399995.0
2026-05-14 21:48:39.334234,4f:bb:00:00:02:0f,19.4375,59.1875,False,90.23529411764706,401257.0
2026-05-14 22:09:39.391950,4f:bb:00:00:02:0f,19.375,59.25,False,90.23529411764706,402514.5
2026-05-14 22:30:39.426245,4f:bb:00:00:02:0f,19.375,59.25,False,90.23529411764706,403775.0
2026-05-14 22:51:39.461315,4f:bb:00:00:02:0f,19.375,59.1875,False,90.20588235294116,405038.0
2026-05-14 23:12:39.513114,4f:bb:00:00:02:0f,19.3125,58.9375,False,90.20588235294116,406297.0
2026-05-14 23:33:39.608116,4f:bb:00:00:02:0f,19.25,58.9375,False,90.20588235294116,407557.5
2026-05-14 23:54:39.704895,4f:bb:00:00:02:0f,19.1875,58.875,False,90.20588235294116,408815.0
2026-05-15 00:15:39.796923,4f:bb:00:00:02:0f,19.125,58.75,False,90.20588235294116,410075.0
2026-05-15 00:36:39.912968,4f:bb:00:00:02:0f,19.0,58.6875,False,90.1470588235294,411335.0
2026-05-15 00:57:39.996408,4f:bb:00:00:02:0f,18.9375,58.6875,False,90.1470588235294,412597.0
2026-05-15 01:18:40.077661,4f:bb:00:00:02:0f,18.875,58.6875,False,90.17647058823528,413854.5
2026-05-15 01:39:40.124988,4f:bb:00:00:02:0f,18.8125,58.6875,False,90.1470588235294,415117.0
2026-05-15 02:00:40.221266,4f:bb:00:00:02:0f,18.75,58.75,False,90.1470588235294,416377.0
2026-05-15 02:21:40.248755,4f:bb:00:00:02:0f,18.75,58.75,False,90.11764705882354,417635.0
2026-05-15 02:42:40.340270,4f:bb:00:00:02:0f,18.6875,58.6875,False,90.11764705882354,418896.0
2026-05-15 03:03:40.412230,4f:bb:00:00:02:0f,18.6875,58.75,False,90.11764705882354,420157.0
2026-05-15 03:24:40.543963,4f:bb:00:00:02:0f,18.625,58.75,False,90.11764705882354,421417.5
2026-05-15 03:45:40.611493,4f:bb:00:00:02:0f,18.625,58.6875,False,90.08823529411764,422679.5
2026-05-15 04:06:40.649619,4f:bb:00:00:02:0f,18.625,58.75,False,90.08823529411764,423939.0
2026-05-15 04:27:40.776951,4f:bb:00:00:02:0f,18.625,58.75,False,90.08823529411764,425200.0
2026-05-15 04:48:40.850747,4f:bb:00:00:02:0f,18.5625,58.75,False,90.02941176470588,426457.0
2026-05-15 05:09:40.914055,4f:bb:00:00:02:0f,18.5625,58.75,False,90.02941176470588,427716.0
2026-05-15 05:30:40.981213,4f:bb:00:00:02:0f,18.5625,58.75,False,90.05882352941177,428979.0
2026-05-15 05:51:41.093266,4f:bb:00:00:02:0f,18.5625,58.75,False,90.05882352941177,430240.5
2026-05-15 06:12:41.195406,4f:bb:00:00:02:0f,18.5625,58.8125,False,90.02941176470588,431500.0
2026-05-15 06:33:41.237954,4f:bb:00:00:02:0f,18.625,58.8125,False,90.02941176470588,432761.0
2026-05-15 06:54:41.369533,4f:bb:00:00:02:0f,18.625,58.8125,False,90.05882352941177,434017.0
2026-05-15 07:15:41.413249,4f:bb:00:00:02:0f,18.625,58.8125,False,90.05882352941177,435279.0
2026-05-15 07:36:41.508213,4f:bb:00:00:02:0f,18.625,58.8125,False,90.01470588235294,436540.5
2026-05-15 07:57:41.588671,4f:bb:00:00:02:0f,18.625,58.75,False,90.0,437798.0
2026-05-15 08:18:41.709106,4f:bb:00:00:02:0f,18.625,58.75,False,90.0,439060.0
2026-05-15 08:39:41.830341,4f:bb:00:00:02:0f,18.625,58.8125,False,90.02941176470588,440318.0
2026-05-15 09:00:41.910328,4f:bb:00:00:02:0f,18.625,58.8125,False,90.0,441580.5
2026-05-15 09:21:41.972635,4f:bb:00:00:02:0f,18.625,58.8125,False,90.0,442839.0
2026-05-15 09:42:42.011675,4f:bb:00:00:02:0f,18.5625,58.75,False,90.0,444100.0
2026-05-15 10:03:42.097794,4f:bb:00:00:02:0f,18.5625,58.6875,False,89.94117647058823,445358.0
2026-05-15 10:24:42.189754,4f:bb:00:00:02:0f,18.5,58.6875,False,89.94117647058823,446619.0
2026-05-15 10:45:42.260425,4f:bb:00:00:02:0f,18.5,58.4375,False,89.94117647058823,447881.0
2026-05-15 11:06:42.317618,4f:bb:00:00:02:0f,18.4375,58.4375,False,89.91176470588235,449141.0
2026-05-15 11:27:42.489319,4f:bb:00:00:02:0f,18.46875,58.4375,False,89.94117647058823,450402.0
2026-05-15 11:48:42.530820,4f:bb:00:00:02:0f,18.4375,58.4375,False,89.91176470588235,451661.0
2026-05-15 12:09:42.656869,4f:bb:00:00:02:0f,18.4375,58.375,False,89.91176470588235,452920.0
2026-05-15 12:30:42.772561,4f:bb:00:00:02:0f,18.4375,58.375,False,89.91176470588235,454180.5
2026-05-15 12:51:42.751812,4f:bb:00:00:02:0f,18.375,58.3125,False,89.88235294117646,455444.0
2026-05-15 13:12:42.841848,4f:bb:00:00:02:0f,18.375,58.3125,False,89.88235294117646,456699.0
2026-05-15 13:33:42.842913,4f:bb:00:00:02:0f,18.375,58.3125,False,89.88235294117646,457960.0
2026-05-15 13:54:42.942792,4f:bb:00:00:02:0f,18.375,58.375,False,89.91176470588235,459224.0
2026-05-15 14:15:43.038723,4f:bb:00:00:02:0f,18.4375,58.5,False,89.88235294117646,460480.5
2026-05-15 14:36:43.116794,4f:bb:00:00:02:0f,18.6875,58.9375,False,89.88235294117646,461743.5
2026-05-15 14:57:43.209848,4f:bb:00:00:02:0f,19.0625,59.125,False,89.91176470588235,463000.5
2026-05-15 15:18:43.318976,4f:bb:00:00:02:0f,19.5,59.4375,False,89.94117647058823,464262.0
2026-05-15 15:39:43.438516,4f:bb:00:00:02:0f,19.9375,59.5,False,90.08823529411764,465523.0
2026-05-15 16:00:43.461566,4f:bb:00:00:02:0f,20.25,59.6875,False,90.11764705882354,466781.0
2026-05-15 16:21:43.578839,4f:bb:00:00:02:0f,20.5625,59.625,False,90.1470588235294,468043.5
2026-05-15 16:42:43.637513,4f:bb:00:00:02:0f,20.75,59.625,False,90.20588235294116,469302.0
2026-05-15 17:03:43.670758,4f:bb:00:00:02:0f,20.9375,59.625,False,90.25,470565.0
2026-05-15 17:24:43.779539,4f:bb:00:00:02:0f,21.0625,59.875,False,90.26470588235294,471823.0
2026-05-15 17:45:43.873213,4f:bb:00:00:02:0f,21.1875,59.875,False,90.26470588235294,473083.5
2026-05-15 18:06:43.963217,4f:bb:00:00:02:0f,21.25,59.875,False,90.26470588235294,474343.0
2026-05-15 18:27:44.035739,4f:bb:00:00:02:0f,21.3125,59.875,False,90.26470588235294,475603.0
2026-05-15 18:48:44.136215,4f:bb:00:00:02:0f,21.3125,59.875,False,90.26470588235294,476865.0
2026-05-15 19:09:44.162055,4f:bb:00:00:02:0f,21.3125,59.875,False,90.26470588235294,478122.0
2026-05-15 19:30:44.207192,4f:bb:00:00:02:0f,21.3125,59.8125,False,90.26470588235294,479384.0
2026-05-15 19:51:44.324342,4f:bb:00:00:02:0f,21.25,59.8125,False,90.26470588235294,480647.0
2026-05-15 20:12:44.409500,4f:bb:00:00:02:0f,21.1875,59.8125,False,90.26470588235294,481903.5
2026-05-15 20:33:44.499346,4f:bb:00:00:02:0f,21.125,59.75,False,90.26470588235294,483164.0
2026-05-15 20:54:44.613294,4f:bb:00:00:02:0f,21.0,59.5,False,90.26470588235294,484425.0
2026-05-15 21:15:44.725163,4f:bb:00:00:02:0f,20.875,59.4375,False,90.23529411764706,485686.0
2026-05-15 21:36:44.784365,4f:bb:00:00:02:0f,20.8125,59.375,False,90.23529411764706,486946.0
2026-05-15 21:57:44.877613,4f:bb:00:00:02:0f,20.6875,59.3125,False,90.20588235294116,488203.5
2026-05-15 22:18:44.937613,4f:bb:00:00:02:0f,20.5625,59.25,False,90.20588235294116,489464.0
2026-05-15 22:39:44.979413,4f:bb:00:00:02:0f,20.4375,59.125,False,90.20588235294116,490726.0
2026-05-15 23:00:45.113264,4f:bb:00:00:02:0f,20.25,59.0625,False,90.20588235294116,491983.5
2026-05-15 23:21:45.195481,4f:bb:00:00:02:0f,20.125,58.75,False,90.17647058823528,493246.0
2026-05-15 23:42:45.197882,4f:bb:00:00:02:0f,20.0,58.6875,False,90.1470588235294,494506.0
2026-05-16 00:03:45.230770,4f:bb:00:00:02:0f,19.875,58.6875,False,90.17647058823528,495764.0
2026-05-16 00:24:45.332097,4f:bb:00:00:02:0f,19.8125,58.6875,False,90.17647058823528,497025.0
2026-05-16 00:45:45.444915,4f:bb:00:00:02:0f,19.6875,58.6875,False,90.1470588235294,498286.5
2026-05-16 01:06:45.503283,4f:bb:00:00:02:0f,19.625,58.75,False,90.11764705882354,499546.0
2026-05-16 01:27:45.561652,4f:bb:00:00:02:0f,19.625,58.75,False,90.11764705882354,500806.5
2026-05-16 01:48:45.655659,4f:bb:00:00:02:0f,19.5625,58.75,False,90.08823529411764,502064.0
2026-05-16 02:09:45.676424,4f:bb:00:00:02:0f,19.5,58.75,False,90.08823529411764,503326.0
2026-05-16 02:30:45.736891,4f:bb:00:00:02:0f,19.4375,58.75,False,90.05882352941177,504588.0
2026-05-16 02:51:45.837219,4f:bb:00:00:02:0f,19.375,58.6875,False,90.02941176470588,505844.0
2026-05-16 03:12:45.933213,4f:bb:00:00:02:0f,19.3125,58.5,False,90.0,507107.0
2026-05-16 03:33:45.966646,4f:bb:00:00:02:0f,19.25,58.5,False,90.0,508365.0
2026-05-16 03:54:45.997340,4f:bb:00:00:02:0f,19.25,58.5,False,90.0,509629.0
2026-05-16 04:15:46.114780,4f:bb:00:00:02:0f,19.1875,58.5,False,89.97058823529412,510887.0
2026-05-16 04:36:46.104293,4f:bb:00:00:02:0f,19.1875,58.5,False,89.97058823529412,512146.0
2026-05-16 04:57:46.133254,4f:bb:00:00:02:0f,19.1875,58.5,False,89.97058823529412,513407.0
2026-05-16 05:18:46.251608,4f:bb:00:00:02:0f,19.125,58.5,False,89.94117647058823,514667.0
2026-05-16 05:39:46.338849,4f:bb:00:00:02:0f,19.125,58.5,False,89.91176470588235,515926.0
2026-05-16 06:00:46.452099,4f:bb:00:00:02:0f,19.125,58.5625,False,89.91176470588235,517189.5
2026-05-16 06:21:46.534836,4f:bb:00:00:02:0f,19.125,58.5625,False,89.94117647058823,518449.0
2026-05-16 06:42:46.636255,4f:bb:00:00:02:0f,19.125,58.5625,False,89.91176470588235,519707.0
2026-05-16 07:03:46.735257,4f:bb:00:00:02:0f,19.125,58.5625,False,89.91176470588235,520967.0
2026-05-16 07:24:46.845650,4f:bb:00:00:02:0f,19.1875,58.625,False,89.91176470588235,522230.0
2026-05-16 07:45:46.879578,4f:bb:00:00:02:0f,19.1875,58.5625,False,89.91176470588235,523486.5
2026-05-16 08:06:46.917534,4f:bb:00:00:02:0f,19.25,58.5625,False,89.88235294117646,524748.0
2026-05-16 08:27:47.038518,4f:bb:00:00:02:0f,19.25,58.5,False,89.88235294117646,526007.0
2026-05-16 08:48:47.030547,4f:bb:00:00:02:0f,19.3125,58.5625,False,89.8529411764706,527267.0
2026-05-16 09:09:47.092737,4f:bb:00:00:02:0f,19.3125,58.5625,False,89.88235294117646,528528.0
2026-05-16 09:30:47.141601,4f:bb:00:00:02:0f,19.375,58.8125,False,89.88235294117646,529789.0
2026-05-16 09:51:47.230634,4f:bb:00:00:02:0f,19.4375,58.75,False,89.88235294117646,531048.0
2026-05-16 10:12:47.316850,4f:bb:00:00:02:0f,19.5,58.75,False,89.8529411764706,532307.5
2026-05-16 10:33:47.428006,4f:bb:00:00:02:0f,19.5,58.6875,False,89.8529411764706,533570.0
2026-05-16 10:54:47.470747,4f:bb:00:00:02:0f,19.5625,58.625,False,89.88235294117646,534829.0
2026-05-16 11:15:47.499677,4f:bb:00:00:02:0f,19.5,58.625,False,89.88235294117646,536088.0
2026-05-16 11:36:47.551038,4f:bb:00:00:02:0f,19.5625,58.625,False,89.8529411764706,537351.0
2026-05-16 11:57:47.644397,4f:bb:00:00:02:0f,19.5625,58.625,False,89.82352941176471,538611.0
2026-05-16 12:18:47.776278,4f:bb:00:00:02:0f,19.5625,58.625,False,89.8529411764706,539871.0
2026-05-16 12:39:47.852146,4f:bb:00:00:02:0f,19.625,58.625,False,89.82352941176471,541130.0
2026-05-16 13:00:47.895296,4f:bb:00:00:02:0f,19.625,58.625,False,89.82352941176471,542382.5
2026-05-16 13:21:49.097387,4f:bb:00:00:02:0f,19.625,58.625,False,89.79411764705883,543652.5
2026-05-16 13:42:49.817706,4f:bb:00:00:02:0f,19.5625,66.28125,False,89.58823529411765,544909.0
2026-05-16 14:03:49.897523,4f:bb:00:00:02:0f,19.5625,68.8125,False,89.58823529411765,546172.0
2026-05-16 14:24:49.963031,4f:bb:00:00:02:0f,19.5,69.75,False,89.58823529411765,547435.5
2026-05-16 14:45:50.080088,4f:bb:00:00:02:0f,19.5,70.25,False,89.58823529411765,548697.0
2026-05-16 15:06:50.163074,4f:bb:00:00:02:0f,19.4375,70.5,False,89.55882352941177,549953.0
2026-05-16 15:27:50.218381,4f:bb:00:00:02:0f,19.4375,70.625,False,89.52941176470588,551212.5
2026-05-16 15:48:50.267107,4f:bb:00:00:02:0f,19.375,70.6875,False,89.55882352941177,552474.0
2026-05-16 16:09:50.328477,4f:bb:00:00:02:0f,19.375,70.6875,False,89.55882352941177,553732.0
2026-05-16 16:30:50.405281,4f:bb:00:00:02:0f,19.3125,70.375,False,89.52941176470588,554994.0
2026-05-16 16:51:50.485152,4f:bb:00:00:02:0f,19.25,70.375,False,89.55882352941177,556253.0
2026-05-16 17:12:50.560760,4f:bb:00:00:02:0f,19.1875,69.6875,False,89.55882352941177,557512.5
2026-05-16 17:33:50.651801,4f:bb:00:00:02:0f,19.1875,68.28125,False,89.55882352941177,558774.0
2026-05-16 17:54:50.712791,4f:bb:00:00:02:0f,19.125,68.0625,False,89.52941176470588,560034.0
2026-05-16 18:15:50.749231,4f:bb:00:00:02:0f,19.0625,68.0,False,89.52941176470588,561295.5
2026-05-16 18:36:50.839866,4f:bb:00:00:02:0f,19.0,67.875,False,89.5,562554.0
2026-05-16 18:57:50.892630,4f:bb:00:00:02:0f,18.9375,67.8125,False,89.5,563817.0
2026-05-16 19:18:50.951548,4f:bb:00:00:02:0f,18.875,67.75,False,89.5,565072.0
2026-05-16 19:39:51.009867,4f:bb:00:00:02:0f,18.875,67.65625,False,89.48529411764706,566335.5
2026-05-16 20:00:51.105789,4f:bb:00:00:02:0f,18.8125,67.625,False,89.44117647058823,567594.0
2026-05-16 20:21:51.157785,4f:bb:00:00:02:0f,18.875,67.4375,False,89.44117647058823,568856.0
2026-05-16 20:42:51.229849,4f:bb:00:00:02:0f,19.0,67.125,False,89.44117647058823,570117.0
2026-05-16 21:03:51.323295,4f:bb:00:00:02:0f,19.125,65.1875,False,89.44117647058823,571375.0
2026-05-16 21:24:51.396356,4f:bb:00:00:02:0f,19.1875,64.3125,False,89.44117647058823,572635.0
2026-05-16 21:45:51.432619,4f:bb:00:00:02:0f,19.25,63.125,False,89.44117647058823,573896.0
2026-05-16 22:06:51.486035,4f:bb:00:00:02:0f,19.3125,62.625,False,89.41176470588235,575155.0
2026-05-16 22:27:51.578267,4f:bb:00:00:02:0f,19.3125,62.25,False,89.44117647058823,576415.5
2026-05-16 22:48:51.604866,4f:bb:00:00:02:0f,19.3125,62.0625,False,89.41176470588235,577674.0
2026-05-16 23:09:51.663765,4f:bb:00:00:02:0f,19.3125,61.875,False,89.41176470588235,578935.5
2026-05-16 23:30:51.771366,4f:bb:00:00:02:0f,19.3125,61.75,False,89.41176470588235,580196.0
2026-05-16 23:51:51.795177,4f:bb:00:00:02:0f,19.3125,61.625,False,89.38235294117646,581455.0
2026-05-17 00:12:51.894154,4f:bb:00:00:02:0f,19.3125,61.5,False,89.38235294117646,582717.0
2026-05-17 00:33:51.920662,4f:bb:00:00:02:0f,19.3125,61.4375,False,89.38235294117646,583975.0
2026-05-17 00:54:51.988445,4f:bb:00:00:02:0f,19.34375,61.46875,False,89.38235294117646,585237.0
2026-05-17 01:15:52.082885,4f:bb:00:00:02:0f,19.375,61.5,False,89.38235294117646,586496.0
2026-05-17 01:36:52.196147,4f:bb:00:00:02:0f,19.375,61.4375,False,89.38235294117646,587756.0
2026-05-17 01:57:52.230707,4f:bb:00:00:02:0f,19.375,61.375,False,89.3529411764706,589018.5
2026-05-17 02:18:52.233410,4f:bb:00:00:02:0f,19.375,61.3125,False,89.38235294117646,590275.5
2026-05-17 02:39:52.290960,4f:bb:00:00:02:0f,19.375,61.3125,False,89.38235294117646,591536.0
2026-05-17 03:00:52.299490,4f:bb:00:00:02:0f,19.4375,61.25,False,89.32352941176471,592795.5
2026-05-17 03:21:52.418830,4f:bb:00:00:02:0f,19.4375,61.1875,False,89.3529411764706,594058.5
2026-05-17 03:42:52.456681,4f:bb:00:00:02:0f,19.4375,61.125,False,89.3529411764706,595316.0
2026-05-17 04:03:52.561388,4f:bb:00:00:02:0f,19.5,61.125,False,89.29411764705883,596578.0
2026-05-17 04:24:52.657972,4f:bb:00:00:02:0f,19.5,61.0625,False,89.32352941176471,597837.0
2026-05-17 04:45:52.683408,4f:bb:00:00:02:0f,19.5,61.0,False,89.3529411764706,599097.0
2026-05-17 05:06:52.713172,4f:bb:00:00:02:0f,19.5,61.0,False,89.32352941176471,600359.0
2026-05-17 05:27:52.794829,4f:bb:00:00:02:0f,19.5,60.9375,False,89.32352941176471,601616.0
2026-05-17 05:48:52.784740,4f:bb:00:00:02:0f,19.5,60.9375,False,89.32352941176471,602878.0
2026-05-17 06:09:52.825111,4f:bb:00:00:02:0f,19.5,60.9375,False,89.32352941176471,604137.0
2026-05-17 06:30:52.892791,4f:bb:00:00:02:0f,19.5625,60.875,False,89.29411764705883,605399.0
2026-05-17 06:51:52.990122,4f:bb:00:00:02:0f,19.5625,60.875,False,89.29411764705883,606659.0
2026-05-17 07:12:53.081539,4f:bb:00:00:02:0f,19.625,60.8125,False,89.29411764705883,607920.0
2026-05-17 07:33:53.188557,4f:bb:00:00:02:0f,19.625,60.8125,False,89.29411764705883,609179.0
2026-05-17 07:54:53.278678,4f:bb:00:00:02:0f,19.6875,60.8125,False,89.29411764705883,610437.0
2026-05-17 08:15:53.376601,4f:bb:00:00:02:0f,19.75,60.75,False,89.29411764705883,611699.0
2026-05-17 08:36:53.484253,4f:bb:00:00:02:0f,19.8125,60.75,False,89.29411764705883,612958.0
2026-05-17 08:57:53.491300,4f:bb:00:00:02:0f,19.875,60.75,False,89.29411764705883,614218.5
2026-05-17 09:18:53.566239,4f:bb:00:00:02:0f,20.0,60.75,False,89.29411764705883,615481.0
2026-05-17 09:39:53.680686,4f:bb:00:00:02:0f,20.0625,60.6875,False,89.32352941176471,616740.5
2026-05-17 10:00:53.691682,4f:bb:00:00:02:0f,20.125,60.625,False,89.32352941176471,618000.0
2026-05-17 10:21:53.765496,4f:bb:00:00:02:0f,20.25,60.875,False,89.32352941176471,619262.0
2026-05-17 10:42:53.862484,4f:bb:00:00:02:0f,20.3125,60.875,False,89.32352941176471,620518.0
2026-05-17 11:03:53.968154,4f:bb:00:00:02:0f,20.4375,60.8125,False,89.32352941176471,621778.0
2026-05-17 11:24:54.052484,4f:bb:00:00:02:0f,20.4375,60.8125,False,89.3529411764706,623042.0
2026-05-17 11:45:54.122548,4f:bb:00:00:02:0f,20.5,60.75,False,89.3529411764706,624298.5
2026-05-17 12:06:54.211735,4f:bb:00:00:02:0f,20.5625,60.75,False,89.3529411764706,625559.0
2026-05-17 12:27:54.239750,4f:bb:00:00:02:0f,20.625,60.75,False,89.3529411764706,626822.0
2026-05-17 12:48:54.337627,4f:bb:00:00:02:0f,20.6875,60.75,False,89.3529411764706,628079.0
2026-05-17 13:09:54.425682,4f:bb:00:00:02:0f,20.75,60.8125,False,89.3529411764706,629341.5
2026-05-17 13:30:54.459675,4f:bb:00:00:02:0f,20.875,60.8125,False,89.33823529411765,630600.0
2026-05-17 13:51:54.550396,4f:bb:00:00:02:0f,20.9375,60.75,False,89.3529411764706,631860.0
2026-05-17 14:12:54.636601,4f:bb:00:00:02:0f,21.0,60.75,False,89.38235294117646,633119.0
2026-05-17 14:33:54.686510,4f:bb:00:00:02:0f,21.0625,60.6875,False,89.3529411764706,634380.0
2026-05-17 14:54:54.760462,4f:bb:00:00:02:0f,21.0625,60.9375,False,89.3529411764706,635641.0
2026-05-17 15:15:54.778803,4f:bb:00:00:02:0f,21.0625,60.9375,False,89.3529411764706,636901.0
2026-05-17 15:36:54.837111,4f:bb:00:00:02:0f,21.0625,60.875,False,89.38235294117646,638162.0
2026-05-17 15:57:54.927946,4f:bb:00:00:02:0f,21.0625,60.875,False,89.3529411764706,639421.5
2026-05-17 16:18:54.967083,4f:bb:00:00:02:0f,21.0625,60.875,False,89.38235294117646,640683.0
2026-05-17 16:39:55.071675,4f:bb:00:00:02:0f,21.0625,60.875,False,89.32352941176471,641941.0
2026-05-17 17:00:55.084949,4f:bb:00:00:02:0f,21.0625,60.875,False,89.3529411764706,643201.5
2026-05-17 17:21:55.192894,4f:bb:00:00:02:0f,21.0625,60.625,False,89.33823529411765,644463.0
2026-05-17 17:42:55.217755,4f:bb:00:00:02:0f,21.0625,60.625,False,89.32352941176471,645721.0
2026-05-17 18:03:55.320483,4f:bb:00:00:02:0f,21.0625,60.625,False,89.32352941176471,646984.0
2026-05-17 18:24:55.407888,4f:bb:00:00:02:0f,21.0,60.625,False,89.3529411764706,648242.5
2026-05-17 18:45:55.497355,4f:bb:00:00:02:0f,21.0,60.625,False,89.3529411764706,649502.0
2026-05-17 19:06:55.615873,4f:bb:00:00:02:0f,20.9375,60.625,False,89.38235294117646,650765.0
2026-05-17 19:27:55.729720,4f:bb:00:00:02:0f,20.875,60.625,False,89.32352941176471,652024.5
2026-05-17 19:48:55.744149,4f:bb:00:00:02:0f,20.8125,60.5625,False,89.32352941176471,653284.0
2026-05-17 20:09:55.799315,4f:bb:00:00:02:0f,20.75,60.5,False,89.32352941176471,654541.5
2026-05-17 20:30:55.912016,4f:bb:00:00:02:0f,20.6875,60.4375,False,89.32352941176471,655803.0
2026-05-17 20:51:56.016624,4f:bb:00:00:02:0f,20.5625,60.375,False,89.32352941176471,657064.0
2026-05-17 21:12:56.049863,4f:bb:00:00:02:0f,20.5,60.3125,False,89.29411764705883,658324.0
2026-05-17 21:33:56.041904,4f:bb:00:00:02:0f,20.4375,60.25,False,89.29411764705883,659583.0
2026-05-17 21:54:56.159630,4f:bb:00:00:02:0f,20.375,60.25,False,89.29411764705883,660843.0
2026-05-17 22:15:56.190728,4f:bb:00:00:02:0f,20.3125,60.1875,False,89.29411764705883,662104.0
2026-05-17 22:36:56.241461,4f:bb:00:00:02:0f,20.1875,59.875,False,89.26470588235294,663365.0
2026-05-17 22:57:56.315695,4f:bb:00:00:02:0f,20.125,59.8125,False,89.23529411764706,664624.0
2026-05-17 23:18:56.398586,4f:bb:00:00:02:0f,20.0,59.75,False,89.23529411764706,665887.0
2026-05-17 23:39:56.486964,4f:bb:00:00:02:0f,19.875,59.6875,False,89.23529411764706,667143.0
2026-05-18 00:00:56.617676,4f:bb:00:00:02:0f,19.8125,59.625,False,89.23529411764706,668408.0
2026-05-18 00:21:56.608009,4f:bb:00:00:02:0f,19.75,59.5625,False,89.17647058823529,669665.0
2026-05-18 00:42:56.709502,4f:bb:00:00:02:0f,19.625,59.5,False,89.17647058823529,670926.0
2026-05-18 01:03:56.726581,4f:bb:00:00:02:0f,19.5,59.4375,False,89.1470588235294,672184.0
2026-05-18 01:24:56.756953,4f:bb:00:00:02:0f,19.4375,59.375,False,89.1470588235294,673445.5
2026-05-18 01:45:56.750421,4f:bb:00:00:02:0f,19.3125,59.0625,False,89.11764705882354,674707.0
2026-05-18 02:06:56.769812,4f:bb:00:00:02:0f,19.1875,59.0,False,89.08823529411765,675965.0
2026-05-18 02:27:56.862110,4f:bb:00:00:02:0f,19.0625,59.0,False,89.08823529411765,677224.5
2026-05-18 02:48:56.903537,4f:bb:00:00:02:0f,19.0,58.9375,False,89.05882352941177,678487.0
2026-05-18 03:09:56.994758,4f:bb:00:00:02:0f,18.875,58.875,False,89.05882352941177,679746.0
2026-05-18 03:30:57.050344,4f:bb:00:00:02:0f,18.75,58.8125,False,89.02941176470588,681005.0
2026-05-18 03:51:57.152662,4f:bb:00:00:02:0f,18.625,58.75,False,89.0,682266.0
2026-05-18 04:12:57.241109,4f:bb:00:00:02:0f,18.5,58.4375,False,89.02941176470588,683524.0
2026-05-18 04:33:57.292199,4f:bb:00:00:02:0f,18.375,58.375,False,89.0,684785.0
2026-05-18 04:54:57.417024,4f:bb:00:00:02:0f,18.25,58.375,False,88.94117647058823,686047.5
2026-05-18 05:15:57.512378,4f:bb:00:00:02:0f,18.125,58.3125,False,88.97058823529412,687306.5
2026-05-18 05:36:57.593831,4f:bb:00:00:02:0f,17.9375,58.25,False,88.97058823529412,688566.0
2026-05-18 05:57:57.638060,4f:bb:00:00:02:0f,17.875,58.25,False,88.97058823529412,689827.0
2026-05-18 06:18:57.688339,4f:bb:00:00:02:0f,17.75,58.1875,False,88.94117647058823,691087.0
2026-05-18 06:39:57.729482,4f:bb:00:00:02:0f,17.625,58.1875,False,88.94117647058823,692345.0
2026-05-18 07:00:57.824329,4f:bb:00:00:02:0f,17.5625,57.9375,False,88.92647058823529,693607.5
2026-05-18 07:21:57.875463,4f:bb:00:00:02:0f,17.4375,57.9375,False,88.91176470588235,694867.0
2026-05-18 07:42:57.988151,4f:bb:00:00:02:0f,17.375,57.9375,False,88.91176470588235,696128.0
2026-05-18 08:03:58.064974,4f:bb:00:00:02:0f,17.3125,57.9375,False,88.88235294117646,697386.0
2026-05-18 08:24:58.189342,4f:bb:00:00:02:0f,17.3125,58.0,False,88.8529411764706,698648.0
2026-05-18 08:45:58.232126,4f:bb:00:00:02:0f,17.3125,58.125,False,88.82352941176471,699906.0
2026-05-18 09:06:58.332291,4f:bb:00:00:02:0f,17.375,58.1875,False,88.8529411764706,701168.0
2026-05-18 09:27:58.429034,4f:bb:00:00:02:0f,17.4375,58.1875,False,88.82352941176471,702427.5
2026-05-18 09:48:58.462196,4f:bb:00:00:02:0f,17.5625,58.25,False,88.82352941176471,703689.0
2026-05-18 10:09:58.553063,4f:bb:00:00:02:0f,17.5625,58.1875,False,88.82352941176471,704947.0
2026-05-18 10:30:58.656039,4f:bb:00:00:02:0f,17.625,58.1875,False,88.79411764705883,706211.0
2026-05-18 10:51:58.733907,4f:bb:00:00:02:0f,17.625,58.375,False,88.79411764705883,707469.0
2026-05-18 11:12:58.840399,4f:bb:00:00:02:0f,17.6875,58.375,False,88.79411764705883,708727.0
2026-05-18 11:33:58.953389,4f:bb:00:00:02:0f,17.6875,58.3125,False,88.76470588235294,709991.0
2026-05-18 11:54:58.982494,4f:bb:00:00:02:0f,17.6875,58.3125,False,88.79411764705883,711247.0
2026-05-18 12:15:59.025623,4f:bb:00:00:02:0f,17.6875,58.3125,False,88.79411764705883,712511.0
2026-05-18 12:36:59.111060,4f:bb:00:00:02:0f,17.6875,58.375,False,88.76470588235294,713768.5
2026-05-18 12:57:59.279268,4f:bb:00:00:02:0f,17.6875,58.375,False,88.76470588235294,715027.5
2026-05-18 13:18:59.275668,4f:bb:00:00:02:0f,17.6875,58.375,False,88.70588235294117,716291.0
2026-05-18 13:39:59.416654,4f:bb:00:00:02:0f,17.625,58.375,False,88.70588235294117,717549.0
2026-05-18 14:00:59.435262,4f:bb:00:00:02:0f,17.625,58.375,False,88.70588235294117,718808.0
2026-05-18 14:21:59.472487,4f:bb:00:00:02:0f,17.625,58.375,False,88.73529411764706,720068.0
2026-05-18 14:42:59.520548,4f:bb:00:00:02:0f,17.6875,58.4375,False,88.70588235294117,721330.0
2026-05-18 15:03:59.628187,4f:bb:00:00:02:0f,17.6875,58.375,False,88.70588235294117,722593.5
2026-05-18 15:24:59.689484,4f:bb:00:00:02:0f,17.6875,58.375,False,88.73529411764706,723849.0
2026-05-18 15:45:59.764889,4f:bb:00:00:02:0f,17.6875,58.375,False,88.73529411764706,725111.0
2026-05-18 16:06:59.875809,4f:bb:00:00:02:0f,17.75,58.375,False,88.70588235294117,726369.0
2026-05-18 16:27:59.997031,4f:bb:00:00:02:0f,17.75,58.375,False,88.70588235294117,727631.0
2026-05-18 16:49:00.087823,4f:bb:00:00:02:0f,17.75,58.375,False,88.67647058823529,728892.5
2026-05-18 17:10:00.153246,4f:bb:00:00:02:0f,17.75,58.375,False,88.67647058823529,730150.0
2026-05-18 17:31:00.211377,4f:bb:00:00:02:0f,17.75,58.375,False,88.67647058823529,731414.0
2026-05-18 17:52:00.312263,4f:bb:00:00:02:0f,17.6875,58.375,False,88.67647058823529,732670.5
2026-05-18 18:13:00.385601,4f:bb:00:00:02:0f,17.6875,58.375,False,88.6470588235294,733934.0
2026-05-18 18:34:00.491645,4f:bb:00:00:02:0f,17.6875,58.375,False,88.67647058823529,735192.0
2026-05-18 18:55:00.598556,4f:bb:00:00:02:0f,17.6875,58.375,False,88.6470588235294,736453.5
2026-05-18 19:16:00.586139,4f:bb:00:00:02:0f,17.6875,58.375,False,88.6470588235294,737712.0
2026-05-18 19:37:00.697307,4f:bb:00:00:02:0f,17.6875,58.375,False,88.67647058823529,738973.0
2026-05-18 19:58:00.810849,4f:bb:00:00:02:0f,17.625,58.375,False,88.6470588235294,740230.0
2026-05-18 20:19:00.903232,4f:bb:00:00:02:0f,17.625,58.125,False,88.6470588235294,741492.0
2026-05-18 20:40:01.021296,4f:bb:00:00:02:0f,17.625,58.125,False,88.6470588235294,742750.0
2026-05-18 21:01:01.017585,4f:bb:00:00:02:0f,17.5625,58.0625,False,88.6470588235294,744012.0
2026-05-18 21:22:01.015270,4f:bb:00:00:02:0f,17.5625,58.0625,False,88.61764705882354,745272.0
2026-05-18 21:43:01.109121,4f:bb:00:00:02:0f,17.5,58.0625,False,88.61764705882354,746530.5
2026-05-18 22:04:01.189319,4f:bb:00:00:02:0f,17.5,58.0,False,88.58823529411765,747793.0
2026-05-18 22:25:01.291254,4f:bb:00:00:02:0f,17.4375,58.0,False,88.61764705882354,749053.5
2026-05-18 22:46:01.299576,4f:bb:00:00:02:0f,17.4375,57.9375,False,88.61764705882354,750313.5
2026-05-18 23:07:01.387969,4f:bb:00:00:02:0f,17.375,57.9375,False,88.58823529411765,751573.0
2026-05-18 23:28:01.447960,4f:bb:00:00:02:0f,17.375,57.9375,False,88.58823529411765,752834.0
2026-05-18 23:49:01.552809,4f:bb:00:00:02:0f,17.3125,57.875,False,88.55882352941177,754093.5
2026-05-19 00:10:01.652287,4f:bb:00:00:02:0f,17.3125,57.875,False,88.52941176470588,755354.0
2026-05-19 00:31:01.760607,4f:bb:00:00:02:0f,17.25,57.8125,False,88.55882352941177,756613.0
2026-05-19 00:52:01.853371,4f:bb:00:00:02:0f,17.1875,57.8125,False,88.5,757874.0
2026-05-19 01:13:01.943049,4f:bb:00:00:02:0f,17.125,57.75,False,88.5,759133.0
2026-05-19 01:34:02.001617,4f:bb:00:00:02:0f,17.0625,57.75,False,88.47058823529412,760394.0
2026-05-19 01:55:02.091530,4f:bb:00:00:02:0f,17.0625,57.6875,False,88.45588235294117,761655.0
2026-05-19 02:16:02.177417,4f:bb:00:00:02:0f,17.0,57.6875,False,88.44117647058823,762914.0
2026-05-19 02:37:02.237448,4f:bb:00:00:02:0f,16.9375,57.6875,False,88.41176470588235,764176.0
2026-05-19 02:58:02.294002,4f:bb:00:00:02:0f,16.875,57.625,False,88.38235294117646,765436.0
2026-05-19 03:19:02.361365,4f:bb:00:00:02:0f,16.8125,57.625,False,88.38235294117646,766693.0
2026-05-19 03:40:02.471832,4f:bb:00:00:02:0f,16.75,57.375,False,88.38235294117646,767957.0
2026-05-19 04:01:02.464206,4f:bb:00:00:02:0f,16.6875,57.3125,False,88.3529411764706,769215.0
2026-05-19 04:22:02.572836,4f:bb:00:00:02:0f,16.6875,57.3125,False,88.38235294117646,770473.0
2026-05-19 04:43:02.636896,4f:bb:00:00:02:0f,16.625,57.3125,False,88.32352941176471,771735.0
2026-05-19 05:04:02.749163,4f:bb:00:00:02:0f,16.5625,57.3125,False,88.32352941176471,772993.5
2026-05-19 05:25:02.800353,4f:bb:00:00:02:0f,16.5,57.25,False,88.29411764705883,774254.0
2026-05-19 05:46:02.871384,4f:bb:00:00:02:0f,16.4375,57.25,False,88.32352941176471,775516.5
2026-05-19 06:07:03.018509,4f:bb:00:00:02:0f,16.4375,57.25,False,88.29411764705883,776773.5
2026-05-19 06:28:03.040799,4f:bb:00:00:02:0f,16.375,57.25,False,88.29411764705883,778037.0
2026-05-19 06:49:03.143087,4f:bb:00:00:02:0f,16.3125,57.1875,False,88.26470588235294,779293.5
2026-05-19 07:10:03.237764,4f:bb:00:00:02:0f,16.25,57.1875,False,88.26470588235294,780557.0
2026-05-19 07:31:03.359045,4f:bb:00:00:02:0f,16.25,57.1875,False,88.23529411764706,781815.0
2026-05-19 07:52:03.400270,4f:bb:00:00:02:0f,16.1875,57.1875,False,88.23529411764706,783078.0
2026-05-19 08:13:03.478818,4f:bb:00:00:02:0f,16.1875,57.1875,False,88.26470588235294,784339.0
2026-05-19 08:34:03.611675,4f:bb:00:00:02:0f,16.1875,57.1875,False,88.23529411764706,785597.0
2026-05-19 08:55:03.672053,4f:bb:00:00:02:0f,16.1875,57.1875,False,88.20588235294117,786859.0
2026-05-19 09:16:03.763147,4f:bb:00:00:02:0f,16.125,57.25,False,88.20588235294117,788118.0
2026-05-19 09:37:03.831817,4f:bb:00:00:02:0f,16.125,57.25,False,88.20588235294117,789379.0
2026-05-19 09:58:03.954914,4f:bb:00:00:02:0f,16.125,57.25,False,88.17647058823529,790638.0
2026-05-19 10:19:04.086929,4f:bb:00:00:02:0f,16.125,57.25,False,88.20588235294117,791898.5
2026-05-19 10:40:04.091312,4f:bb:00:00:02:0f,16.125,57.25,False,88.17647058823529,793156.0
2026-05-19 11:01:04.055761,4f:bb:00:00:02:0f,16.1875,57.3125,False,88.20588235294117,794417.0
2026-05-19 11:22:04.160050,4f:bb:00:00:02:0f,16.1875,57.3125,False,88.17647058823529,795676.5
2026-05-19 11:43:04.262915,4f:bb:00:00:02:0f,16.1875,57.3125,False,88.20588235294117,796940.0
2026-05-19 12:04:04.424189,4f:bb:00:00:02:0f,16.1875,57.3125,False,88.17647058823529,798197.0
2026-05-19 12:25:04.415382,4f:bb:00:00:02:0f,16.25,57.3125,False,88.17647058823529,799456.0
2026-05-19 12:46:04.404949,4f:bb:00:00:02:0f,16.3125,57.375,False,88.17647058823529,800718.0
2026-05-19 13:07:04.489949,4f:bb:00:00:02:0f,16.375,57.4375,False,88.17647058823529,801978.0
2026-05-19 13:28:04.587001,4f:bb:00:00:02:0f,16.4375,57.4375,False,88.17647058823529,803236.5
2026-05-19 13:49:04.698166,4f:bb:00:00:02:0f,16.5625,57.5,False,88.1470588235294,804499.0
2026-05-19 14:10:04.759404,4f:bb:00:00:02:0f,16.6875,57.5,False,88.17647058823529,805760.0
2026-05-19 14:31:04.829548,4f:bb:00:00:02:0f,16.8125,57.6875,False,88.17647058823529,807022.0
2026-05-19 14:52:04.927953,4f:bb:00:00:02:0f,16.9375,57.6875,False,88.17647058823529,808278.0
2026-05-19 15:13:05.043015,4f:bb:00:00:02:0f,17.0,57.6875,False,88.17647058823529,809538.0
2026-05-19 15:34:05.130385,4f:bb:00:00:02:0f,17.125,57.75,False,88.17647058823529,810801.0
2026-05-19 15:55:05.167114,4f:bb:00:00:02:0f,17.1875,57.75,False,88.17647058823529,812059.5
2026-05-19 16:16:05.225213,4f:bb:00:00:02:0f,17.3125,57.75,False,88.17647058823529,813319.0
2026-05-19 16:37:05.230415,4f:bb:00:00:02:0f,17.375,57.75,False,88.17647058823529,814580.0
2026-05-19 16:58:05.259085,4f:bb:00:00:02:0f,17.4375,57.875,False,88.17647058823529,815839.5
2026-05-19 17:19:05.303610,4f:bb:00:00:02:0f,17.6875,58.3125,False,88.20588235294117,817102.5
2026-05-19 17:40:05.396392,4f:bb:00:00:02:0f,18.0,58.5,False,88.20588235294117,818360.5
2026-05-19 18:01:05.499007,4f:bb:00:00:02:0f,18.5,58.6875,False,88.23529411764706,819622.0
2026-05-19 18:22:05.562184,4f:bb:00:00:02:0f,18.9375,59.125,False,88.26470588235294,820881.0
2026-05-19 18:43:05.663449,4f:bb:00:00:02:0f,19.4375,59.5,False,88.29411764705883,822140.0
2026-05-19 19:04:05.717693,4f:bb:00:00:02:0f,19.9375,59.625,False,88.26470588235294,823401.0
2026-05-19 19:25:05.712630,4f:bb:00:00:02:0f,20.4375,60.0,False,88.38235294117646,824659.5
2026-05-19 19:46:05.829764,4f:bb:00:00:02:0f,20.8125,60.0625,False,88.41176470588235,825921.0
2026-05-19 20:07:05.829947,4f:bb:00:00:02:0f,21.1875,60.375,False,88.38235294117646,827180.0
2026-05-19 20:28:05.936545,4f:bb:00:00:02:0f,21.5,60.4375,False,88.47058823529412,828439.5
2026-05-19 20:49:05.978824,4f:bb:00:00:02:0f,21.8125,60.4375,False,88.5,829701.0
2026-05-19 21:10:06.068989,4f:bb:00:00:02:0f,22.0625,60.75,False,88.47058823529412,830959.5
2026-05-19 21:31:06.153006,4f:bb:00:00:02:0f,22.25,60.8125,False,88.55882352941177,832221.0
2026-05-19 21:52:06.209190,4f:bb:00:00:02:0f,22.4375,60.8125,False,88.58823529411765,833483.0
2026-05-19 22:13:06.229743,4f:bb:00:00:02:0f,22.625,60.875,False,88.6470588235294,834739.5
2026-05-19 22:34:06.300247,4f:bb:00:00:02:0f,22.8125,61.1875,False,88.73529411764706,836001.0
2026-05-19 22:55:06.393192,4f:bb:00:00:02:0f,22.875,61.1875,False,88.79411764705883,837264.0
2026-05-19 23:16:06.495184,4f:bb:00:00:02:0f,23.0,61.25,False,88.82352941176471,838521.0
2026-05-19 23:37:06.615031,4f:bb:00:00:02:0f,23.125,61.25,False,88.8529411764706,839785.0
2026-05-19 23:58:06.690215,4f:bb:00:00:02:0f,23.1875,61.25,False,88.88235294117646,841042.5
2026-05-20 00:19:06.711020,4f:bb:00:00:02:0f,23.25,61.25,False,88.88235294117646,842302.0
2026-05-20 00:40:06.727627,4f:bb:00:00:02:0f,23.3125,61.25,False,88.91176470588235,843563.0
2026-05-20 01:01:06.833347,4f:bb:00:00:02:0f,23.3125,61.25,False,88.94117647058823,844822.5
2026-05-20 01:22:06.864913,4f:bb:00:00:02:0f,23.3125,61.25,False,88.97058823529412,846082.0
2026-05-20 01:43:06.992513,4f:bb:00:00:02:0f,23.3125,61.25,False,88.97058823529412,847345.0
2026-05-20 02:04:07.084090,4f:bb:00:00:02:0f,23.25,61.1875,False,89.0,848603.0
2026-05-20 02:25:07.175473,4f:bb:00:00:02:0f,23.25,61.125,False,89.0,849865.5
2026-05-20 02:46:07.245463,4f:bb:00:00:02:0f,23.125,61.0,False,89.0,851125.5
2026-05-20 03:07:07.349254,4f:bb:00:00:02:0f,23.0625,61.0,False,89.02941176470588,852385.5
2026-05-20 03:28:07.431721,4f:bb:00:00:02:0f,22.9375,60.9375,False,89.0,853648.5
2026-05-20 03:49:07.525208,4f:bb:00:00:02:0f,22.8125,60.75,False,89.02941176470588,854904.0
2026-05-20 04:10:07.615362,4f:bb:00:00:02:0f,22.6875,60.375,False,89.01470588235294,856165.5
2026-05-20 04:31:07.724640,4f:bb:00:00:02:0f,22.5,60.25,False,89.0,857425.5
2026-05-20 04:52:07.796026,4f:bb:00:00:02:0f,22.375,60.125,False,89.0,858685.0
2026-05-20 05:13:07.911256,4f:bb:00:00:02:0f,22.1875,60.0,False,89.0,859943.0
2026-05-20 05:34:07.932544,4f:bb:00:00:02:0f,22.0,59.875,False,89.0,861204.0
2026-05-20 05:55:08.004718,4f:bb:00:00:02:0f,21.8125,59.5625,False,88.97058823529412,862468.5
2026-05-20 06:16:08.019496,4f:bb:00:00:02:0f,21.6875,59.5,False,88.97058823529412,863723.0
2026-05-20 06:37:08.115323,4f:bb:00:00:02:0f,21.5,59.4375,False,89.0,864985.0
2026-05-20 06:58:08.181959,4f:bb:00:00:02:0f,21.375,59.375,False,89.0,866246.0
2026-05-20 07:19:08.222394,4f:bb:00:00:02:0f,21.25,59.375,False,88.98529411764706,867504.0
2026-05-20 07:40:08.280000,4f:bb:00:00:02:0f,21.125,59.3125,False,88.94117647058823,868765.5
2026-05-20 08:01:08.364329,4f:bb:00:00:02:0f,21.0,59.0625,False,88.94117647058823,870026.0
2026-05-20 08:22:08.418216,4f:bb:00:00:02:0f,20.875,59.0625,False,88.91176470588235,871287.0
2026-05-20 08:43:08.522910,4f:bb:00:00:02:0f,20.8125,59.125,False,88.91176470588235,872546.0
2026-05-20 09:04:08.575125,4f:bb:00:00:02:0f,20.75,59.125,False,88.91176470588235,873807.5
2026-05-20 09:25:08.623831,4f:bb:00:00:02:0f,20.6875,59.1875,False,88.88235294117646,875065.0
2026-05-20 09:46:08.778463,4f:bb:00:00:02:0f,20.6875,59.1875,False,88.91176470588235,876328.0
2026-05-20 10:07:08.875390,4f:bb:00:00:02:0f,20.6875,59.1875,False,88.88235294117646,877587.0
2026-05-20 10:28:08.837381,4f:bb:00:00:02:0f,20.625,59.25,False,88.8529411764706,878846.0
2026-05-20 10:49:08.937738,4f:bb:00:00:02:0f,20.625,59.25,False,88.88235294117646,880109.0
2026-05-20 11:10:08.955600,4f:bb:00:00:02:0f,20.5625,59.1875,False,88.82352941176471,881365.0
2026-05-20 11:31:09.056904,4f:bb:00:00:02:0f,20.5625,59.1875,False,88.82352941176471,882627.0
2026-05-20 11:52:09.130679,4f:bb:00:00:02:0f,20.5,59.25,False,88.82352941176471,883887.0
2026-05-20 12:13:09.180806,4f:bb:00:00:02:0f,20.5,59.25,False,88.79411764705883,885147.0
2026-05-20 12:34:09.242200,4f:bb:00:00:02:0f,20.5,59.25,False,88.77941176470588,886407.0
2026-05-20 12:55:09.346908,4f:bb:00:00:02:0f,20.4375,59.1875,False,88.79411764705883,887668.0
2026-05-20 13:16:09.363898,4f:bb:00:00:02:0f,20.375,59.1875,False,88.73529411764706,888926.0
2026-05-20 13:37:09.394041,4f:bb:00:00:02:0f,20.375,59.25,False,88.73529411764706,890188.0
2026-05-20 13:58:09.491581,4f:bb:00:00:02:0f,20.3125,59.25,False,88.73529411764706,891448.0
2026-05-20 14:19:09.584221,4f:bb:00:00:02:0f,20.3125,59.25,False,88.73529411764706,892708.5
2026-05-20 14:40:09.588135,4f:bb:00:00:02:0f,20.3125,59.3125,False,88.70588235294117,893965.5
2026-05-20 15:01:09.681979,4f:bb:00:00:02:0f,20.375,59.3125,False,88.73529411764706,895226.0
2026-05-20 15:22:09.704420,4f:bb:00:00:02:0f,20.375,59.3125,False,88.70588235294117,896489.0
2026-05-20 15:43:09.719944,4f:bb:00:00:02:0f,20.375,59.3125,False,88.70588235294117,897748.0
2026-05-20 16:04:09.756438,4f:bb:00:00:02:0f,20.4375,59.3125,False,88.70588235294117,899009.0
2026-05-20 16:25:09.796415,4f:bb:00:00:02:0f,20.4375,59.3125,False,88.73529411764706,900269.5
2026-05-20 16:46:09.838288,4f:bb:00:00:02:0f,20.4375,59.3125,False,88.70588235294117,901531.0
2026-05-20 17:07:09.936262,4f:bb:00:00:02:0f,20.5,59.3125,False,88.70588235294117,902789.0
2026-05-20 17:28:09.962326,4f:bb:00:00:02:0f,20.5,59.3125,False,88.70588235294117,904048.0
2026-05-20 17:49:10.085651,4f:bb:00:00:02:0f,20.5,59.3125,False,88.70588235294117,905309.0
2026-05-20 18:10:10.121887,4f:bb:00:00:02:0f,20.5,59.3125,False,88.67647058823529,906570.5
2026-05-20 18:31:10.237348,4f:bb:00:00:02:0f,20.5,59.3125,False,88.67647058823529,907829.5
2026-05-20 18:52:10.322966,4f:bb:00:00:02:0f,20.4375,59.3125,False,88.66176470588235,909091.0
2026-05-20 19:13:10.433225,4f:bb:00:00:02:0f,20.4375,59.3125,False,88.67647058823529,910349.0
2026-05-20 19:34:10.461559,4f:bb:00:00:02:0f,20.4375,59.3125,False,88.6470588235294,911611.5
2026-05-20 19:55:10.507750,4f:bb:00:00:02:0f,20.4375,59.3125,False,88.67647058823529,912870.0
2026-05-20 20:16:10.601581,4f:bb:00:00:02:0f,20.375,59.3125,False,88.6470588235294,914129.0
2026-05-20 20:37:10.700014,4f:bb:00:00:02:0f,20.375,59.25,False,88.6470588235294,915390.0
2026-05-20 20:58:10.803876,4f:bb:00:00:02:0f,20.3125,59.25,False,88.6470588235294,916652.0
2026-05-20 21:19:10.883229,4f:bb:00:00:02:0f,20.25,59.1875,False,88.61764705882354,917911.5
2026-05-20 21:40:11.007786,4f:bb:00:00:02:0f,20.1875,59.125,False,88.58823529411765,919170.5
2026-05-20 22:01:11.090998,4f:bb:00:00:02:0f,20.125,58.875,False,88.55882352941177,920432.0
2026-05-20 22:22:11.192429,4f:bb:00:00:02:0f,20.0625,58.8125,False,88.52941176470588,921691.0
2026-05-20 22:43:11.225610,4f:bb:00:00:02:0f,20.0,58.75,False,88.5,922951.0
2026-05-20 23:04:11.338033,4f:bb:00:00:02:0f,19.9375,58.75,False,88.47058823529412,924209.0
2026-05-20 23:25:11.435108,4f:bb:00:00:02:0f,19.875,58.6875,False,88.44117647058823,925472.0
2026-05-20 23:46:11.479170,4f:bb:00:00:02:0f,19.75,58.625,False,88.41176470588235,926730.0
2026-05-21 00:07:11.501564,4f:bb:00:00:02:0f,19.6875,58.5625,False,88.38235294117646,927991.0
2026-05-21 00:28:11.572480,4f:bb:00:00:02:0f,19.625,58.5,False,88.3529411764706,929253.0
2026-05-21 00:49:11.696751,4f:bb:00:00:02:0f,19.5,58.4375,False,88.32352941176471,930513.0
2026-05-21 01:10:11.741307,4f:bb:00:00:02:0f,19.4375,58.375,False,88.32352941176471,931771.5
2026-05-21 01:31:11.833107,4f:bb:00:00:02:0f,19.3125,58.125,False,88.32352941176471,933033.0
2026-05-21 01:52:11.936631,4f:bb:00:00:02:0f,19.25,58.0625,False,88.32352941176471,934294.0
2026-05-21 02:13:12.017108,4f:bb:00:00:02:0f,19.125,58.0,False,88.29411764705883,935554.0
2026-05-21 02:34:12.084994,4f:bb:00:00:02:0f,19.0625,58.0,False,88.26470588235294,936815.5
2026-05-21 02:55:12.187353,4f:bb:00:00:02:0f,18.9375,57.9375,False,88.26470588235294,938072.0
2026-05-21 03:16:12.209894,4f:bb:00:00:02:0f,18.875,57.875,False,88.23529411764706,939333.0
2026-05-21 03:37:12.269081,4f:bb:00:00:02:0f,18.75,57.9375,False,88.26470588235294,940594.5
2026-05-21 03:58:12.372628,4f:bb:00:00:02:0f,18.75,57.9375,False,88.23529411764706,941852.0
2026-05-21 04:19:12.489893,4f:bb:00:00:02:0f,18.625,57.9375,False,88.23529411764706,943112.0
2026-05-21 04:40:12.556325,4f:bb:00:00:02:0f,18.5625,57.875,False,88.23529411764706,944375.0
2026-05-21 05:01:12.667684,4f:bb:00:00:02:0f,18.5,57.625,False,88.23529411764706,945632.0
2026-05-21 05:22:12.732994,4f:bb:00:00:02:0f,18.4375,57.5625,False,88.17647058823529,946894.0
2026-05-21 05:43:12.845861,4f:bb:00:00:02:0f,18.375,57.625,False,88.17647058823529,948155.0
2026-05-21 06:04:12.968001,4f:bb:00:00:02:0f,18.3125,57.6875,False,88.17647058823529,949415.0
2026-05-21 06:25:13.009031,4f:bb:00:00:02:0f,18.3125,57.6875,False,88.1470588235294,950674.0
2026-05-21 06:46:13.107067,4f:bb:00:00:02:0f,18.25,57.6875,False,88.1470588235294,951934.5
2026-05-21 07:07:13.184900,4f:bb:00:00:02:0f,18.25,57.6875,False,88.1470588235294,953196.0
2026-05-21 07:28:13.244285,4f:bb:00:00:02:0f,18.1875,57.6875,False,88.1470588235294,954454.0
2026-05-21 07:49:13.263284,4f:bb:00:00:02:0f,18.1875,57.75,False,88.11764705882354,955716.0
2026-05-21 08:10:13.375154,4f:bb:00:00:02:0f,18.1875,57.75,False,88.11764705882354,956976.0
2026-05-21 08:31:13.476936,4f:bb:00:00:02:0f,18.1875,57.75,False,88.11764705882354,958234.5
2026-05-21 08:52:13.584728,4f:bb:00:00:02:0f,18.1875,57.75,False,88.11764705882354,959497.0
2026-05-21 09:13:13.640775,4f:bb:00:00:02:0f,18.125,57.75,False,88.08823529411765,960757.0
2026-05-21 09:34:13.728015,4f:bb:00:00:02:0f,18.1875,57.8125,False,88.11764705882354,962014.5
2026-05-21 09:55:13.739862,4f:bb:00:00:02:0f,18.1875,57.8125,False,88.08823529411765,963278.0
2026-05-21 10:16:13.824802,4f:bb:00:00:02:0f,18.25,57.8125,False,88.08823529411765,964536.0
2026-05-21 10:37:13.936866,4f:bb:00:00:02:0f,18.25,57.8125,False,88.08823529411765,965796.0
2026-05-21 10:58:14.039114,4f:bb:00:00:02:0f,18.3125,57.875,False,88.08823529411765,967057.0
2026-05-21 11:19:14.145234,4f:bb:00:00:02:0f,18.375,57.875,False,88.05882352941177,968314.5
2026-05-21 11:40:14.158713,4f:bb:00:00:02:0f,18.5,57.9375,False,88.11764705882354,969574.5
2026-05-21 12:01:14.211530,4f:bb:00:00:02:0f,18.625,58.25,False,88.08823529411765,970838.0
2026-05-21 12:22:14.336223,4f:bb:00:00:02:0f,18.75,58.25,False,88.08823529411765,972094.5
2026-05-21 12:43:14.391032,4f:bb:00:00:02:0f,18.9375,58.3125,False,88.08823529411765,973355.0
2026-05-21 13:04:14.428687,4f:bb:00:00:02:0f,19.125,58.3125,False,88.08823529411765,974617.5
2026-05-21 13:25:14.489259,4f:bb:00:00:02:0f,19.3125,58.3125,False,88.08823529411765,975877.5
2026-05-21 13:46:14.576852,4f:bb:00:00:02:0f,19.5,58.5625,False,88.11764705882354,977137.5
2026-05-21 14:07:14.628158,4f:bb:00:00:02:0f,19.6875,58.625,False,88.11764705882354,978398.0
2026-05-21 14:28:14.728132,4f:bb:00:00:02:0f,19.875,58.6875,False,88.11764705882354,979654.0
2026-05-21 14:49:14.737451,4f:bb:00:00:02:0f,20.0625,58.6875,False,88.1470588235294,980917.5
2026-05-21 15:10:14.772899,4f:bb:00:00:02:0f,20.25,58.9375,False,88.1470588235294,982177.5
2026-05-21 15:31:14.877417,4f:bb:00:00:02:0f,20.4375,59.0,False,88.17647058823529,983437.5
2026-05-21 15:52:14.935545,4f:bb:00:00:02:0f,20.5625,59.0625,False,88.1470588235294,984698.5
2026-05-21 16:13:15.005825,4f:bb:00:00:02:0f,20.75,59.125,False,88.20588235294117,985960.0
2026-05-21 16:34:15.061348,4f:bb:00:00:02:0f,20.9375,59.1875,False,88.17647058823529,987219.0
2026-05-21 16:55:15.078870,4f:bb:00:00:02:0f,21.125,59.4375,False,88.23529411764706,988478.0
2026-05-21 17:16:15.183033,4f:bb:00:00:02:0f,21.25,59.5,False,88.20588235294117,989740.0
2026-05-21 17:37:15.208279,4f:bb:00:00:02:0f,21.4375,59.5625,False,88.23529411764706,990997.0
2026-05-21 17:58:15.223335,4f:bb:00:00:02:0f,21.5625,59.5625,False,88.26470588235294,992261.0
2026-05-21 18:19:15.287188,4f:bb:00:00:02:0f,21.6875,59.625,False,88.32352941176471,993520.0
2026-05-21 18:40:15.369529,4f:bb:00:00:02:0f,21.8125,59.625,False,88.3529411764706,994778.0
2026-05-21 19:01:15.494402,4f:bb:00:00:02:0f,21.9375,59.875,False,88.38235294117646,996033.0
2026-05-21 19:22:15.567967,4f:bb:00:00:02:0f,22.0,59.9375,False,88.38235294117646,997300.0
2026-05-21 19:43:15.672233,4f:bb:00:00:02:0f,22.0625,59.9375,False,88.38235294117646,998560.0
2026-05-21 20:04:15.717147,4f:bb:00:00:02:0f,22.125,60.0,False,88.41176470588235,999820.0
2026-05-21 20:25:15.802550,4f:bb:00:00:02:0f,22.1875,60.0,False,88.41176470588235,1001077.5
2026-05-21 20:46:15.848254,4f:bb:00:00:02:0f,22.1875,60.0,False,88.44117647058823,1002339.0
2026-05-21 21:07:15.859364,4f:bb:00:00:02:0f,22.1875,60.0,False,88.41176470588235,1003600.0
2026-05-21 21:28:15.958059,4f:bb:00:00:02:0f,22.1875,60.0,False,88.44117647058823,1004858.0
2026-05-21 21:49:16.017186,4f:bb:00:00:02:0f,22.1875,60.0,False,88.47058823529412,1006121.0
2026-05-21 22:10:16.105279,4f:bb:00:00:02:0f,22.125,60.0,False,88.47058823529412,1007380.0
2026-05-21 22:31:16.219308,4f:bb:00:00:02:0f,22.125,60.0,False,88.47058823529412,1008641.0
2026-05-21 22:52:16.231730,4f:bb:00:00:02:0f,22.125,60.0,False,88.47058823529412,1009897.0
2026-05-21 23:13:16.337128,4f:bb:00:00:02:0f,22.0625,60.0,False,88.47058823529412,1011161.0
2026-05-21 23:34:16.453528,4f:bb:00:00:02:0f,22.0625,60.0,False,88.47058823529412,1012420.0
2026-05-21 23:55:16.547625,4f:bb:00:00:02:0f,22.0,60.0,False,88.5,1013681.5
2026-05-22 00:16:16.565480,4f:bb:00:00:02:0f,22.0,60.0,False,88.5,1014943.5
2026-05-22 00:37:16.640358,4f:bb:00:00:02:0f,21.9375,60.0,False,88.47058823529412,1016200.5
2026-05-22 00:58:16.683931,4f:bb:00:00:02:0f,21.875,59.75,False,88.47058823529412,1017460.0
2026-05-22 01:19:16.808887,4f:bb:00:00:02:0f,21.8125,59.6875,False,88.5,1018722.0
2026-05-22 01:40:16.905685,4f:bb:00:00:02:0f,21.75,59.6875,False,88.47058823529412,1019982.0
2026-05-22 02:01:16.972864,4f:bb:00:00:02:0f,21.6875,59.6875,False,88.47058823529412,1021241.0
2026-05-22 02:22:16.992024,4f:bb:00:00:02:0f,21.625,59.625,False,88.47058823529412,1022502.0
2026-05-22 02:43:17.090096,4f:bb:00:00:02:0f,21.5625,59.625,False,88.47058823529412,1023762.5
2026-05-22 03:04:17.101702,4f:bb:00:00:02:0f,21.5,59.5625,False,88.44117647058823,1025021.0
2026-05-22 03:25:17.135858,4f:bb:00:00:02:0f,21.4375,59.5,False,88.47058823529412,1026281.0
2026-05-22 03:46:17.245870,4f:bb:00:00:02:0f,21.375,59.5,False,88.44117647058823,1027541.0
2026-05-22 04:07:17.279903,4f:bb:00:00:02:0f,21.3125,59.4375,False,88.44117647058823,1028802.0
2026-05-22 04:28:17.377408,4f:bb:00:00:02:0f,21.1875,59.375,False,88.44117647058823,1030063.5
2026-05-22 04:49:17.449114,4f:bb:00:00:02:0f,21.125,59.375,False,88.41176470588235,1031321.0
2026-05-22 05:10:17.586698,4f:bb:00:00:02:0f,21.0625,59.3125,False,88.41176470588235,1032583.0
2026-05-22 05:31:17.688803,4f:bb:00:00:02:0f,20.9375,59.0625,False,88.41176470588235,1033843.5
2026-05-22 05:52:17.755077,4f:bb:00:00:02:0f,20.875,59.0,False,88.41176470588235,1035101.0
2026-05-22 06:13:17.868499,4f:bb:00:00:02:0f,20.8125,59.0,False,88.41176470588235,1036363.5
2026-05-22 06:34:17.885330,4f:bb:00:00:02:0f,20.75,59.0625,False,88.41176470588235,1037625.0
2026-05-22 06:55:17.995844,4f:bb:00:00:02:0f,20.75,59.0625,False,88.38235294117646,1038882.0
2026-05-22 07:16:18.098401,4f:bb:00:00:02:0f,20.75,59.125,False,88.41176470588235,1040144.0
2026-05-22 07:37:18.187152,4f:bb:00:00:02:0f,20.75,59.125,False,88.38235294117646,1041404.0
2026-05-22 07:58:18.229323,4f:bb:00:00:02:0f,20.75,59.1875,False,88.38235294117646,1042663.5
2026-05-22 08:19:18.322728,4f:bb:00:00:02:0f,20.75,59.25,False,88.3529411764706,1043923.0
2026-05-22 08:40:18.444482,4f:bb:00:00:02:0f,20.8125,59.3125,False,88.38235294117646,1045186.0
2026-05-22 09:01:18.544948,4f:bb:00:00:02:0f,21.0,59.4375,False,88.38235294117646,1046445.0
2026-05-22 09:22:18.642903,4f:bb:00:00:02:0f,21.1875,59.75,False,88.38235294117646,1047704.0
2026-05-22 09:43:18.725407,4f:bb:00:00:02:0f,21.375,59.8125,False,88.38235294117646,1048967.0
2026-05-22 10:04:18.844652,4f:bb:00:00:02:0f,21.5625,59.8125,False,88.38235294117646,1050227.0
2026-05-22 10:25:18.927632,4f:bb:00:00:02:0f,21.8125,59.8125,False,88.41176470588235,1051483.0
2026-05-22 10:46:19.021356,4f:bb:00:00:02:0f,22.0,60.0625,False,88.41176470588235,1052744.0
2026-05-22 11:07:19.132098,4f:bb:00:00:02:0f,22.1875,60.0625,False,88.38235294117646,1054004.0
2026-05-22 11:28:19.141659,4f:bb:00:00:02:0f,22.375,60.0625,False,88.41176470588235,1055265.0
2026-05-22 11:49:19.233145,4f:bb:00:00:02:0f,22.5625,60.125,False,88.41176470588235,1056526.0
2026-05-22 12:10:19.287433,4f:bb:00:00:02:0f,22.75,60.125,False,88.38235294117646,1057786.0
2026-05-22 12:31:19.438194,4f:bb:00:00:02:0f,22.875,60.4375,False,88.38235294117646,1059044.0
2026-05-22 12:52:19.468745,4f:bb:00:00:02:0f,23.0,60.4375,False,88.3529411764706,1060306.5
2026-05-22 13:13:19.588352,4f:bb:00:00:02:0f,23.1875,60.5,False,88.3529411764706,1061566.0
2026-05-22 13:34:19.581502,4f:bb:00:00:02:0f,23.3125,60.5625,False,88.41176470588235,1062827.0
2026-05-22 13:55:19.695753,4f:bb:00:00:02:0f,23.4375,60.625,False,88.44117647058823,1064084.5
2026-05-22 14:16:19.749333,4f:bb:00:00:02:0f,23.5625,60.6875,False,88.44117647058823,1065346.0
2026-05-22 14:37:19.810657,4f:bb:00:00:02:0f,23.6875,61.0,False,88.41176470588235,1066606.5
2026-05-22 14:58:19.913636,4f:bb:00:00:02:0f,23.875,61.0625,False,88.44117647058823,1067865.0
2026-05-22 15:19:20.000564,4f:bb:00:00:02:0f,24.0,61.125,False,88.5,1069127.0
2026-05-22 15:40:20.010952,4f:bb:00:00:02:0f,24.1875,61.1875,False,88.52941176470588,1070386.5
2026-05-22 16:01:20.039012,4f:bb:00:00:02:0f,24.3125,61.1875,False,88.52941176470588,1071650.0
2026-05-22 16:22:20.119357,4f:bb:00:00:02:0f,24.5,61.5,False,88.5,1072905.0
2026-05-22 16:43:20.187281,4f:bb:00:00:02:0f,24.625,61.5625,False,88.55882352941177,1074167.0
2026-05-22 17:04:20.271218,4f:bb:00:00:02:0f,24.8125,61.5625,False,88.58823529411765,1075428.0
2026-05-22 17:25:20.346051,4f:bb:00:00:02:0f,24.9375,61.625,False,88.58823529411765,1076689.5
2026-05-22 17:46:20.441912,4f:bb:00:00:02:0f,25.0625,61.625,False,88.58823529411765,1077948.0
2026-05-22 18:07:20.470976,4f:bb:00:00:02:0f,25.1875,61.6875,False,88.61764705882354,1079207.0
2026-05-22 18:28:20.540906,4f:bb:00:00:02:0f,25.3125,61.6875,False,88.67647058823529,1080468.0
2026-05-22 18:49:20.624567,4f:bb:00:00:02:0f,25.375,61.9375,False,88.66176470588235,1081729.5
2026-05-22 19:10:20.642813,4f:bb:00:00:02:0f,25.4375,61.9375,False,88.6470588235294,1082986.0
2026-05-22 19:31:20.715336,4f:bb:00:00:02:0f,25.5,61.9375,False,88.6470588235294,1084249.0
2026-05-22 19:52:20.814717,4f:bb:00:00:02:0f,25.5,61.875,False,88.6470588235294,1085510.0
2026-05-22 20:13:20.845233,4f:bb:00:00:02:0f,25.5,61.875,False,88.67647058823529,1086767.5
2026-05-22 20:34:20.952083,4f:bb:00:00:02:0f,25.5,61.875,False,88.67647058823529,1088027.0
2026-05-22 20:55:21.065309,4f:bb:00:00:02:0f,25.5,61.875,False,88.67647058823529,1089289.0
2026-05-22 21:16:21.110838,4f:bb:00:00:02:0f,25.4375,61.8125,False,88.67647058823529,1090546.0
2026-05-22 21:37:21.192189,4f:bb:00:00:02:0f,25.4375,61.8125,False,88.70588235294117,1091809.5
2026-05-22 21:58:21.223083,4f:bb:00:00:02:0f,25.375,61.8125,False,88.73529411764706,1093068.0
2026-05-22 22:19:21.339357,4f:bb:00:00:02:0f,25.3125,61.8125,False,88.70588235294117,1094326.5
2026-05-22 22:40:21.437538,4f:bb:00:00:02:0f,25.25,61.5,False,88.73529411764706,1095590.0
2026-05-22 23:01:21.484502,4f:bb:00:00:02:0f,25.1875,61.5,False,88.73529411764706,1096847.0
2026-05-22 23:22:21.522807,4f:bb:00:00:02:0f,25.125,61.4375,False,88.70588235294117,1098111.0
2026-05-22 23:43:21.631000,4f:bb:00:00:02:0f,25.0625,61.4375,False,88.73529411764706,1099369.0
2026-05-23 00:04:21.733855,4f:bb:00:00:02:0f,24.9375,61.375,False,88.73529411764706,1100629.5
2026-05-23 00:25:21.834811,4f:bb:00:00:02:0f,24.8125,61.3125,False,88.70588235294117,1101891.0
2026-05-23 00:46:21.902863,4f:bb:00:00:02:0f,24.75,61.3125,False,88.70588235294117,1103150.0
2026-05-23 01:07:22.000745,4f:bb:00:00:02:0f,24.6875,61.25,False,88.73529411764706,1104412.5
2026-05-23 01:28:22.106814,4f:bb:00:00:02:0f,24.5625,61.1875,False,88.70588235294117,1105669.0
2026-05-23 01:49:22.101110,4f:bb:00:00:02:0f,24.4375,60.875,False,88.70588235294117,1106932.5
2026-05-23 02:10:22.195692,4f:bb:00:00:02:0f,24.3125,60.8125,False,88.70588235294117,1108190.0
2026-05-23 02:31:22.279595,4f:bb:00:00:02:0f,24.1875,60.75,False,88.70588235294117,1109449.0
2026-05-23 02:52:22.376466,4f:bb:00:00:02:0f,24.0625,60.6875,False,88.67647058823529,1110711.0
2026-05-23 03:13:22.445602,4f:bb:00:00:02:0f,23.9375,60.625,False,88.70588235294117,1111972.0
2026-05-23 03:34:22.477543,4f:bb:00:00:02:0f,23.75,60.5625,False,88.67647058823529,1113230.0
2026-05-23 03:55:22.537629,4f:bb:00:00:02:0f,23.625,60.5,False,88.67647058823529,1114491.0
2026-05-23 04:16:22.641994,4f:bb:00:00:02:0f,23.5,60.25,False,88.6470588235294,1115752.0
2026-05-23 04:37:22.690561,4f:bb:00:00:02:0f,23.375,60.25,False,88.67647058823529,1117009.5
2026-05-23 04:58:22.795615,4f:bb:00:00:02:0f,23.3125,60.25,False,88.6470588235294,1118269.5
2026-05-23 05:19:22.883335,4f:bb:00:00:02:0f,23.1875,60.1875,False,88.6470588235294,1119533.0
2026-05-23 05:40:22.939717,4f:bb:00:00:02:0f,23.125,60.125,False,88.61764705882354,1120790.0
2026-05-23 06:01:23.037392,4f:bb:00:00:02:0f,23.0,60.125,False,88.61764705882354,1122051.0
2026-05-23 06:22:23.067983,4f:bb:00:00:02:0f,22.9375,60.125,False,88.61764705882354,1123313.0
2026-05-23 06:43:23.143465,4f:bb:00:00:02:0f,22.875,60.125,False,88.61764705882354,1124575.0
2026-05-23 07:04:23.203535,4f:bb:00:00:02:0f,22.8125,60.125,False,88.58823529411765,1125831.0
2026-05-23 07:25:23.331166,4f:bb:00:00:02:0f,22.75,59.875,False,88.58823529411765,1127092.0
2026-05-23 07:46:23.389357,4f:bb:00:00:02:0f,22.6875,59.9375,False,88.55882352941177,1128354.0
2026-05-23 08:07:23.495189,4f:bb:00:00:02:0f,22.6875,59.9375,False,88.58823529411765,1129611.0
2026-05-23 08:28:23.593023,4f:bb:00:00:02:0f,22.6875,60.0,False,88.58823529411765,1130873.0
2026-05-23 08:49:23.618341,4f:bb:00:00:02:0f,22.75,60.375,False,88.55882352941177,1132135.5
2026-05-23 09:10:23.707729,4f:bb:00:00:02:0f,22.875,60.4375,False,88.55882352941177,1133392.0
2026-05-23 09:31:23.829284,4f:bb:00:00:02:0f,23.0,60.5,False,88.58823529411765,1134652.5
2026-05-23 09:52:23.916828,4f:bb:00:00:02:0f,23.1875,60.5625,False,88.58823529411765,1135916.0
2026-05-23 10:13:23.985488,4f:bb:00:00:02:0f,23.375,60.5625,False,88.58823529411765,1137173.0
2026-05-23 10:34:24.012670,4f:bb:00:00:02:0f,23.5,60.5625,False,88.58823529411765,1138433.0
2026-05-23 10:55:24.013273,4f:bb:00:00:02:0f,23.6875,60.8125,False,88.58823529411765,1139695.0
2026-05-23 11:16:24.098884,4f:bb:00:00:02:0f,23.875,60.8125,False,88.61764705882354,1140953.5
2026-05-23 11:37:24.206756,4f:bb:00:00:02:0f,24.0625,60.875,False,88.58823529411765,1142215.5
2026-05-23 11:58:24.226037,4f:bb:00:00:02:0f,24.1875,60.875,False,88.58823529411765,1143473.0
2026-05-23 12:19:24.244938,4f:bb:00:00:02:0f,24.3125,60.9375,False,88.61764705882354,1144736.0
2026-05-23 12:40:24.264023,4f:bb:00:00:02:0f,24.5,61.1875,False,88.61764705882354,1145994.0
2026-05-23 13:01:24.340359,4f:bb:00:00:02:0f,24.625,61.25,False,88.61764705882354,1147256.0
2026-05-23 13:22:24.449636,4f:bb:00:00:02:0f,24.75,61.25,False,88.61764705882354,1148512.0
2026-05-23 13:43:24.467907,4f:bb:00:00:02:0f,24.875,61.3125,False,88.61764705882354,1149776.0
2026-05-23 14:04:24.494177,4f:bb:00:00:02:0f,25.0625,61.375,False,88.6470588235294,1151035.0
2026-05-23 14:25:24.591824,4f:bb:00:00:02:0f,25.1875,61.4375,False,88.6470588235294,1152292.5
2026-05-23 14:46:24.693087,4f:bb:00:00:02:0f,25.3125,61.75,False,88.61764705882354,1153555.0
2026-05-23 15:07:24.805238,4f:bb:00:00:02:0f,25.4375,61.75,False,88.61764705882354,1154817.0
2026-05-23 15:28:24.904262,4f:bb:00:00:02:0f,25.5625,61.8125,False,88.69117647058823,1156074.0
2026-05-23 15:49:24.990945,4f:bb:00:00:02:0f,25.75,61.875,False,88.67647058823529,1157336.0
2026-05-23 16:10:24.998866,4f:bb:00:00:02:0f,25.9375,61.9375,False,88.67647058823529,1158596.0
2026-05-23 16:31:25.097166,4f:bb:00:00:02:0f,26.0625,61.9375,False,88.67647058823529,1159855.0
2026-05-23 16:52:25.147839,4f:bb:00:00:02:0f,26.25,62.25,False,88.67647058823529,1161115.0
2026-05-23 17:13:25.218232,4f:bb:00:00:02:0f,26.375,62.25,False,88.67647058823529,1162376.5
2026-05-23 17:34:25.270313,4f:bb:00:00:02:0f,26.5,62.3125,False,88.73529411764706,1163637.0
2026-05-23 17:55:25.331146,4f:bb:00:00:02:0f,26.625,62.3125,False,88.72058823529412,1164895.5
2026-05-23 18:16:25.439175,4f:bb:00:00:02:0f,26.75,62.3125,False,88.73529411764706,1166158.0
2026-05-23 18:37:25.521242,4f:bb:00:00:02:0f,26.875,62.3125,False,88.76470588235294,1167416.0
2026-05-23 18:58:25.599127,4f:bb:00:00:02:0f,26.9375,62.3125,False,88.79411764705883,1168675.0
2026-05-23 19:19:25.701663,4f:bb:00:00:02:0f,26.9375,62.3125,False,88.82352941176471,1169939.0
2026-05-23 19:40:25.827436,4f:bb:00:00:02:0f,27.0,62.3125,False,88.79411764705883,1171197.0
2026-05-23 20:01:25.850875,4f:bb:00:00:02:0f,27.0,62.3125,False,88.82352941176471,1172455.5
2026-05-23 20:22:25.957137,4f:bb:00:00:02:0f,26.9375,62.1875,False,88.82352941176471,1173718.5
2026-05-23 20:43:26.026475,4f:bb:00:00:02:0f,26.8125,62.0625,False,88.79411764705883,1174975.0
2026-05-23 21:04:26.128795,4f:bb:00:00:02:0f,26.625,61.9375,False,88.79411764705883,1176236.5
2026-05-23 21:25:26.233554,4f:bb:00:00:02:0f,26.4375,61.8125,False,88.79411764705883,1177499.0
2026-05-23 21:46:26.223416,4f:bb:00:00:02:0f,26.25,61.75,False,88.82352941176471,1178755.5
2026-05-23 22:07:26.322338,4f:bb:00:00:02:0f,26.0,61.4375,False,88.79411764705883,1180015.0
2026-05-23 22:28:26.407149,4f:bb:00:00:02:0f,25.8125,61.375,False,88.76470588235294,1181277.5
2026-05-23 22:49:26.491622,4f:bb:00:00:02:0f,25.625,61.375,False,88.76470588235294,1182539.0
2026-05-23 23:10:26.587710,4f:bb:00:00:02:0f,25.5,61.375,False,88.76470588235294,1183796.0
2026-05-23 23:31:26.674992,4f:bb:00:00:02:0f,25.375,61.3125,False,88.77941176470588,1185058.0
2026-05-23 23:52:26.787023,4f:bb:00:00:02:0f,25.25,61.0625,False,88.76470588235294,1186319.0
2026-05-24 00:13:26.855791,4f:bb:00:00:02:0f,25.1875,61.0625,False,88.76470588235294,1187579.0
2026-05-24 00:34:26.902105,4f:bb:00:00:02:0f,25.0625,61.0,False,88.76470588235294,1188841.5
2026-05-24 00:55:26.990906,4f:bb:00:00:02:0f,24.9375,60.9375,False,88.73529411764706,1190098.5
2026-05-24 01:16:27.082740,4f:bb:00:00:02:0f,24.8125,60.875,False,88.73529411764706,1191361.5
2026-05-24 01:37:27.109373,4f:bb:00:00:02:0f,24.6875,60.8125,False,88.73529411764706,1192618.0
2026-05-24 01:58:27.238659,4f:bb:00:00:02:0f,24.5625,60.75,False,88.73529411764706,1193878.5
2026-05-24 02:19:27.275881,4f:bb:00:00:02:0f,24.4375,60.4375,False,88.70588235294117,1195140.0
2026-05-24 02:40:27.357862,4f:bb:00:00:02:0f,24.3125,60.375,False,88.72058823529412,1196400.0
2026-05-24 03:01:27.446961,4f:bb:00:00:02:0f,24.1875,60.3125,False,88.70588235294117,1197662.0
2026-05-24 03:22:27.559338,4f:bb:00:00:02:0f,24.0625,60.25,False,88.70588235294117,1198919.0
2026-05-24 03:43:27.606811,4f:bb:00:00:02:0f,23.875,60.1875,False,88.66176470588235,1200180.0
2026-05-24 04:04:27.697243,4f:bb:00:00:02:0f,23.75,60.125,False,88.66176470588235,1201443.0
2026-05-24 04:25:27.751160,4f:bb:00:00:02:0f,23.5625,59.875,False,88.6470588235294,1202699.0
2026-05-24 04:46:27.823410,4f:bb:00:00:02:0f,23.4375,59.75,False,88.6470588235294,1203960.5
2026-05-24 05:07:27.815078,4f:bb:00:00:02:0f,23.25,59.6875,False,88.61764705882354,1205219.5
2026-05-24 05:28:27.929911,4f:bb:00:00:02:0f,23.125,59.625,False,88.6470588235294,1206481.5
2026-05-24 05:49:28.053172,4f:bb:00:00:02:0f,22.9375,59.5625,False,88.61764705882354,1207741.5
2026-05-24 06:10:28.102287,4f:bb:00:00:02:0f,22.8125,59.5,False,88.6029411764706,1209001.5
2026-05-24 06:31:28.154902,4f:bb:00:00:02:0f,22.625,59.25,False,88.58823529411765,1210261.0
2026-05-24 06:52:28.240086,4f:bb:00:00:02:0f,22.5,59.25,False,88.58823529411765,1211520.0
2026-05-24 07:13:28.334620,4f:bb:00:00:02:0f,22.4375,59.25,False,88.58823529411765,1212779.0
2026-05-24 07:34:28.408181,4f:bb:00:00:02:0f,22.3125,59.3125,False,88.55882352941177,1214045.0
2026-05-24 07:55:28.479450,4f:bb:00:00:02:0f,22.25,59.3125,False,88.52941176470588,1215298.0
2026-05-24 08:16:28.595767,4f:bb:00:00:02:0f,22.25,59.375,False,88.52941176470588,1216561.0
2026-05-24 08:37:28.708763,4f:bb:00:00:02:0f,22.25,59.5,False,88.52941176470588,1217824.0
2026-05-24 08:58:28.776483,4f:bb:00:00:02:0f,22.375,59.625,False,88.5,1219080.5
2026-05-24 09:19:28.840892,4f:bb:00:00:02:0f,22.5,59.6875,False,88.5,1220342.0
2026-05-24 09:40:28.847669,4f:bb:00:00:02:0f,22.625,59.75,False,88.52941176470588,1221602.0
2026-05-24 10:01:28.956337,4f:bb:00:00:02:0f,22.8125,60.0625,False,88.5,1222861.5
2026-05-24 10:22:29.037544,4f:bb:00:00:02:0f,23.0,60.0625,False,88.5,1224121.0
2026-05-24 10:43:29.157339,4f:bb:00:00:02:0f,23.25,60.125,False,88.5,1225384.0
2026-05-24 11:04:29.246812,4f:bb:00:00:02:0f,23.5,60.125,False,88.5,1226644.0
2026-05-24 11:25:29.343427,4f:bb:00:00:02:0f,23.6875,60.375,False,88.52941176470588,1227904.0
2026-05-24 11:46:29.393950,4f:bb:00:00:02:0f,23.9375,60.375,False,88.52941176470588,1229164.0
2026-05-24 12:07:29.502430,4f:bb:00:00:02:0f,24.1875,60.4375,False,88.52941176470588,1230422.0
2026-05-24 12:28:29.602085,4f:bb:00:00:02:0f,24.375,60.5,False,88.52941176470588,1231685.0
2026-05-24 12:49:29.683400,4f:bb:00:00:02:0f,24.5625,60.75,False,88.55882352941177,1232943.0
2026-05-24 13:10:29.760187,4f:bb:00:00:02:0f,24.8125,60.8125,False,88.55882352941177,1234204.0
2026-05-24 13:31:29.878296,4f:bb:00:00:02:0f,24.9375,60.8125,False,88.55882352941177,1235464.5
2026-05-24 13:52:29.895042,4f:bb:00:00:02:0f,25.0625,60.875,False,88.55882352941177,1236723.0
2026-05-24 14:13:29.997098,4f:bb:00:00:02:0f,25.25,60.9375,False,88.55882352941177,1237982.0
2026-05-24 14:34:30.126926,4f:bb:00:00:02:0f,25.375,61.25,False,88.58823529411765,1239242.0
2026-05-24 14:55:30.166455,4f:bb:00:00:02:0f,25.5625,61.3125,False,88.61764705882354,1240504.5
2026-05-24 15:16:30.271040,4f:bb:00:00:02:0f,25.6875,61.375,False,88.61764705882354,1241763.0
2026-05-24 15:37:30.275549,4f:bb:00:00:02:0f,25.875,61.4375,False,88.61764705882354,1243026.0
2026-05-24 15:58:30.361683,4f:bb:00:00:02:0f,26.0625,61.5,False,88.6470588235294,1244285.5
2026-05-24 16:19:30.480326,4f:bb:00:00:02:0f,26.25,61.8125,False,88.6470588235294,1245543.0
2026-05-24 16:40:30.592859,4f:bb:00:00:02:0f,26.375,61.8125,False,88.58823529411765,1246806.0
2026-05-24 17:01:30.612387,4f:bb:00:00:02:0f,26.5625,61.8125,False,88.58823529411765,1248066.0
2026-05-24 17:22:30.639009,4f:bb:00:00:02:0f,26.625,61.8125,False,88.58823529411765,1249325.0
2026-05-24 17:43:30.718645,4f:bb:00:00:02:0f,26.6875,61.8125,False,88.58823529411765,1250585.0
2026-05-24 18:04:30.815506,4f:bb:00:00:02:0f,26.75,61.8125,False,88.58823529411765,1251844.0
2026-05-24 18:25:30.840976,4f:bb:00:00:02:0f,26.75,61.75,False,88.55882352941177,1253106.0
2026-05-24 18:46:30.963164,4f:bb:00:00:02:0f,26.75,61.75,False,88.52941176470588,1254366.0
2026-05-24 19:07:31.060146,4f:bb:00:00:02:0f,26.6875,61.6875,False,88.57352941176471,1255625.5
2026-05-24 19:28:31.168350,4f:bb:00:00:02:0f,26.625,61.625,False,88.58823529411765,1256884.5
2026-05-24 19:49:31.268166,4f:bb:00:00:02:0f,26.5,61.625,False,88.55882352941177,1258147.5
2026-05-24 20:10:31.328145,4f:bb:00:00:02:0f,26.375,61.5625,False,88.58823529411765,1259404.0
2026-05-24 20:31:31.469210,4f:bb:00:00:02:0f,26.3125,61.5,False,88.58823529411765,1260667.5
2026-05-24 20:52:31.503468,4f:bb:00:00:02:0f,26.1875,61.5,False,88.58823529411765,1261928.0
2026-05-24 21:13:31.525449,4f:bb:00:00:02:0f,26.0625,61.25,False,88.58823529411765,1263185.0
2026-05-24 21:34:31.591117,4f:bb:00:00:02:0f,26.0,61.25,False,88.58823529411765,1264447.5
2026-05-24 21:55:31.609867,4f:bb:00:00:02:0f,25.875,61.1875,False,88.58823529411765,1265707.5
2026-05-24 22:16:31.693650,4f:bb:00:00:02:0f,25.8125,61.1875,False,88.55882352941177,1266964.0
2026-05-24 22:37:31.765106,4f:bb:00:00:02:0f,25.6875,61.125,False,88.55882352941177,1268226.0
2026-05-24 22:58:31.824711,4f:bb:00:00:02:0f,25.625,61.125,False,88.55882352941177,1269487.5
2026-05-24 23:19:31.896662,4f:bb:00:00:02:0f,25.5625,61.0625,False,88.58823529411765,1270745.0
2026-05-24 23:40:31.990840,4f:bb:00:00:02:0f,25.4375,61.0,False,88.58823529411765,1272008.0
2026-05-25 00:01:32.089477,4f:bb:00:00:02:0f,25.375,61.0,False,88.58823529411765,1273270.5
2026-05-25 00:22:32.164237,4f:bb:00:00:02:0f,25.25,60.6875,False,88.52941176470588,1274524.0
2026-05-25 00:43:32.215457,4f:bb:00:00:02:0f,25.1875,60.625,False,88.55882352941177,1275787.0
2026-05-25 01:04:32.285812,4f:bb:00:00:02:0f,25.0625,60.5625,False,88.55882352941177,1277051.0
2026-05-25 01:25:32.402122,4f:bb:00:00:02:0f,24.9375,60.5625,False,88.55882352941177,1278307.5
2026-05-25 01:46:32.478802,4f:bb:00:00:02:0f,24.8125,60.5,False,88.52941176470588,1279568.0
2026-05-25 02:07:32.576415,4f:bb:00:00:02:0f,24.6875,60.375,False,88.55882352941177,1280828.0
2026-05-25 02:28:32.643482,4f:bb:00:00:02:0f,24.5625,60.3125,False,88.52941176470588,1282087.5
2026-05-25 02:49:32.642994,4f:bb:00:00:02:0f,24.4375,60.0625,False,88.5,1283347.5
2026-05-25 03:10:32.724747,4f:bb:00:00:02:0f,24.3125,59.9375,False,88.47058823529412,1284609.5
2026-05-25 03:31:32.822167,4f:bb:00:00:02:0f,24.1875,59.875,False,88.5,1285870.5
2026-05-25 03:52:32.926737,4f:bb:00:00:02:0f,24.0,59.8125,False,88.47058823529412,1287129.0
2026-05-25 04:13:32.948515,4f:bb:00:00:02:0f,23.875,59.75,False,88.47058823529412,1288390.0
2026-05-25 04:34:33.070905,4f:bb:00:00:02:0f,23.75,59.6875,False,88.47058823529412,1289647.0
2026-05-25 04:55:33.160115,4f:bb:00:00:02:0f,23.5625,59.4375,False,88.47058823529412,1290908.0
2026-05-25 05:16:33.245135,4f:bb:00:00:02:0f,23.4375,59.375,False,88.44117647058823,1292171.0
2026-05-25 05:37:33.360631,4f:bb:00:00:02:0f,23.25,59.3125,False,88.41176470588235,1293429.0
2026-05-25 05:58:33.481921,4f:bb:00:00:02:0f,23.125,59.25,False,88.41176470588235,1294690.0
2026-05-25 06:19:33.522849,4f:bb:00:00:02:0f,23.0,59.1875,False,88.41176470588235,1295948.0
2026-05-25 06:40:33.605898,4f:bb:00:00:02:0f,22.875,59.1875,False,88.41176470588235,1297210.0
2026-05-25 07:01:33.659519,4f:bb:00:00:02:0f,22.75,58.9375,False,88.38235294117646,1298473.0
2026-05-25 07:22:33.726647,4f:bb:00:00:02:0f,22.625,58.9375,False,88.3529411764706,1299730.5
2026-05-25 07:43:33.711589,4f:bb:00:00:02:0f,22.5625,59.0,False,88.38235294117646,1300991.0
2026-05-25 08:04:33.818183,4f:bb:00:00:02:0f,22.5,59.0,False,88.3529411764706,1302250.0
2026-05-25 08:25:33.815190,4f:bb:00:00:02:0f,22.5,59.125,False,88.3529411764706,1303513.0
2026-05-25 08:46:33.903635,4f:bb:00:00:02:0f,22.5625,59.25,False,88.29411764705883,1304771.0
2026-05-25 09:07:33.990256,4f:bb:00:00:02:0f,22.6875,59.4375,False,88.32352941176471,1306030.0
2026-05-25 09:28:34.032451,4f:bb:00:00:02:0f,22.875,59.75,False,88.32352941176471,1307293.0
2026-05-25 09:49:34.107354,4f:bb:00:00:02:0f,23.125,59.8125,False,88.3529411764706,1308550.5
2026-05-25 10:10:34.216084,4f:bb:00:00:02:0f,23.375,59.875,False,88.32352941176471,1309811.0
2026-05-25 10:31:34.322964,4f:bb:00:00:02:0f,23.625,60.125,False,88.32352941176471,1311073.0
2026-05-25 10:52:34.438886,4f:bb:00:00:02:0f,23.9375,60.1875,False,88.33823529411765,1312333.5
2026-05-25 11:13:34.466256,4f:bb:00:00:02:0f,24.25,60.1875,False,88.33823529411765,1313590.5
2026-05-25 11:34:34.580328,4f:bb:00:00:02:0f,24.5625,60.5,False,88.3529411764706,1314852.0
2026-05-25 11:55:34.668792,4f:bb:00:00:02:0f,24.9375,60.625,False,88.38235294117646,1316113.0
2026-05-25 12:16:34.678107,4f:bb:00:00:02:0f,25.25,60.6875,False,88.38235294117646,1317372.0
2026-05-25 12:37:34.788564,4f:bb:00:00:02:0f,25.625,61.0,False,88.38235294117646,1318634.0
2026-05-25 12:58:34.888299,4f:bb:00:00:02:0f,25.9375,61.0,False,88.41176470588235,1319890.0
2026-05-25 13:19:34.922408,4f:bb:00:00:02:0f,26.25,61.3125,False,88.41176470588235,1321153.0
2026-05-25 13:40:35.041522,4f:bb:00:00:02:0f,26.5,61.375,False,88.44117647058823,1322413.0
2026-05-25 14:01:35.131119,4f:bb:00:00:02:0f,26.6875,61.4375,False,88.44117647058823,1323673.0
2026-05-25 14:22:35.167721,4f:bb:00:00:02:0f,26.875,61.5,False,88.44117647058823,1324931.5
2026-05-25 14:43:35.208259,4f:bb:00:00:02:0f,27.125,61.75,False,88.52941176470588,1326191.0
2026-05-25 15:04:35.210972,4f:bb:00:00:02:0f,27.25,61.8125,False,88.58823529411765,1327452.0
2026-05-25 15:25:35.270126,4f:bb:00:00:02:0f,27.5,61.875,False,88.67647058823529,1328715.0
2026-05-25 15:46:35.387888,4f:bb:00:00:02:0f,27.625,61.9375,False,88.70588235294117,1329975.0
2026-05-25 16:07:35.476623,4f:bb:00:00:02:0f,27.8125,62.0,False,88.73529411764706,1331231.5
2026-05-25 16:28:35.513936,4f:bb:00:00:02:0f,27.9375,62.3125,False,88.80882352941177,1332495.0
2026-05-25 16:49:35.566493,4f:bb:00:00:02:0f,28.125,62.3125,False,88.82352941176471,1333753.5
2026-05-25 17:10:35.667749,4f:bb:00:00:02:0f,28.25,62.375,False,88.82352941176471,1335013.0
2026-05-25 17:31:35.704969,4f:bb:00:00:02:0f,28.375,62.375,False,88.79411764705883,1336273.0
2026-05-25 17:52:35.805684,4f:bb:00:00:02:0f,28.4375,62.375,False,88.82352941176471,1337533.5
2026-05-25 18:13:35.916853,4f:bb:00:00:02:0f,28.5,62.375,False,88.82352941176471,1338793.5
2026-05-25 18:34:36.015263,4f:bb:00:00:02:0f,28.5625,62.3125,False,88.8529411764706,1340056.5
2026-05-25 18:55:36.063269,4f:bb:00:00:02:0f,28.5625,62.3125,False,88.8529411764706,1341314.0
2026-05-25 19:16:36.096235,4f:bb:00:00:02:0f,28.5,62.25,False,88.8529411764706,1342576.5
2026-05-25 19:37:36.204013,4f:bb:00:00:02:0f,28.4375,62.1875,False,88.82352941176471,1343835.0
2026-05-25 19:58:36.202574,4f:bb:00:00:02:0f,28.3125,62.125,False,88.82352941176471,1345094.5
2026-05-25 20:19:36.220150,4f:bb:00:00:02:0f,28.25,62.0625,False,88.8529411764706,1346353.0
2026-05-25 20:40:36.290894,4f:bb:00:00:02:0f,28.125,62.0,False,88.8529411764706,1347615.0
2026-05-25 21:01:36.313969,4f:bb:00:00:02:0f,28.0,62.0,False,88.8529411764706,1348874.0
2026-05-25 21:22:36.368869,4f:bb:00:00:02:0f,27.9375,62.0,False,88.88235294117646,1350137.0
2026-05-25 21:43:36.450936,4f:bb:00:00:02:0f,27.8125,61.6875,False,88.88235294117646,1351396.0
2026-05-25 22:04:36.540766,4f:bb:00:00:02:0f,27.6875,61.6875,False,88.8529411764706,1352654.0
2026-05-25 22:25:36.582648,4f:bb:00:00:02:0f,27.625,61.625,False,88.88235294117646,1353917.0
2026-05-25 22:46:36.672675,4f:bb:00:00:02:0f,27.5,61.5,False,88.8529411764706,1355176.0
2026-05-25 23:07:36.797524,4f:bb:00:00:02:0f,27.3125,61.4375,False,88.8529411764706,1356436.0
2026-05-25 23:28:36.907131,4f:bb:00:00:02:0f,27.1875,61.375,False,88.86764705882354,1357696.5
2026-05-25 23:49:36.980048,4f:bb:00:00:02:0f,27.125,61.375,False,88.88235294117646,1358956.5
2026-05-26 00:10:37.068209,4f:bb:00:00:02:0f,27.0,61.0625,False,88.8529411764706,1360217.5
2026-05-26 00:31:37.175399,4f:bb:00:00:02:0f,26.875,61.0,False,88.8529411764706,1361477.0
2026-05-26 00:52:37.279457,4f:bb:00:00:02:0f,26.75,60.9375,False,88.8529411764706,1362736.0
2026-05-26 01:13:37.368335,4f:bb:00:00:02:0f,26.625,60.875,False,88.8529411764706,1363999.5
2026-05-26 01:34:37.470225,4f:bb:00:00:02:0f,26.4375,60.8125,False,88.82352941176471,1365255.0
2026-05-26 01:55:37.477232,4f:bb:00:00:02:0f,26.3125,60.75,False,88.82352941176471,1366516.0
2026-05-26 02:16:37.609590,4f:bb:00:00:02:0f,26.1875,60.625,False,88.82352941176471,1367778.0
2026-05-26 02:37:37.672873,4f:bb:00:00:02:0f,26.0,60.3125,False,88.82352941176471,1369037.0
2026-05-26 02:58:37.732589,4f:bb:00:00:02:0f,25.8125,60.25,False,88.79411764705883,1370297.0
2026-05-26 03:19:37.805267,4f:bb:00:00:02:0f,25.6875,60.1875,False,88.82352941176471,1371558.0
2026-05-26 03:40:37.907238,4f:bb:00:00:02:0f,25.5625,60.125,False,88.79411764705883,1372818.0
2026-05-26 04:01:38.017650,4f:bb:00:00:02:0f,25.375,60.0625,False,88.76470588235294,1374078.0
2026-05-26 04:22:38.118832,4f:bb:00:00:02:0f,25.1875,59.75,False,88.76470588235294,1375336.0
2026-05-26 04:43:38.231820,4f:bb:00:00:02:0f,25.0625,59.6875,False,88.76470588235294,1376598.0
2026-05-26 05:04:38.238355,4f:bb:00:00:02:0f,24.875,59.625,False,88.73529411764706,1377860.0
2026-05-26 05:25:38.350953,4f:bb:00:00:02:0f,24.75,59.5,False,88.70588235294117,1379119.5
2026-05-26 05:46:38.436459,4f:bb:00:00:02:0f,24.5625,59.5,False,88.70588235294117,1380376.0
2026-05-26 06:07:38.478878,4f:bb:00:00:02:0f,24.4375,59.1875,False,88.70588235294117,1381639.5
2026-05-26 06:28:38.534186,4f:bb:00:00:02:0f,24.25,59.125,False,88.67647058823529,1382898.0
2026-05-26 06:49:38.677211,4f:bb:00:00:02:0f,24.125,59.125,False,88.70588235294117,1384158.5
2026-05-26 07:10:38.763366,4f:bb:00:00:02:0f,24.0625,59.1875,False,88.67647058823529,1385420.0
2026-05-26 07:31:38.815558,4f:bb:00:00:02:0f,23.9375,59.1875,False,88.6470588235294,1386679.5
2026-05-26 07:52:38.911210,4f:bb:00:00:02:0f,23.875,59.1875,False,88.67647058823529,1387940.0
2026-05-26 08:13:39.008497,4f:bb:00:00:02:0f,23.8125,59.25,False,88.63235294117646,1389200.0
2026-05-26 08:34:39.022772,4f:bb:00:00:02:0f,23.8125,59.375,False,88.6470588235294,1390457.0
2026-05-26 08:55:39.055985,4f:bb:00:00:02:0f,23.9375,59.5,False,88.63235294117646,1391719.5
2026-05-26 09:16:39.182000,4f:bb:00:00:02:0f,24.0625,59.625,False,88.61764705882354,1392981.0
2026-05-26 09:37:39.268698,4f:bb:00:00:02:0f,24.3125,59.6875,False,88.63235294117646,1394241.0
2026-05-26 09:58:39.338081,4f:bb:00:00:02:0f,24.5,60.0,False,88.61764705882354,1395499.0
2026-05-26 10:19:39.439025,4f:bb:00:00:02:0f,24.75,60.0,False,88.6470588235294,1396760.0
2026-05-26 10:40:39.541002,4f:bb:00:00:02:0f,24.9375,60.0,False,88.61764705882354,1398022.0
2026-05-26 11:01:39.591591,4f:bb:00:00:02:0f,25.1875,60.0,False,88.61764705882354,1399280.0
2026-05-26 11:22:39.686646,4f:bb:00:00:02:0f,25.375,60.3125,False,88.6470588235294,1400542.5
2026-05-26 11:43:39.745466,4f:bb:00:00:02:0f,25.5625,60.3125,False,88.61764705882354,1401800.0
2026-05-26 12:04:39.858618,4f:bb:00:00:02:0f,25.8125,60.3125,False,88.6470588235294,1403062.5
2026-05-26 12:25:39.958490,4f:bb:00:00:02:0f,26.0,60.375,False,88.6470588235294,1404324.0
2026-05-26 12:46:39.981277,4f:bb:00:00:02:0f,26.1875,60.6875,False,88.6470588235294,1405582.0
2026-05-26 13:07:39.985711,4f:bb:00:00:02:0f,26.375,60.75,False,88.6470588235294,1406843.0
2026-05-26 13:28:40.056102,4f:bb:00:00:02:0f,26.625,60.875,False,88.6470588235294,1408101.0
2026-05-26 13:44:55.812172,4f:bb:00:00:02:0f,26.8125,60.875,False,88.61764705882354,1409077.0
2026-05-26 14:05:55.284442,4f:bb:00:00:02:0f,27.0625,66.4375,False,88.6470588235294,1410337.0
2026-05-26 14:26:55.234232,4f:bb:00:00:02:0f,27.25,66.375,False,88.6470588235294,1411597.0
2026-05-26 14:47:55.341769,4f:bb:00:00:02:0f,27.5,67.125,False,88.6470588235294,1412856.0
2026-05-26 15:08:55.446487,4f:bb:00:00:02:0f,27.6875,67.375,False,88.67647058823529,1414120.5
2026-05-26 15:29:55.525482,4f:bb:00:00:02:0f,27.9375,67.6875,False,88.67647058823529,1415377.0
2026-05-26 15:50:55.549722,4f:bb:00:00:02:0f,28.125,67.6875,False,88.6470588235294,1416638.0
2026-05-26 16:11:55.549129,4f:bb:00:00:02:0f,28.3125,67.625,False,88.6029411764706,1417897.5
2026-05-26 16:32:55.593936,4f:bb:00:00:02:0f,28.5625,67.5,False,88.52941176470588,1419155.0
2026-05-26 16:53:55.676482,4f:bb:00:00:02:0f,28.8125,67.625,False,88.55882352941177,1420420.0
2026-05-26 17:14:55.694576,4f:bb:00:00:02:0f,29.0,67.25,False,88.55882352941177,1421677.0
2026-05-26 17:35:55.811464,4f:bb:00:00:02:0f,29.125,65.8125,False,88.61764705882354,1422940.5
2026-05-26 17:56:55.912633,4f:bb:00:00:02:0f,29.1875,64.375,False,88.61764705882354,1424200.5
2026-05-26 18:17:56.010365,4f:bb:00:00:02:0f,29.25,63.125,False,88.61764705882354,1425459.0
2026-05-26 18:38:56.068059,4f:bb:00:00:02:0f,29.25,62.0,False,88.61764705882354,1426720.5
2026-05-26 18:59:56.167199,4f:bb:00:00:02:0f,29.1875,61.5625,False,88.67647058823529,1427978.0
2026-05-26 19:20:56.207809,4f:bb:00:00:02:0f,29.1875,61.0625,False,88.67647058823529,1429242.0
2026-05-26 19:41:56.309248,4f:bb:00:00:02:0f,29.125,60.4375,False,88.69117647058823,1430497.0
2026-05-26 20:02:56.385317,4f:bb:00:00:02:0f,28.9375,59.5,False,88.67647058823529,1431759.0
2026-05-26 20:23:56.395220,4f:bb:00:00:02:0f,28.8125,59.1875,False,88.67647058823529,1433023.0
2026-05-26 20:44:56.490438,4f:bb:00:00:02:0f,28.625,58.3125,False,88.67647058823529,1434277.0
2026-05-26 21:05:56.563329,4f:bb:00:00:02:0f,28.4375,57.5625,False,88.67647058823529,1435538.0
2026-05-26 21:26:56.693582,4f:bb:00:00:02:0f,28.25,56.6875,False,88.67647058823529,1436798.0
2026-05-26 21:47:56.794482,4f:bb:00:00:02:0f,28.0625,56.5625,False,88.67647058823529,1438057.5
2026-05-26 22:08:56.899127,4f:bb:00:00:02:0f,27.9375,56.6875,False,88.67647058823529,1439321.0
2026-05-26 22:29:56.960089,4f:bb:00:00:02:0f,27.8125,56.0625,False,88.67647058823529,1440579.0
2026-05-26 22:50:57.071648,4f:bb:00:00:02:0f,27.6875,56.0625,False,88.67647058823529,1441839.5
2026-05-26 23:11:57.183396,4f:bb:00:00:02:0f,27.5625,56.3125,False,88.67647058823529,1443103.5
2026-05-26 23:32:57.282448,4f:bb:00:00:02:0f,27.4375,56.1875,False,88.67647058823529,1444362.0
2026-05-26 23:53:57.390427,4f:bb:00:00:02:0f,27.1875,54.1875,False,88.67647058823529,1445620.5
2026-05-27 00:14:57.503068,4f:bb:00:00:02:0f,26.8125,53.0625,False,88.6470588235294,1446881.0
2026-05-27 00:35:57.504949,4f:bb:00:00:02:0f,26.4375,52.4375,False,88.61764705882354,1448140.0
2026-05-27 00:56:57.564085,4f:bb:00:00:02:0f,26.125,51.9375,False,88.61764705882354,1449401.0
2026-05-27 01:17:57.665377,4f:bb:00:00:02:0f,25.8125,52.5625,False,88.58823529411765,1450661.0
2026-05-27 01:38:57.661317,4f:bb:00:00:02:0f,25.625,52.875,False,88.58823529411765,1451920.0
2026-05-27 01:59:57.792044,4f:bb:00:00:02:0f,25.4375,52.5,False,88.58823529411765,1453180.5
2026-05-27 02:20:57.882487,4f:bb:00:00:02:0f,25.1875,52.5,False,88.58823529411765,1454443.5
2026-05-27 02:41:57.978381,4f:bb:00:00:02:0f,25.0,52.625,False,88.55882352941177,1455701.0
2026-05-27 03:02:58.063354,4f:bb:00:00:02:0f,24.8125,53.0625,False,88.55882352941177,1456963.0
2026-05-27 03:23:58.185373,4f:bb:00:00:02:0f,24.625,53.375,False,88.52941176470588,1458221.0
2026-05-27 03:44:58.276528,4f:bb:00:00:02:0f,24.4375,53.5625,False,88.5,1459482.0
2026-05-27 04:05:58.316193,4f:bb:00:00:02:0f,24.25,53.4375,False,88.5,1460741.0
2026-05-27 04:26:58.450024,4f:bb:00:00:02:0f,24.0,53.625,False,88.5,1462001.0
2026-05-27 04:47:58.444801,4f:bb:00:00:02:0f,23.75,53.6875,False,88.47058823529412,1463264.0
2026-05-27 05:08:58.532854,4f:bb:00:00:02:0f,23.5,53.4375,False,88.47058823529412,1464520.5
2026-05-27 05:29:58.642449,4f:bb:00:00:02:0f,23.25,53.4375,False,88.47058823529412,1465780.5
2026-05-27 05:50:58.745971,4f:bb:00:00:02:0f,23.0,53.375,False,88.47058823529412,1467044.0
2026-05-27 06:11:58.839864,4f:bb:00:00:02:0f,22.75,53.0625,False,88.42647058823529,1468300.5
2026-05-27 06:32:58.922140,4f:bb:00:00:02:0f,22.5,53.0625,False,88.41176470588235,1469564.0
2026-05-27 06:53:58.932104,4f:bb:00:00:02:0f,22.3125,53.1875,False,88.44117647058823,1470822.5
2026-05-27 07:14:59.052742,4f:bb:00:00:02:0f,22.125,53.4375,False,88.41176470588235,1472082.5
2026-05-27 07:35:59.140303,4f:bb:00:00:02:0f,22.0625,53.6875,False,88.3529411764706,1473343.5
2026-05-27 07:56:59.233162,4f:bb:00:00:02:0f,21.9375,53.9375,False,88.29411764705883,1474603.0
2026-05-27 08:17:59.345565,4f:bb:00:00:02:0f,21.9375,54.3125,False,88.20588235294117,1475864.0
2026-05-27 08:38:59.365485,4f:bb:00:00:02:0f,22.0,54.75,False,88.1470588235294,1477120.5
2026-05-27 08:59:59.389877,4f:bb:00:00:02:0f,22.125,55.3125,False,88.1470588235294,1478386.0
2026-05-27 09:20:59.483168,4f:bb:00:00:02:0f,22.25,56.0,False,88.11764705882354,1479646.0
2026-05-27 09:41:59.612117,4f:bb:00:00:02:0f,22.4375,56.4375,False,88.08823529411765,1480903.0
2026-05-27 10:02:59.692127,4f:bb:00:00:02:0f,22.625,56.6875,False,88.11764705882354,1482168.0
2026-05-27 10:23:59.737075,4f:bb:00:00:02:0f,22.8125,57.125,False,88.11764705882354,1483424.0
2026-05-27 10:44:59.834675,4f:bb:00:00:02:0f,22.9375,57.25,False,88.11764705882354,1484686.5
2026-05-27 11:05:59.981752,4f:bb:00:00:02:0f,23.125,57.375,False,88.08823529411765,1485945.0
2026-05-27 11:27:00.080047,4f:bb:00:00:02:0f,23.375,57.5,False,88.08823529411765,1487205.0
2026-05-27 11:48:00.097462,4f:bb:00:00:02:0f,23.5625,57.5625,False,88.1029411764706,1488463.5
2026-05-27 12:09:00.216847,4f:bb:00:00:02:0f,23.6875,57.875,False,88.08823529411765,1489728.0
2026-05-27 12:30:00.224394,4f:bb:00:00:02:0f,23.875,57.9375,False,88.1029411764706,1490983.5
2026-05-27 12:51:00.260352,4f:bb:00:00:02:0f,24.0625,58.0625,False,88.08823529411765,1492246.0
2026-05-27 13:12:00.412057,4f:bb:00:00:02:0f,24.1875,58.125,False,88.11764705882354,1493503.0
2026-05-27 13:33:00.527554,4f:bb:00:00:02:0f,24.375,58.1875,False,88.1470588235294,1494763.5
2026-05-27 13:54:00.550014,4f:bb:00:00:02:0f,24.5,58.5,False,88.11764705882354,1496027.0
2026-05-27 14:15:00.554796,4f:bb:00:00:02:0f,24.5625,58.625,False,88.11764705882354,1497286.0
2026-05-27 14:36:00.595609,4f:bb:00:00:02:0f,24.6875,58.6875,False,88.11764705882354,1498547.0
2026-05-27 14:57:00.653854,4f:bb:00:00:02:0f,24.8125,58.8125,False,88.11764705882354,1499808.0
2026-05-27 15:18:00.709687,4f:bb:00:00:02:0f,24.875,58.875,False,88.11764705882354,1501065.0
2026-05-27 15:39:00.730692,4f:bb:00:00:02:0f,25.0,58.9375,False,88.11764705882354,1502329.0
2026-05-27 16:00:00.727858,4f:bb:00:00:02:0f,25.0625,59.0,False,88.11764705882354,1503585.0
2026-05-27 16:21:00.749682,4f:bb:00:00:02:0f,25.1875,59.0625,False,88.11764705882354,1504843.5
2026-05-27 16:42:00.847412,4f:bb:00:00:02:0f,25.25,59.125,False,88.11764705882354,1506107.0
2026-05-27 17:03:00.942684,4f:bb:00:00:02:0f,25.3125,59.0,False,88.1470588235294,1507365.0
2026-05-27 17:24:00.973037,4f:bb:00:00:02:0f,25.3125,58.375,False,88.1470588235294,1508627.0
2026-05-27 17:45:01.071010,4f:bb:00:00:02:0f,25.25,57.5625,False,88.1470588235294,1509889.0
2026-05-27 18:06:01.310223,4f:bb:00:00:02:0f,25.1875,56.375,False,88.11764705882354,1511149.5
2026-05-27 18:27:01.210094,4f:bb:00:00:02:0f,25.125,55.25,False,88.1470588235294,1512406.0
2026-05-27 18:48:01.337979,4f:bb:00:00:02:0f,25.0625,54.375,False,88.1470588235294,1513666.5
2026-05-27 19:09:01.415599,4f:bb:00:00:02:0f,24.9375,53.8125,False,88.11764705882354,1514929.5
2026-05-27 19:30:01.489232,4f:bb:00:00:02:0f,24.875,53.25,False,88.1029411764706,1516186.5
2026-05-27 19:51:01.514570,4f:bb:00:00:02:0f,24.75,52.625,False,88.11764705882354,1517446.0
2026-05-27 20:12:01.571264,4f:bb:00:00:02:0f,24.625,52.1875,False,88.1470588235294,1518709.5
2026-05-27 20:33:01.686942,4f:bb:00:00:02:0f,24.5,51.75,False,88.11764705882354,1519967.0
2026-05-27 20:54:01.742667,4f:bb:00:00:02:0f,24.375,51.5,False,88.11764705882354,1521229.0
2026-05-27 21:15:01.862448,4f:bb:00:00:02:0f,24.25,51.6875,False,88.11764705882354,1522487.0
2026-05-27 21:36:01.956878,4f:bb:00:00:02:0f,24.125,51.75,False,88.11764705882354,1523753.0
2026-05-27 21:57:02.010338,4f:bb:00:00:02:0f,24.0,52.0,False,88.08823529411765,1525006.5
2026-05-27 22:18:02.088726,4f:bb:00:00:02:0f,23.875,52.125,False,88.08823529411765,1526276.0
2026-05-27 22:39:02.191416,4f:bb:00:00:02:0f,23.75,52.25,False,88.08823529411765,1527529.0
2026-05-27 23:00:02.210739,4f:bb:00:00:02:0f,23.5625,51.875,False,88.08823529411765,1528787.0
2026-05-27 23:21:02.287087,4f:bb:00:00:02:0f,23.375,51.9375,False,88.05882352941177,1530050.0
2026-05-27 23:42:02.317549,4f:bb:00:00:02:0f,23.25,52.1875,False,88.02941176470588,1531312.0
2026-05-28 00:03:02.433724,4f:bb:00:00:02:0f,23.0625,52.25,False,88.02941176470588,1532569.0
2026-05-28 00:24:02.542332,4f:bb:00:00:02:0f,22.9375,52.25,False,88.02941176470588,1533830.0
2026-05-28 00:45:02.591144,4f:bb:00:00:02:0f,22.75,52.25,False,88.0,1535092.5
2026-05-28 01:06:02.622830,4f:bb:00:00:02:0f,22.625,52.0,False,88.0,1536349.5
2026-05-28 01:27:02.704504,4f:bb:00:00:02:0f,22.4375,52.0,False,87.97058823529412,1537612.0
2026-05-28 01:48:02.843598,4f:bb:00:00:02:0f,22.25,52.0625,False,87.94117647058823,1538867.0
2026-05-28 02:09:02.921312,4f:bb:00:00:02:0f,22.125,52.125,False,87.97058823529412,1540127.0
2026-05-28 02:30:02.979524,4f:bb:00:00:02:0f,22.0,52.1875,False,87.91176470588235,1541392.5
2026-05-28 02:51:03.097443,4f:bb:00:00:02:0f,21.8125,51.9375,False,87.94117647058823,1542651.0
2026-05-28 03:12:03.174421,4f:bb:00:00:02:0f,21.5625,52.0,False,87.94117647058823,1543911.0
2026-05-28 03:33:03.248751,4f:bb:00:00:02:0f,21.375,52.0625,False,87.88235294117646,1545169.0
2026-05-28 03:54:03.331624,4f:bb:00:00:02:0f,21.1875,52.125,False,87.88235294117646,1546431.0
2026-05-28 04:15:03.432900,4f:bb:00:00:02:0f,21.0,52.0,False,87.88235294117646,1547690.5
2026-05-28 04:36:03.515120,4f:bb:00:00:02:0f,20.8125,52.125,False,87.88235294117646,1548952.0
2026-05-28 04:57:03.502886,4f:bb:00:00:02:0f,20.6875,52.1875,False,87.82352941176471,1550212.0
2026-05-28 05:18:03.523926,4f:bb:00:00:02:0f,20.5,52.3125,False,87.8529411764706,1551472.5
2026-05-28 05:39:03.621850,4f:bb:00:00:02:0f,20.375,52.5,False,87.73529411764706,1552732.5
2026-05-28 06:00:03.744074,4f:bb:00:00:02:0f,20.25,52.625,False,87.73529411764706,1553992.0
2026-05-28 06:21:03.719379,4f:bb:00:00:02:0f,20.125,52.625,False,87.67647058823529,1555253.0
2026-05-28 06:42:03.830039,4f:bb:00:00:02:0f,20.0625,52.8125,False,87.6470588235294,1556509.0
2026-05-28 07:03:03.903735,4f:bb:00:00:02:0f,20.0,53.0,False,87.61764705882354,1557772.5
2026-05-28 07:24:03.975153,4f:bb:00:00:02:0f,20.0,53.125,False,87.58823529411765,1559032.5
2026-05-28 07:45:04.055922,4f:bb:00:00:02:0f,19.9375,53.3125,False,87.55882352941177,1560291.0
2026-05-28 08:06:04.133492,4f:bb:00:00:02:0f,19.9375,53.4375,False,87.52941176470588,1561552.5
2026-05-28 08:27:04.202619,4f:bb:00:00:02:0f,20.0,53.625,False,87.52941176470588,1562815.5
2026-05-28 08:48:04.292597,4f:bb:00:00:02:0f,20.125,53.875,False,87.47058823529412,1564072.0
2026-05-28 09:09:04.408870,4f:bb:00:00:02:0f,20.3125,54.25,False,87.44117647058823,1565334.5
2026-05-28 09:30:04.458941,4f:bb:00:00:02:0f,20.5,54.375,False,87.5,1566594.0
2026-05-28 09:51:04.524302,4f:bb:00:00:02:0f,20.6875,54.5,False,87.5,1567855.0
2026-05-28 10:12:04.604496,4f:bb:00:00:02:0f,20.9375,54.625,False,87.5,1569113.0
2026-05-28 10:33:04.711774,4f:bb:00:00:02:0f,21.125,54.9375,False,87.5,1570376.0
2026-05-28 10:54:04.820420,4f:bb:00:00:02:0f,21.375,55.0625,False,87.47058823529412,1571635.0
2026-05-28 11:15:04.909838,4f:bb:00:00:02:0f,21.625,55.125,False,87.5,1572892.0
2026-05-28 11:36:04.907994,4f:bb:00:00:02:0f,21.875,55.25,False,87.47058823529412,1574155.0
2026-05-28 11:57:05.017206,4f:bb:00:00:02:0f,22.125,55.5625,False,87.52941176470588,1575413.0
2026-05-28 12:18:05.120923,4f:bb:00:00:02:0f,22.375,55.6875,False,87.52941176470588,1576673.0
2026-05-28 12:39:05.139128,4f:bb:00:00:02:0f,22.625,55.75,False,87.52941176470588,1577936.0
2026-05-28 13:00:05.232372,4f:bb:00:00:02:0f,22.8125,56.0625,False,87.55882352941177,1579195.0
2026-05-28 13:21:05.324062,4f:bb:00:00:02:0f,23.0,56.125,False,87.58823529411765,1580455.5
2026-05-28 13:42:05.343798,4f:bb:00:00:02:0f,23.1875,56.1875,False,87.55882352941177,1581715.0
2026-05-28 14:03:05.424182,4f:bb:00:00:02:0f,23.3125,56.3125,False,87.58823529411765,1582975.0
2026-05-28 14:24:05.448567,4f:bb:00:00:02:0f,23.5,56.375,False,87.58823529411765,1584235.5
2026-05-28 14:45:05.556495,4f:bb:00:00:02:0f,23.625,56.6875,False,87.61764705882354,1585495.5
2026-05-28 15:06:05.645730,4f:bb:00:00:02:0f,23.8125,56.75,False,87.58823529411765,1586755.0
2026-05-28 15:27:05.712608,4f:bb:00:00:02:0f,23.9375,56.875,False,87.61764705882354,1588018.0
2026-05-28 15:48:05.792374,4f:bb:00:00:02:0f,24.125,56.9375,False,87.61764705882354,1589275.5
2026-05-28 16:09:05.917540,4f:bb:00:00:02:0f,24.25,57.0,False,87.61764705882354,1590535.0
2026-05-28 16:30:05.932986,4f:bb:00:00:02:0f,24.3125,57.0625,False,87.6470588235294,1591797.0
2026-05-28 16:51:06.016936,4f:bb:00:00:02:0f,24.4375,57.0625,False,87.6470588235294,1593056.0
2026-05-28 17:12:06.062455,4f:bb:00:00:02:0f,24.46875,57.3125,False,87.6470588235294,1594315.5
2026-05-28 17:33:06.154071,4f:bb:00:00:02:0f,24.5,57.375,False,87.67647058823529,1595575.0
2026-05-28 17:54:06.266789,4f:bb:00:00:02:0f,24.5625,57.375,False,87.67647058823529,1596839.0
2026-05-28 18:15:06.281753,4f:bb:00:00:02:0f,24.5625,57.375,False,87.70588235294117,1598095.5
2026-05-28 18:36:06.294203,4f:bb:00:00:02:0f,24.5625,57.4375,False,87.73529411764706,1599355.5
2026-05-28 18:57:06.405732,4f:bb:00:00:02:0f,24.625,57.46875,False,87.70588235294117,1600617.0
2026-05-28 19:18:06.465753,4f:bb:00:00:02:0f,24.625,57.5,False,87.70588235294117,1601878.0
2026-05-28 19:39:06.552438,4f:bb:00:00:02:0f,24.625,57.5,False,87.70588235294117,1603137.0
2026-05-28 20:00:06.646835,4f:bb:00:00:02:0f,24.625,57.5625,False,87.73529411764706,1604398.0
2026-05-28 20:21:06.770206,4f:bb:00:00:02:0f,24.6875,57.5625,False,87.73529411764706,1605655.0
2026-05-28 20:42:06.863540,4f:bb:00:00:02:0f,24.6875,57.5625,False,87.73529411764706,1606916.0
2026-05-28 21:03:06.934865,4f:bb:00:00:02:0f,24.6875,57.5625,False,87.73529411764706,1608178.0
2026-05-28 21:24:07.033606,4f:bb:00:00:02:0f,24.6875,57.625,False,87.76470588235294,1609438.5
2026-05-28 21:45:07.081119,4f:bb:00:00:02:0f,24.6875,57.625,False,87.73529411764706,1610698.0
2026-05-28 22:06:07.184482,4f:bb:00:00:02:0f,24.6875,57.625,False,87.73529411764706,1611958.0
2026-05-28 22:27:07.218860,4f:bb:00:00:02:0f,24.6875,57.625,False,87.73529411764706,1613219.0
2026-05-28 22:48:07.324878,4f:bb:00:00:02:0f,24.625,57.5625,False,87.76470588235294,1614478.0
2026-05-28 23:09:07.436999,4f:bb:00:00:02:0f,24.625,57.5625,False,87.73529411764706,1615738.0
2026-05-28 23:30:07.472229,4f:bb:00:00:02:0f,24.5625,57.5,False,87.76470588235294,1617001.0
2026-05-28 23:51:07.489090,4f:bb:00:00:02:0f,24.5625,57.5,False,87.76470588235294,1618259.0
2026-05-29 00:12:07.599366,4f:bb:00:00:02:0f,24.5,57.4375,False,87.73529411764706,1619520.0
2026-05-29 00:33:07.706474,4f:bb:00:00:02:0f,24.5,57.4375,False,87.76470588235294,1620779.0
2026-05-29 00:54:07.796902,4f:bb:00:00:02:0f,24.4375,57.125,False,87.75,1622037.0
2026-05-29 01:15:07.925695,4f:bb:00:00:02:0f,24.4375,57.125,False,87.76470588235294,1623301.0
2026-05-29 01:36:08.020373,4f:bb:00:00:02:0f,24.375,57.0625,False,87.76470588235294,1624561.0
2026-05-29 01:57:08.124643,4f:bb:00:00:02:0f,24.3125,57.0625,False,87.76470588235294,1625818.5
2026-05-29 02:18:08.179120,4f:bb:00:00:02:0f,24.3125,57.0,False,87.76470588235294,1627081.0
2026-05-29 02:39:08.239393,4f:bb:00:00:02:0f,24.25,56.9375,False,87.76470588235294,1628337.0
2026-05-29 03:00:08.343868,4f:bb:00:00:02:0f,24.1875,56.875,False,87.76470588235294,1629599.0
2026-05-29 03:21:08.351285,4f:bb:00:00:02:0f,24.125,56.8125,False,87.76470588235294,1630861.0
2026-05-29 03:42:08.432211,4f:bb:00:00:02:0f,24.0625,56.75,False,87.76470588235294,1632119.0
2026-05-29 04:03:08.489147,4f:bb:00:00:02:0f,24.0,56.6875,False,87.76470588235294,1633379.0
2026-05-29 04:24:08.575648,4f:bb:00:00:02:0f,23.9375,56.625,False,87.73529411764706,1634638.5
2026-05-29 04:45:08.580812,4f:bb:00:00:02:0f,23.8125,56.5625,False,87.73529411764706,1635902.0
2026-05-29 05:06:08.670170,4f:bb:00:00:02:0f,23.75,56.5,False,87.73529411764706,1637160.0
2026-05-29 05:27:08.745376,4f:bb:00:00:02:0f,23.6875,56.5,False,87.76470588235294,1638422.0
2026-05-29 05:48:08.751853,4f:bb:00:00:02:0f,23.625,56.4375,False,87.73529411764706,1639681.0
2026-05-29 06:09:08.863843,4f:bb:00:00:02:0f,23.5,56.1875,False,87.73529411764706,1640942.0
2026-05-29 06:30:08.964353,4f:bb:00:00:02:0f,23.5,56.1875,False,87.73529411764706,1642201.0
2026-05-29 06:51:08.970339,4f:bb:00:00:02:0f,23.375,56.1875,False,87.72058823529412,1643463.0
2026-05-29 07:12:09.085155,4f:bb:00:00:02:0f,23.375,56.1875,False,87.73529411764706,1644724.0
2026-05-29 07:33:09.182938,4f:bb:00:00:02:0f,23.3125,56.1875,False,87.76470588235294,1645981.5
2026-05-29 07:54:09.262016,4f:bb:00:00:02:0f,23.25,56.1875,False,87.76470588235294,1647242.0
2026-05-29 08:15:09.364036,4f:bb:00:00:02:0f,23.21875,56.1875,False,87.72058823529412,1648501.5
2026-05-29 08:36:09.455793,4f:bb:00:00:02:0f,23.1875,56.25,False,87.73529411764706,1649767.0
2026-05-29 08:57:09.573402,4f:bb:00:00:02:0f,23.1875,56.375,False,87.70588235294117,1651021.0
2026-05-29 09:18:09.666227,4f:bb:00:00:02:0f,23.25,56.5,False,87.70588235294117,1652282.0
2026-05-29 09:39:09.744921,4f:bb:00:00:02:0f,23.3125,56.5625,False,87.73529411764706,1653542.0
2026-05-29 10:00:09.872050,4f:bb:00:00:02:0f,23.375,56.6875,False,87.73529411764706,1654804.0
2026-05-29 10:21:09.842356,4f:bb:00:00:02:0f,23.375,56.75,False,87.70588235294117,1656061.0
2026-05-29 10:42:09.952707,4f:bb:00:00:02:0f,23.5,56.875,False,87.73529411764706,1657323.0
2026-05-29 11:03:10.061183,4f:bb:00:00:02:0f,23.625,57.1875,False,87.73529411764706,1658581.5
2026-05-29 11:24:10.106232,4f:bb:00:00:02:0f,23.75,57.25,False,87.73529411764706,1659844.0
2026-05-29 11:45:10.254812,4f:bb:00:00:02:0f,23.8125,57.25,False,87.73529411764706,1661101.0
2026-05-29 12:06:10.301370,4f:bb:00:00:02:0f,23.875,57.1875,False,87.73529411764706,1662364.0
2026-05-29 12:27:10.347476,4f:bb:00:00:02:0f,23.875,57.1875,False,87.73529411764706,1663624.0
2026-05-29 12:48:10.402113,4f:bb:00:00:02:0f,23.875,57.1875,False,87.70588235294117,1664885.0
2026-05-29 13:09:10.445663,4f:bb:00:00:02:0f,23.875,57.25,False,87.70588235294117,1666147.5
2026-05-29 13:30:10.573204,4f:bb:00:00:02:0f,23.875,57.25,False,87.72058823529412,1667403.0
2026-05-29 13:51:10.659117,4f:bb:00:00:02:0f,23.875,57.3125,False,87.73529411764706,1668664.0
2026-05-29 14:12:10.701837,4f:bb:00:00:02:0f,23.9375,57.3125,False,87.73529411764706,1669924.5
2026-05-29 14:33:10.795368,4f:bb:00:00:02:0f,23.9375,57.3125,False,87.70588235294117,1671186.0
2026-05-29 14:54:10.895407,4f:bb:00:00:02:0f,24.0,57.375,False,87.70588235294117,1672446.0
2026-05-29 15:15:10.989194,4f:bb:00:00:02:0f,24.0625,57.4375,False,87.70588235294117,1673706.0
2026-05-29 15:36:11.019057,4f:bb:00:00:02:0f,24.0625,57.4375,False,87.70588235294117,1674966.0
2026-05-29 15:57:11.142611,4f:bb:00:00:02:0f,24.125,57.4375,False,87.73529411764706,1676228.0
2026-05-29 16:18:11.175300,4f:bb:00:00:02:0f,24.1875,57.5,False,87.70588235294117,1677485.0
2026-05-29 16:39:11.282739,4f:bb:00:00:02:0f,24.25,57.5,False,87.70588235294117,1678749.0
2026-05-29 17:00:11.309615,4f:bb:00:00:02:0f,24.3125,57.5625,False,87.73529411764706,1680004.5
2026-05-29 17:21:11.419020,4f:bb:00:00:02:0f,24.375,57.625,False,87.70588235294117,1681267.0
2026-05-29 17:42:11.458882,4f:bb:00:00:02:0f,24.4375,57.625,False,87.70588235294117,1682525.0
2026-05-29 18:03:11.545761,4f:bb:00:00:02:0f,24.5,57.8125,False,87.70588235294117,1683787.0
2026-05-29 18:24:11.673041,4f:bb:00:00:02:0f,24.5625,57.8125,False,87.70588235294117,1685048.0
2026-05-29 18:45:11.715313,4f:bb:00:00:02:0f,24.5625,57.8125,False,87.73529411764706,1686304.5
2026-05-29 19:06:11.827913,4f:bb:00:00:02:0f,24.625,57.8125,False,87.73529411764706,1687565.0
2026-05-29 19:27:11.921925,4f:bb:00:00:02:0f,24.625,57.8125,False,87.73529411764706,1688826.0
2026-05-29 19:48:11.928390,4f:bb:00:00:02:0f,24.625,57.8125,False,87.73529411764706,1690087.5
2026-05-29 20:09:12.054165,4f:bb:00:00:02:0f,24.625,57.8125,False,87.73529411764706,1691348.0
2026-05-29 20:30:12.075529,4f:bb:00:00:02:0f,24.625,57.75,False,87.76470588235294,1692604.5
2026-05-29 20:51:12.084348,4f:bb:00:00:02:0f,24.5625,57.75,False,87.70588235294117,1693864.0
2026-05-29 21:12:12.175942,4f:bb:00:00:02:0f,24.5,57.6875,False,87.76470588235294,1695127.5
2026-05-29 21:33:12.298937,4f:bb:00:00:02:0f,24.4375,57.4375,False,87.73529411764706,1696390.0
2026-05-29 21:54:12.385731,4f:bb:00:00:02:0f,24.375,57.375,False,87.73529411764706,1697647.0
2026-05-29 22:15:12.489317,4f:bb:00:00:02:0f,24.25,57.3125,False,87.73529411764706,1698907.5
2026-05-29 22:36:12.580956,4f:bb:00:00:02:0f,24.1875,57.25,False,87.73529411764706,1700169.0
2026-05-29 22:57:12.741271,4f:bb:00:00:02:0f,24.0625,57.1875,False,87.73529411764706,1701427.5
2026-05-29 23:18:12.742808,4f:bb:00:00:02:0f,23.9375,57.125,False,87.70588235294117,1702688.0
2026-05-29 23:39:12.829847,4f:bb:00:00:02:0f,23.875,57.0625,False,87.70588235294117,1703950.5
2026-05-30 00:00:12.849376,4f:bb:00:00:02:0f,23.75,56.9375,False,87.70588235294117,1705207.0
2026-05-30 00:21:12.962209,4f:bb:00:00:02:0f,23.625,56.875,False,87.70588235294117,1706468.0
2026-05-30 00:42:13.009886,4f:bb:00:00:02:0f,23.5,56.5625,False,87.70588235294117,1707731.0
2026-05-30 01:03:13.064758,4f:bb:00:00:02:0f,23.375,56.5,False,87.67647058823529,1708990.0
2026-05-30 01:24:13.122456,4f:bb:00:00:02:0f,23.1875,56.375,False,87.70588235294117,1710248.0
2026-05-30 01:45:13.193207,4f:bb:00:00:02:0f,23.0625,56.3125,False,87.67647058823529,1711509.0
2026-05-30 02:06:13.224268,4f:bb:00:00:02:0f,22.875,56.1875,False,87.6470588235294,1712770.5
2026-05-30 02:27:13.317486,4f:bb:00:00:02:0f,22.75,55.875,False,87.67647058823529,1714027.5
2026-05-30 02:48:13.362987,4f:bb:00:00:02:0f,22.625,55.875,False,87.6470588235294,1715290.0
2026-05-30 03:09:13.424760,4f:bb:00:00:02:0f,22.5,55.875,False,87.63235294117646,1716549.0
2026-05-30 03:30:13.498588,4f:bb:00:00:02:0f,22.375,55.875,False,87.6470588235294,1717811.0
2026-05-30 03:51:13.517279,4f:bb:00:00:02:0f,22.25,55.8125,False,87.58823529411765,1719067.0
2026-05-30 04:12:13.603284,4f:bb:00:00:02:0f,22.1875,55.75,False,87.61764705882354,1720329.0
2026-05-30 04:33:13.672008,4f:bb:00:00:02:0f,22.0625,55.75,False,87.61764705882354,1721590.0
2026-05-30 04:54:13.792913,4f:bb:00:00:02:0f,22.0,55.75,False,87.58823529411765,1722850.0
2026-05-30 05:15:13.890267,4f:bb:00:00:02:0f,21.875,55.5625,False,87.55882352941177,1724109.0
2026-05-30 05:36:13.939343,4f:bb:00:00:02:0f,21.8125,55.625,False,87.55882352941177,1725373.0
2026-05-30 05:57:14.056322,4f:bb:00:00:02:0f,21.8125,55.6875,False,87.52941176470588,1726632.0
2026-05-30 06:18:14.137422,4f:bb:00:00:02:0f,21.75,55.6875,False,87.5,1727890.0
2026-05-30 06:39:14.165265,4f:bb:00:00:02:0f,21.75,55.75,False,87.52941176470588,1729153.5
2026-05-30 07:00:14.227745,4f:bb:00:00:02:0f,21.75,55.75,False,87.52941176470588,1730411.0
2026-05-30 07:21:14.316543,4f:bb:00:00:02:0f,21.75,55.75,False,87.47058823529412,1731670.5
2026-05-30 07:42:14.423559,4f:bb:00:00:02:0f,21.75,55.75,False,87.5,1732931.0
2026-05-30 08:03:14.553203,4f:bb:00:00:02:0f,21.75,55.8125,False,87.5,1734193.0
2026-05-30 08:24:14.645064,4f:bb:00:00:02:0f,21.75,55.8125,False,87.5,1735453.0
2026-05-30 08:45:14.741176,4f:bb:00:00:02:0f,21.8125,55.9375,False,87.5,1736712.0
2026-05-30 09:06:14.815304,4f:bb:00:00:02:0f,22.0,56.3125,False,87.5,1737971.0
2026-05-30 09:27:14.917560,4f:bb:00:00:02:0f,22.125,56.375,False,87.47058823529412,1739230.5
2026-05-30 09:48:14.930289,4f:bb:00:00:02:0f,22.3125,56.4375,False,87.5,1740490.0
2026-05-30 10:09:14.985055,4f:bb:00:00:02:0f,22.5,56.5,False,87.5,1741753.0
2026-05-30 10:30:15.088592,4f:bb:00:00:02:0f,22.75,56.5,False,87.5,1743014.0
2026-05-30 10:51:15.160302,4f:bb:00:00:02:0f,22.9375,56.8125,False,87.52941176470588,1744270.5
2026-05-30 11:12:15.249866,4f:bb:00:00:02:0f,23.125,56.8125,False,87.52941176470588,1745533.0
2026-05-30 11:33:15.353026,4f:bb:00:00:02:0f,23.375,56.875,False,87.5,1746793.5
2026-05-30 11:54:15.432398,4f:bb:00:00:02:0f,23.5625,56.9375,False,87.55882352941177,1748052.0
2026-05-30 12:15:15.514027,4f:bb:00:00:02:0f,23.75,57.1875,False,87.55882352941177,1749313.5
2026-05-30 12:36:15.528741,4f:bb:00:00:02:0f,23.9375,57.1875,False,87.52941176470588,1750573.0
2026-05-30 12:57:15.588671,4f:bb:00:00:02:0f,24.0625,57.25,False,87.52941176470588,1751839.0
2026-05-30 13:18:15.683031,4f:bb:00:00:02:0f,24.25,57.3125,False,87.55882352941177,1753095.0
2026-05-30 13:39:15.733592,4f:bb:00:00:02:0f,24.375,57.375,False,87.55882352941177,1754354.0
2026-05-30 14:00:15.845985,4f:bb:00:00:02:0f,24.5625,57.625,False,87.58823529411765,1755613.0
2026-05-30 14:21:15.929807,4f:bb:00:00:02:0f,24.6875,57.6875,False,87.6470588235294,1756873.0
2026-05-30 14:42:16.009828,4f:bb:00:00:02:0f,24.8125,57.75,False,87.61764705882354,1758137.0
2026-05-30 15:03:16.113858,4f:bb:00:00:02:0f,24.9375,57.75,False,87.6470588235294,1759394.0
2026-05-30 15:24:16.193305,4f:bb:00:00:02:0f,25.0625,57.8125,False,87.67647058823529,1760653.0
2026-05-30 15:45:16.244190,4f:bb:00:00:02:0f,25.1875,57.8125,False,87.70588235294117,1761915.0
2026-05-30 16:06:16.257634,4f:bb:00:00:02:0f,25.3125,58.125,False,87.76470588235294,1763175.0
2026-05-30 16:27:16.353225,4f:bb:00:00:02:0f,25.4375,58.125,False,87.76470588235294,1764433.0
2026-05-30 16:48:16.438961,4f:bb:00:00:02:0f,25.5,58.125,False,87.82352941176471,1765696.0
2026-05-30 17:09:16.531240,4f:bb:00:00:02:0f,25.5625,58.0625,False,87.82352941176471,1766954.0
2026-05-30 17:30:16.653492,4f:bb:00:00:02:0f,25.5625,58.0625,False,87.8529411764706,1768214.0
2026-05-30 17:51:16.719330,4f:bb:00:00:02:0f,25.625,58.125,False,87.88235294117646,1769469.0
2026-05-30 18:12:16.743701,4f:bb:00:00:02:0f,25.625,58.125,False,87.91176470588235,1770736.0
2026-05-30 18:33:16.830273,4f:bb:00:00:02:0f,25.6875,58.125,False,87.88235294117646,1771995.0
2026-05-30 18:54:16.914872,4f:bb:00:00:02:0f,25.6875,58.125,False,87.91176470588235,1773253.5
2026-05-30 19:15:16.954932,4f:bb:00:00:02:0f,25.6875,58.0625,False,87.88235294117646,1774516.5
2026-05-30 19:36:17.029300,4f:bb:00:00:02:0f,25.6875,58.0625,False,87.91176470588235,1775778.0
2026-05-30 19:57:17.141199,4f:bb:00:00:02:0f,25.6875,58.0625,False,87.91176470588235,1777038.0
2026-05-30 20:18:17.170481,4f:bb:00:00:02:0f,25.6875,58.0625,False,87.91176470588235,1778296.5
2026-05-30 20:39:17.290673,4f:bb:00:00:02:0f,25.625,58.0,False,87.91176470588235,1779557.0
2026-05-30 21:00:17.413613,4f:bb:00:00:02:0f,25.625,57.9375,False,87.94117647058823,1780813.5
2026-05-30 21:21:17.424322,4f:bb:00:00:02:0f,25.5625,57.875,False,87.94117647058823,1782077.0
2026-05-30 21:42:17.475004,4f:bb:00:00:02:0f,25.5,57.875,False,87.91176470588235,1783338.0
2026-05-30 22:03:17.542936,4f:bb:00:00:02:0f,25.4375,57.8125,False,87.94117647058823,1784599.0
2026-05-30 22:24:17.666857,4f:bb:00:00:02:0f,25.375,57.75,False,87.94117647058823,1785856.0
2026-05-30 22:45:17.714526,4f:bb:00:00:02:0f,25.3125,57.5,False,87.97058823529412,1787119.0
2026-05-30 23:06:17.816202,4f:bb:00:00:02:0f,25.1875,57.4375,False,87.94117647058823,1788380.0
2026-05-30 23:27:17.802808,4f:bb:00:00:02:0f,25.125,57.375,False,87.94117647058823,1789637.5
2026-05-30 23:48:17.939855,4f:bb:00:00:02:0f,25.0625,57.3125,False,87.94117647058823,1790897.0
2026-05-31 00:09:18.026975,4f:bb:00:00:02:0f,25.0,57.25,False,87.94117647058823,1792160.0
2026-05-31 00:30:18.105207,4f:bb:00:00:02:0f,24.9375,57.1875,False,87.94117647058823,1793417.0
2026-05-31 00:51:18.118422,4f:bb:00:00:02:0f,24.8125,57.125,False,87.92647058823529,1794678.0
2026-05-31 01:12:18.234161,4f:bb:00:00:02:0f,24.75,57.0625,False,87.94117647058823,1795938.0
2026-05-31 01:33:18.324073,4f:bb:00:00:02:0f,24.625,57.0,False,87.94117647058823,1797199.5
2026-05-31 01:54:18.425493,4f:bb:00:00:02:0f,24.5625,56.9375,False,87.94117647058823,1798454.0
2026-05-31 02:15:18.457405,4f:bb:00:00:02:0f,24.5,56.875,False,87.91176470588235,1799716.5
2026-05-31 02:36:18.541638,4f:bb:00:00:02:0f,24.375,56.625,False,87.91176470588235,1800979.0
2026-05-31 02:57:18.596388,4f:bb:00:00:02:0f,24.3125,56.5,False,87.94117647058823,1802240.5
2026-05-31 03:18:18.702869,4f:bb:00:00:02:0f,24.1875,56.4375,False,87.91176470588235,1803499.0
2026-05-31 03:39:18.794996,4f:bb:00:00:02:0f,24.0625,56.375,False,87.91176470588235,1804757.0
2026-05-31 04:00:18.904169,4f:bb:00:00:02:0f,23.9375,56.25,False,87.91176470588235,1806020.0
2026-05-31 04:21:18.952549,4f:bb:00:00:02:0f,23.8125,56.1875,False,87.8529411764706,1807280.5
2026-05-31 04:42:19.047060,4f:bb:00:00:02:0f,23.6875,56.125,False,87.88235294117646,1808539.0
2026-05-31 05:03:19.082719,4f:bb:00:00:02:0f,23.5625,55.8125,False,87.88235294117646,1809801.0
2026-05-31 05:24:19.156677,4f:bb:00:00:02:0f,23.4375,55.75,False,87.86764705882354,1811058.5
2026-05-31 05:45:19.261499,4f:bb:00:00:02:0f,23.3125,55.6875,False,87.8529411764706,1812320.0
2026-05-31 06:06:19.324230,4f:bb:00:00:02:0f,23.1875,55.6875,False,87.8529411764706,1813579.5
2026-05-31 06:27:19.401403,4f:bb:00:00:02:0f,23.0625,55.6875,False,87.82352941176471,1814840.0
2026-05-31 06:48:19.486175,4f:bb:00:00:02:0f,22.9375,55.6875,False,87.82352941176471,1816099.5
2026-05-31 07:09:19.482843,4f:bb:00:00:02:0f,22.875,55.625,False,87.83823529411765,1817361.0
2026-05-31 07:30:19.528866,4f:bb:00:00:02:0f,22.8125,55.625,False,87.82352941176471,1818620.5
2026-05-31 07:51:19.618093,4f:bb:00:00:02:0f,22.6875,55.4375,False,87.79411764705883,1819880.0
2026-05-31 08:12:19.713861,4f:bb:00:00:02:0f,22.625,55.4375,False,87.80882352941177,1821141.0
2026-05-31 08:33:19.732727,4f:bb:00:00:02:0f,22.5625,55.4375,False,87.79411764705883,1822400.0
2026-05-31 08:54:19.828690,4f:bb:00:00:02:0f,22.5625,55.5,False,87.79411764705883,1823660.0
2026-05-31 09:15:19.936555,4f:bb:00:00:02:0f,22.5625,55.625,False,87.79411764705883,1824922.0
2026-05-31 09:36:19.966026,4f:bb:00:00:02:0f,22.5625,55.6875,False,87.79411764705883,1826179.0
2026-05-31 09:57:20.046282,4f:bb:00:00:02:0f,22.5625,55.6875,False,87.79411764705883,1827439.5
2026-05-31 10:18:20.049450,4f:bb:00:00:02:0f,22.5625,55.75,False,87.76470588235294,1828702.5
2026-05-31 10:39:20.125755,4f:bb:00:00:02:0f,22.5625,55.75,False,87.76470588235294,1829962.5
2026-05-31 11:00:20.232245,4f:bb:00:00:02:0f,22.625,55.8125,False,87.76470588235294,1831222.0
2026-05-31 11:21:20.274117,4f:bb:00:00:02:0f,22.625,55.8125,False,87.76470588235294,1832483.0
2026-05-31 11:42:20.307486,4f:bb:00:00:02:0f,22.625,55.8125,False,87.79411764705883,1833743.0
2026-05-31 12:03:20.353891,4f:bb:00:00:02:0f,22.625,55.8125,False,87.76470588235294,1835002.0
2026-05-31 12:24:20.451238,4f:bb:00:00:02:0f,22.625,55.875,False,87.77941176470588,1836262.0
2026-05-31 12:45:20.555858,4f:bb:00:00:02:0f,22.6875,55.8125,False,87.76470588235294,1837522.0
2026-05-31 13:06:20.645821,4f:bb:00:00:02:0f,22.65625,55.875,False,87.76470588235294,1838781.0
2026-05-31 13:27:20.651699,4f:bb:00:00:02:0f,22.6875,55.875,False,87.76470588235294,1840042.5
2026-05-31 13:48:20.744673,4f:bb:00:00:02:0f,22.6875,55.875,False,87.76470588235294,1841305.5
2026-05-31 14:09:20.766856,4f:bb:00:00:02:0f,22.75,55.875,False,87.73529411764706,1842562.0
2026-05-31 14:30:20.878503,4f:bb:00:00:02:0f,22.75,55.9375,False,87.73529411764706,1843825.0
2026-05-31 14:51:20.945870,4f:bb:00:00:02:0f,22.75,56.1875,False,87.76470588235294,1845082.0
2026-05-31 15:12:21.037139,4f:bb:00:00:02:0f,22.8125,56.1875,False,87.73529411764706,1846345.0
2026-05-31 15:33:21.161529,4f:bb:00:00:02:0f,22.8125,56.1875,False,87.73529411764706,1847605.0
2026-05-31 15:54:21.236091,4f:bb:00:00:02:0f,22.875,56.1875,False,87.73529411764706,1848865.5
2026-05-31 16:15:21.359901,4f:bb:00:00:02:0f,22.9375,56.1875,False,87.73529411764706,1850123.0
2026-05-31 16:36:21.454820,4f:bb:00:00:02:0f,22.9375,56.25,False,87.73529411764706,1851385.0
2026-05-31 16:57:21.542625,4f:bb:00:00:02:0f,23.0,56.25,False,87.73529411764706,1852643.0
2026-05-31 17:18:21.627477,4f:bb:00:00:02:0f,23.0,56.25,False,87.73529411764706,1853903.0
2026-05-31 17:39:21.713446,4f:bb:00:00:02:0f,23.0625,56.25,False,87.73529411764706,1855165.0
2026-05-31 18:00:21.814134,4f:bb:00:00:02:0f,23.0625,56.25,False,87.73529411764706,1856424.5
2026-05-31 18:21:21.903030,4f:bb:00:00:02:0f,23.0625,56.1875,False,87.73529411764706,1857685.0
2026-05-31 18:42:21.990109,4f:bb:00:00:02:0f,23.0,56.1875,False,87.76470588235294,1858945.5
2026-05-31 19:03:22.103078,4f:bb:00:00:02:0f,23.0,56.1875,False,87.73529411764706,1860204.0
2026-05-31 19:24:22.142017,4f:bb:00:00:02:0f,23.0,56.1875,False,87.73529411764706,1861465.0
2026-05-31 19:45:22.237576,4f:bb:00:00:02:0f,23.0,56.1875,False,87.70588235294117,1862726.0
2026-05-31 20:06:22.268266,4f:bb:00:00:02:0f,22.9375,56.1875,False,87.75,1863985.5
2026-05-31 20:27:22.380431,4f:bb:00:00:02:0f,22.9375,56.125,False,87.70588235294117,1865245.0
2026-05-31 20:48:22.466843,4f:bb:00:00:02:0f,22.875,56.0625,False,87.70588235294117,1866505.0
2026-05-31 21:09:22.561482,4f:bb:00:00:02:0f,22.8125,56.0625,False,87.70588235294117,1867768.5
2026-05-31 21:30:22.671446,4f:bb:00:00:02:0f,22.75,56.0625,False,87.70588235294117,1869031.0
2026-05-31 21:51:22.772101,4f:bb:00:00:02:0f,22.75,55.8125,False,87.70588235294117,1870284.0
2026-05-31 22:12:22.858618,4f:bb:00:00:02:0f,22.6875,55.8125,False,87.70588235294117,1871545.5
2026-05-31 22:33:22.937574,4f:bb:00:00:02:0f,22.625,55.75,False,87.70588235294117,1872806.0
2026-05-31 22:54:23.056798,4f:bb:00:00:02:0f,22.5625,55.75,False,87.70588235294117,1874062.5
2026-05-31 23:15:23.057030,4f:bb:00:00:02:0f,22.5,55.6875,False,87.70588235294117,1875326.0
2026-05-31 23:36:23.163158,4f:bb:00:00:02:0f,22.4375,55.6875,False,87.70588235294117,1876588.0
2026-05-31 23:57:23.177969,4f:bb:00:00:02:0f,22.375,55.625,False,87.67647058823529,1877847.0
2026-06-01 00:18:23.252130,4f:bb:00:00:02:0f,22.3125,55.5625,False,87.67647058823529,1879108.0
2026-06-01 00:39:23.394690,4f:bb:00:00:02:0f,22.1875,55.5,False,87.6470588235294,1880366.0
2026-06-01 01:00:23.397791,4f:bb:00:00:02:0f,22.125,55.4375,False,87.67647058823529,1881627.0
2026-06-01 01:21:23.492055,4f:bb:00:00:02:0f,22.0625,55.375,False,87.67647058823529,1882885.5
2026-06-01 01:42:23.568577,4f:bb:00:00:02:0f,21.9375,55.3125,False,87.6470588235294,1884147.0
2026-06-01 02:03:23.673459,4f:bb:00:00:02:0f,21.875,55.0625,False,87.6470588235294,1885411.0
2026-06-01 02:24:23.720636,4f:bb:00:00:02:0f,21.75,55.0,False,87.61764705882354,1886666.5
2026-06-01 02:45:23.751216,4f:bb:00:00:02:0f,21.625,54.9375,False,87.61764705882354,1887927.0
2026-06-01 03:06:23.835813,4f:bb:00:00:02:0f,21.5625,54.875,False,87.61764705882354,1889189.0
2026-06-01 03:27:23.900613,4f:bb:00:00:02:0f,21.4375,54.8125,False,87.61764705882354,1890445.0
2026-06-01 03:48:23.996303,4f:bb:00:00:02:0f,21.3125,54.75,False,87.55882352941177,1891708.0
2026-06-01 04:09:24.081379,4f:bb:00:00:02:0f,21.1875,54.6875,False,87.58823529411765,1892969.0
2026-06-01 04:30:24.185058,4f:bb:00:00:02:0f,21.0625,54.625,False,87.55882352941177,1894228.0
2026-06-01 04:51:24.312813,4f:bb:00:00:02:0f,21.0,54.375,False,87.52941176470588,1895488.0
2026-06-01 05:12:24.399444,4f:bb:00:00:02:0f,20.875,54.375,False,87.5,1896751.5
2026-06-01 05:33:24.480471,4f:bb:00:00:02:0f,20.75,54.3125,False,87.52941176470588,1898011.0
2026-06-01 05:54:24.474290,4f:bb:00:00:02:0f,20.6875,54.25,False,87.52941176470588,1899271.5
2026-06-01 06:15:24.485640,4f:bb:00:00:02:0f,20.5625,54.25,False,87.5,1900531.5
2026-06-01 06:36:24.603096,4f:bb:00:00:02:0f,20.5,54.25,False,87.5,1901790.0
2026-06-01 06:57:24.655186,4f:bb:00:00:02:0f,20.4375,54.25,False,87.5,1903050.0
2026-06-01 07:18:24.673999,4f:bb:00:00:02:0f,20.375,54.25,False,87.47058823529412,1904311.0
2026-06-01 07:39:24.753311,4f:bb:00:00:02:0f,20.3125,54.3125,False,87.48529411764706,1905570.0
2026-06-01 08:00:24.789351,4f:bb:00:00:02:0f,20.3125,54.3125,False,87.47058823529412,1906830.0
2026-06-01 08:21:24.831666,4f:bb:00:00:02:0f,20.3125,54.375,False,87.44117647058823,1908091.0
2026-06-01 08:42:24.914107,4f:bb:00:00:02:0f,20.3125,54.5,False,87.44117647058823,1909348.5
2026-06-01 09:03:25.036905,4f:bb:00:00:02:0f,20.4375,54.625,False,87.44117647058823,1910608.0
2026-06-01 09:24:25.127382,4f:bb:00:00:02:0f,20.5,54.6875,False,87.44117647058823,1911871.5
2026-06-01 09:45:25.215265,4f:bb:00:00:02:0f,20.5625,54.6875,False,87.47058823529412,1913130.0
2026-06-01 10:06:25.292414,4f:bb:00:00:02:0f,20.6875,54.6875,False,87.42647058823529,1914390.0
2026-06-01 10:27:25.337206,4f:bb:00:00:02:0f,20.6875,54.6875,False,87.44117647058823,1915652.0
2026-06-01 10:48:25.498467,4f:bb:00:00:02:0f,20.75,54.6875,False,87.44117647058823,1916910.0
2026-06-01 11:09:25.517449,4f:bb:00:00:02:0f,20.8125,54.75,False,87.44117647058823,1918172.0
2026-06-01 11:30:25.586111,4f:bb:00:00:02:0f,20.875,54.75,False,87.44117647058823,1919431.0
2026-06-01 11:51:25.673464,4f:bb:00:00:02:0f,20.9375,54.8125,False,87.41176470588235,1920692.0
2026-06-01 12:12:25.766276,4f:bb:00:00:02:0f,21.0625,55.0625,False,87.38235294117646,1921952.0
2026-06-01 12:33:25.883207,4f:bb:00:00:02:0f,21.125,55.125,False,87.44117647058823,1923215.0
2026-06-01 12:54:25.994169,4f:bb:00:00:02:0f,21.25,55.125,False,87.41176470588235,1924474.0
2026-06-01 13:15:26.071097,4f:bb:00:00:02:0f,21.3125,55.1875,False,87.44117647058823,1925733.0
2026-06-01 13:36:26.119397,4f:bb:00:00:02:0f,21.4375,55.1875,False,87.41176470588235,1926992.0
2026-06-01 13:57:26.248726,4f:bb:00:00:02:0f,21.5,55.1875,False,87.44117647058823,1928255.0
2026-06-01 14:18:26.293972,4f:bb:00:00:02:0f,21.625,55.25,False,87.44117647058823,1929513.0
2026-06-01 14:39:26.354173,4f:bb:00:00:02:0f,21.6875,55.25,False,87.45588235294117,1930773.0
2026-06-01 15:00:26.443807,4f:bb:00:00:02:0f,21.75,55.25,False,87.44117647058823,1932034.5
2026-06-01 15:21:26.513504,4f:bb:00:00:02:0f,21.8125,55.3125,False,87.44117647058823,1933292.0
2026-06-01 15:42:26.612362,4f:bb:00:00:02:0f,21.9375,55.5625,False,87.47058823529412,1934552.0
2026-06-01 16:03:26.637274,4f:bb:00:00:02:0f,22.0,55.5625,False,87.44117647058823,1935814.0
2026-06-01 16:24:26.726132,4f:bb:00:00:02:0f,22.0625,55.625,False,87.47058823529412,1937074.5
2026-06-01 16:45:26.828237,4f:bb:00:00:02:0f,22.1875,55.625,False,87.44117647058823,1938333.0
2026-06-01 17:06:26.933668,4f:bb:00:00:02:0f,22.25,55.6875,False,87.47058823529412,1939594.0
2026-06-01 17:27:27.041061,4f:bb:00:00:02:0f,22.3125,55.6875,False,87.48529411764706,1940854.0
2026-06-01 17:48:27.035307,4f:bb:00:00:02:0f,22.375,55.6875,False,87.47058823529412,1942115.0
2026-06-01 18:09:27.148421,4f:bb:00:00:02:0f,22.4375,55.6875,False,87.5,1943375.5
2026-06-01 18:30:27.258094,4f:bb:00:00:02:0f,22.5,55.75,False,87.47058823529412,1944631.5
2026-06-01 18:51:27.246327,4f:bb:00:00:02:0f,22.53125,55.75,False,87.47058823529412,1945893.0
2026-06-01 19:12:27.335854,4f:bb:00:00:02:0f,22.5625,55.75,False,87.47058823529412,1947156.0
2026-06-01 19:33:27.403176,4f:bb:00:00:02:0f,22.5625,55.75,False,87.5,1948414.0
2026-06-01 19:54:27.441303,4f:bb:00:00:02:0f,22.625,55.75,False,87.47058823529412,1949677.0
2026-06-01 20:15:27.526253,4f:bb:00:00:02:0f,22.625,55.75,False,87.5,1950935.0
2026-06-01 20:36:27.665653,4f:bb:00:00:02:0f,22.625,55.75,False,87.5,1952196.0
2026-06-01 20:57:27.737260,4f:bb:00:00:02:0f,22.625,55.75,False,87.52941176470588,1953454.5
2026-06-01 21:18:27.808275,4f:bb:00:00:02:0f,22.625,55.75,False,87.52941176470588,1954717.0
2026-06-01 21:39:27.926009,4f:bb:00:00:02:0f,22.625,55.75,False,87.52941176470588,1955976.0
2026-06-01 22:00:28.000269,4f:bb:00:00:02:0f,22.625,55.75,False,87.52941176470588,1957234.5
2026-06-01 22:21:28.100774,4f:bb:00:00:02:0f,22.5625,55.75,False,87.55882352941177,1958496.0
2026-06-01 22:42:28.215671,4f:bb:00:00:02:0f,22.5625,55.75,False,87.52941176470588,1959757.0
2026-06-01 23:03:28.294303,4f:bb:00:00:02:0f,22.5625,55.75,False,87.52941176470588,1961015.0
2026-06-01 23:24:28.359042,4f:bb:00:00:02:0f,22.5,55.75,False,87.54411764705883,1962274.5
2026-06-01 23:45:28.452133,4f:bb:00:00:02:0f,22.5,55.75,False,87.55882352941177,1963538.0
2026-06-02 00:06:28.549214,4f:bb:00:00:02:0f,22.4375,55.75,False,87.55882352941177,1964795.0
2026-06-02 00:27:28.638896,4f:bb:00:00:02:0f,22.4375,55.6875,False,87.55882352941177,1966058.0
2026-06-02 00:48:28.760225,4f:bb:00:00:02:0f,22.375,55.6875,False,87.52941176470588,1967317.5
2026-06-02 01:09:28.825913,4f:bb:00:00:02:0f,22.375,55.625,False,87.52941176470588,1968577.5
2026-06-02 01:30:28.861326,4f:bb:00:00:02:0f,22.3125,55.625,False,87.52941176470588,1969838.0
2026-06-02 01:51:28.947171,4f:bb:00:00:02:0f,22.25,55.625,False,87.5,1971099.0
2026-06-02 02:12:28.945921,4f:bb:00:00:02:0f,22.25,55.5625,False,87.5,1972356.0
2026-06-02 02:33:29.063036,4f:bb:00:00:02:0f,22.1875,55.5625,False,87.52941176470588,1973618.0
2026-06-02 02:54:29.164907,4f:bb:00:00:02:0f,22.125,55.5,False,87.52941176470588,1974880.0
2026-06-02 03:15:29.163001,4f:bb:00:00:02:0f,22.125,55.5,False,87.5,1976137.0
2026-06-02 03:36:29.212152,4f:bb:00:00:02:0f,22.0625,55.4375,False,87.5,1977398.0
2026-06-02 03:57:29.326491,4f:bb:00:00:02:0f,22.0,55.4375,False,87.5,1978657.0
2026-06-02 04:18:29.437229,4f:bb:00:00:02:0f,21.9375,55.375,False,87.52941176470588,1979920.5
2026-06-02 04:39:29.456951,4f:bb:00:00:02:0f,21.875,55.1875,False,87.5,1981178.0
2026-06-02 05:00:29.576357,4f:bb:00:00:02:0f,21.875,55.125,False,87.5,1982439.0
2026-06-02 05:21:29.666400,4f:bb:00:00:02:0f,21.8125,55.125,False,87.5,1983699.0
2026-06-02 05:42:29.760409,4f:bb:00:00:02:0f,21.75,55.0625,False,87.5,1984959.0
2026-06-02 06:03:29.816672,4f:bb:00:00:02:0f,21.6875,55.0625,False,87.48529411764706,1986219.0
2026-06-02 06:24:29.838738,4f:bb:00:00:02:0f,21.625,55.0625,False,87.47058823529412,1987478.0
2026-06-02 06:45:29.930372,4f:bb:00:00:02:0f,21.5625,55.0,False,87.5,1988741.0
2026-06-02 07:06:30.025210,4f:bb:00:00:02:0f,21.5625,55.0,False,87.47058823529412,1989998.0
2026-06-02 07:27:30.132558,4f:bb:00:00:02:0f,21.5,55.0,False,87.48529411764706,1991260.5
2026-06-02 07:48:30.237262,4f:bb:00:00:02:0f,21.4375,55.0,False,87.44117647058823,1992520.0
2026-06-02 08:09:30.258119,4f:bb:00:00:02:0f,21.375,54.9375,False,87.47058823529412,1993780.5
2026-06-02 08:30:30.373604,4f:bb:00:00:02:0f,21.3125,54.9375,False,87.47058823529412,1995041.0
2026-06-02 08:51:30.382571,4f:bb:00:00:02:0f,21.3125,54.9375,False,87.44117647058823,1996300.0
2026-06-02 09:12:30.464491,4f:bb:00:00:02:0f,21.25,54.9375,False,87.47058823529412,1997561.0
2026-06-02 09:33:30.571074,4f:bb:00:00:02:0f,21.1875,54.9375,False,87.44117647058823,1998819.0
2026-06-02 09:54:30.671517,4f:bb:00:00:02:0f,21.1875,55.0,False,87.44117647058823,2000080.5
2026-06-02 10:15:30.763538,4f:bb:00:00:02:0f,21.1875,55.0,False,87.44117647058823,2001342.0
2026-06-02 10:36:30.862370,4f:bb:00:00:02:0f,21.1875,55.0,False,87.44117647058823,2002601.0
2026-06-02 10:57:30.921982,4f:bb:00:00:02:0f,21.125,55.0,False,87.47058823529412,2003862.5
2026-06-02 11:18:31.049580,4f:bb:00:00:02:0f,21.125,55.0,False,87.44117647058823,2005120.5
2026-06-02 11:39:31.047522,4f:bb:00:00:02:0f,21.0625,55.0,False,87.41176470588235,2006381.0
2026-06-02 12:00:31.170257,4f:bb:00:00:02:0f,21.0625,55.0625,False,87.41176470588235,2007643.5
2026-06-02 12:21:31.237382,4f:bb:00:00:02:0f,21.0625,55.0625,False,87.41176470588235,2008903.5
2026-06-02 12:42:31.267120,4f:bb:00:00:02:0f,21.0625,55.0625,False,87.41176470588235,2010163.0
2026-06-02 13:03:31.259874,4f:bb:00:00:02:0f,21.0625,55.125,False,87.38235294117646,2011420.0
2026-06-02 13:24:31.385424,4f:bb:00:00:02:0f,21.0625,55.125,False,87.41176470588235,2012682.0
2026-06-02 13:45:31.485237,4f:bb:00:00:02:0f,21.125,55.1875,False,87.41176470588235,2013943.0
2026-06-02 14:06:31.564063,4f:bb:00:00:02:0f,21.1875,55.1875,False,87.41176470588235,2015202.0
2026-06-02 14:27:31.670857,4f:bb:00:00:02:0f,21.25,55.25,False,87.41176470588235,2016461.0
2026-06-02 14:48:31.653010,4f:bb:00:00:02:0f,21.3125,55.25,False,87.38235294117646,2017725.0
2026-06-02 15:09:31.726316,4f:bb:00:00:02:0f,21.375,55.3125,False,87.41176470588235,2018981.0
2026-06-02 15:30:31.838173,4f:bb:00:00:02:0f,21.4375,55.375,False,87.41176470588235,2020243.0
2026-06-02 15:51:31.939060,4f:bb:00:00:02:0f,21.5,55.3125,False,87.38235294117646,2021505.0
2026-06-02 16:12:31.979609,4f:bb:00:00:02:0f,21.5625,55.3125,False,87.44117647058823,2022761.0
2026-06-02 16:33:32.074321,4f:bb:00:00:02:0f,21.5625,55.3125,False,87.41176470588235,2024023.0
2026-06-02 16:54:32.112804,4f:bb:00:00:02:0f,21.5625,55.3125,False,87.38235294117646,2025286.0
2026-06-02 17:15:32.161244,4f:bb:00:00:02:0f,21.5625,55.3125,False,87.38235294117646,2026543.5
2026-06-02 17:36:32.200639,4f:bb:00:00:02:0f,21.5,55.3125,False,87.41176470588235,2027803.0
2026-06-02 17:57:32.289347,4f:bb:00:00:02:0f,21.5,55.3125,False,87.41176470588235,2029067.0
2026-06-02 18:18:32.341615,4f:bb:00:00:02:0f,21.5,55.3125,False,87.41176470588235,2030324.0
2026-06-02 18:39:32.395183,4f:bb:00:00:02:0f,21.4375,55.375,False,87.38235294117646,2031583.5
2026-06-02 19:00:32.474159,4f:bb:00:00:02:0f,21.5,55.375,False,87.38235294117646,2032845.0
2026-06-02 19:21:32.578575,4f:bb:00:00:02:0f,21.4375,55.375,False,87.38235294117646,2034106.5
2026-06-02 19:42:32.677874,4f:bb:00:00:02:0f,21.5,55.375,False,87.42647058823529,2035363.5
2026-06-02 20:03:32.783408,4f:bb:00:00:02:0f,21.4375,55.375,False,87.3970588235294,2036624.5
2026-06-02 20:24:32.788926,4f:bb:00:00:02:0f,21.4375,55.375,False,87.38235294117646,2037884.0
2026-06-02 20:45:32.905787,4f:bb:00:00:02:0f,21.4375,55.3125,False,87.38235294117646,2039147.0
2026-06-02 21:06:32.968493,4f:bb:00:00:02:0f,21.375,55.3125,False,87.38235294117646,2040403.0
2026-06-02 21:27:33.080888,4f:bb:00:00:02:0f,21.3125,55.25,False,87.38235294117646,2041666.5
2026-06-02 21:48:33.174690,4f:bb:00:00:02:0f,21.25,55.1875,False,87.3529411764706,2042927.0
2026-06-02 22:09:33.282989,4f:bb:00:00:02:0f,21.1875,55.1875,False,87.38235294117646,2044183.5
2026-06-02 22:30:33.384330,4f:bb:00:00:02:0f,21.125,55.125,False,87.41176470588235,2045444.0
2026-06-02 22:51:33.494316,4f:bb:00:00:02:0f,21.0625,55.125,False,87.38235294117646,2046706.5
2026-06-02 23:12:33.583883,4f:bb:00:00:02:0f,21.0625,54.875,False,87.36764705882354,2047965.0
2026-06-02 23:33:33.690789,4f:bb:00:00:02:0f,20.9375,54.8125,False,87.3529411764706,2049226.0
2026-06-02 23:54:33.793831,4f:bb:00:00:02:0f,20.9375,54.8125,False,87.3529411764706,2050487.0
2026-06-03 00:15:33.882548,4f:bb:00:00:02:0f,20.8125,54.75,False,87.38235294117646,2051745.0
2026-06-03 00:36:33.975365,4f:bb:00:00:02:0f,20.75,54.6875,False,87.32352941176471,2053006.5
2026-06-03 00:57:34.013145,4f:bb:00:00:02:0f,20.6875,54.6875,False,87.32352941176471,2054265.0
2026-06-03 01:18:34.071826,4f:bb:00:00:02:0f,20.625,54.6875,False,87.3529411764706,2055529.5
2026-06-03 01:39:34.179914,4f:bb:00:00:02:0f,20.5625,54.625,False,87.3529411764706,2056787.5
2026-06-03 02:00:34.228701,4f:bb:00:00:02:0f,20.5,54.625,False,87.32352941176471,2058047.0
2026-06-03 02:21:34.223243,4f:bb:00:00:02:0f,20.375,54.5625,False,87.32352941176471,2059307.5
2026-06-03 02:42:34.333524,4f:bb:00:00:02:0f,20.3125,54.5625,False,87.32352941176471,2060567.5
2026-06-03 03:03:34.374049,4f:bb:00:00:02:0f,20.25,54.5625,False,87.29411764705883,2061827.0
2026-06-03 03:24:34.472053,4f:bb:00:00:02:0f,20.1875,54.3125,False,87.29411764705883,2063088.0
2026-06-03 03:45:34.527799,4f:bb:00:00:02:0f,20.0625,54.25,False,87.29411764705883,2064346.0
2026-06-03 04:06:34.619089,4f:bb:00:00:02:0f,20.0,54.25,False,87.27941176470588,2065609.5
2026-06-03 04:27:34.695904,4f:bb:00:00:02:0f,19.9375,54.1875,False,87.26470588235294,2066868.5
2026-06-03 04:48:34.742152,4f:bb:00:00:02:0f,19.875,54.1875,False,87.26470588235294,2068129.0
2026-06-03 05:09:34.771670,4f:bb:00:00:02:0f,19.75,54.1875,False,87.26470588235294,2069390.0
2026-06-03 05:30:34.854800,4f:bb:00:00:02:0f,19.6875,54.1875,False,87.26470588235294,2070646.0
2026-06-03 05:51:34.972425,4f:bb:00:00:02:0f,19.625,54.1875,False,87.26470588235294,2071906.5
2026-06-03 06:12:35.004727,4f:bb:00:00:02:0f,19.5625,54.1875,False,87.23529411764706,2073171.0
2026-06-03 06:33:35.087922,4f:bb:00:00:02:0f,19.5,54.1875,False,87.23529411764706,2074426.5
2026-06-03 06:54:35.187349,4f:bb:00:00:02:0f,19.4375,54.1875,False,87.20588235294117,2075689.5
2026-06-03 07:15:35.285065,4f:bb:00:00:02:0f,19.4375,54.1875,False,87.20588235294117,2076951.0
2026-06-03 07:36:35.318711,4f:bb:00:00:02:0f,19.375,54.1875,False,87.17647058823529,2078210.0
2026-06-03 07:57:35.310687,4f:bb:00:00:02:0f,19.375,54.25,False,87.20588235294117,2079469.0
2026-06-03 08:18:35.387516,4f:bb:00:00:02:0f,19.3125,54.0625,False,87.17647058823529,2080730.0
2026-06-03 08:39:35.414337,4f:bb:00:00:02:0f,19.3125,54.0625,False,87.17647058823529,2081989.5
2026-06-03 09:00:35.473109,4f:bb:00:00:02:0f,19.3125,54.125,False,87.17647058823529,2083250.0
2026-06-03 09:21:35.494526,4f:bb:00:00:02:0f,19.3125,54.125,False,87.17647058823529,2084509.5
2026-06-03 09:42:35.579363,4f:bb:00:00:02:0f,19.3125,54.125,False,87.20588235294117,2085767.0
2026-06-03 10:03:35.567613,4f:bb:00:00:02:0f,19.3125,54.125,False,87.17647058823529,2087030.0
2026-06-03 10:24:35.537325,4f:bb:00:00:02:0f,19.3125,54.1875,False,87.1470588235294,2088290.0
2026-06-03 10:45:35.568572,4f:bb:00:00:02:0f,19.3125,54.1875,False,87.17647058823529,2089549.5
2026-06-03 11:06:35.651169,4f:bb:00:00:02:0f,19.375,54.4375,False,87.17647058823529,2090810.0
2026-06-03 11:27:35.644759,4f:bb:00:00:02:0f,19.375,54.375,False,87.17647058823529,2092070.5
2026-06-03 11:48:35.739844,4f:bb:00:00:02:0f,19.375,54.375,False,87.17647058823529,2093331.0
2026-06-03 12:09:35.739360,4f:bb:00:00:02:0f,19.375,54.375,False,87.17647058823529,2094592.5
2026-06-03 12:30:35.765243,4f:bb:00:00:02:0f,19.3125,54.1875,False,87.1470588235294,2095849.5
2026-06-03 12:51:35.807005,4f:bb:00:00:02:0f,19.3125,54.1875,False,87.1470588235294,2097113.0
2026-06-03 13:12:35.898419,4f:bb:00:00:02:0f,19.3125,54.25,False,87.1470588235294,2098372.0
2026-06-03 13:33:35.922224,4f:bb:00:00:02:0f,19.3125,54.25,False,87.1470588235294,2099629.5
2026-06-03 13:54:36.003546,4f:bb:00:00:02:0f,19.3125,54.25,False,87.16176470588235,2100891.0
2026-06-03 14:15:36.119716,4f:bb:00:00:02:0f,19.3125,54.25,False,87.1470588235294,2102152.0
2026-06-03 14:36:36.133181,4f:bb:00:00:02:0f,19.3125,54.25,False,87.1470588235294,2103415.5
2026-06-03 14:57:36.235505,4f:bb:00:00:02:0f,19.3125,54.25,False,87.11764705882354,2104672.5
2026-06-03 15:18:36.273124,4f:bb:00:00:02:0f,19.3125,54.25,False,87.11764705882354,2105930.0
2026-06-03 15:39:36.350330,4f:bb:00:00:02:0f,19.3125,54.3125,False,87.11764705882354,2107192.0
2026-06-03 16:00:36.467186,4f:bb:00:00:02:0f,19.375,54.5625,False,87.1470588235294,2108453.5
2026-06-03 16:21:36.494173,4f:bb:00:00:02:0f,19.4375,54.625,False,87.11764705882354,2109716.0
2026-06-03 16:42:36.583990,4f:bb:00:00:02:0f,19.5,54.625,False,87.1470588235294,2110972.5
2026-06-03 17:03:36.692081,4f:bb:00:00:02:0f,19.5625,54.625,False,87.1470588235294,2112232.5
2026-06-03 17:24:36.756375,4f:bb:00:00:02:0f,19.625,54.625,False,87.11764705882354,2113492.0
2026-06-03 17:45:36.822233,4f:bb:00:00:02:0f,19.625,54.625,False,87.1470588235294,2114752.5
2026-06-03 18:06:36.893717,4f:bb:00:00:02:0f,19.6875,54.6875,False,87.1470588235294,2116014.0
2026-06-03 18:27:36.960067,4f:bb:00:00:02:0f,19.75,54.6875,False,87.11764705882354,2117273.0
2026-06-03 18:48:37.071377,4f:bb:00:00:02:0f,19.8125,54.6875,False,87.11764705882354,2118532.0
2026-06-03 19:09:37.137108,4f:bb:00:00:02:0f,19.8125,54.6875,False,87.1470588235294,2119795.0
2026-06-03 19:30:37.161677,4f:bb:00:00:02:0f,19.8125,54.6875,False,87.11764705882354,2121053.5
2026-06-03 19:51:37.170739,4f:bb:00:00:02:0f,19.8125,54.6875,False,87.11764705882354,2122313.0
2026-06-03 20:12:37.204548,4f:bb:00:00:02:0f,19.8125,54.6875,False,87.11764705882354,2123574.0
2026-06-03 20:33:37.235684,4f:bb:00:00:02:0f,19.8125,54.6875,False,87.1470588235294,2124833.0
2026-06-03 20:54:37.309999,4f:bb:00:00:02:0f,19.8125,54.6875,False,87.11764705882354,2126093.5
2026-06-03 21:15:37.401334,4f:bb:00:00:02:0f,19.75,54.6875,False,87.11764705882354,2127352.0
2026-06-03 21:36:37.505298,4f:bb:00:00:02:0f,19.75,54.6875,False,87.11764705882354,2128616.0
2026-06-03 21:57:37.577961,4f:bb:00:00:02:0f,19.75,54.6875,False,87.11764705882354,2129873.0
2026-06-03 22:18:37.665347,4f:bb:00:00:02:0f,19.6875,54.6875,False,87.11764705882354,2131132.0
2026-06-03 22:39:37.706522,4f:bb:00:00:02:0f,19.625,54.6875,False,87.11764705882354,2132393.5
2026-06-03 23:00:37.757307,4f:bb:00:00:02:0f,19.625,54.625,False,87.11764705882354,2133655.0
2026-06-03 23:21:37.860748,4f:bb:00:00:02:0f,19.5625,54.625,False,87.1470588235294,2134915.5
2026-06-03 23:42:37.967404,4f:bb:00:00:02:0f,19.5,54.625,False,87.11764705882354,2136173.0
2026-06-04 00:03:37.987384,4f:bb:00:00:02:0f,19.5,54.625,False,87.11764705882354,2137437.0
2026-06-04 00:24:38.020320,4f:bb:00:00:02:0f,19.4375,54.5625,False,87.11764705882354,2138696.0
2026-06-04 00:45:38.099118,4f:bb:00:00:02:0f,19.375,54.5625,False,87.1029411764706,2139954.0
2026-06-04 01:06:38.198761,4f:bb:00:00:02:0f,19.375,54.5625,False,87.08823529411765,2141217.0
2026-06-04 01:27:38.283318,4f:bb:00:00:02:0f,19.3125,54.3125,False,87.08823529411765,2142475.0
2026-06-04 01:48:38.329179,4f:bb:00:00:02:0f,19.25,54.3125,False,87.07352941176471,2143735.5
2026-06-04 02:09:38.380898,4f:bb:00:00:02:0f,19.1875,54.3125,False,87.08823529411765,2144997.0
2026-06-04 02:30:38.395017,4f:bb:00:00:02:0f,19.125,54.25,False,87.05882352941177,2146256.5
2026-06-04 02:51:38.488463,4f:bb:00:00:02:0f,19.125,54.25,False,87.05882352941177,2147517.0
2026-06-04 03:12:38.578039,4f:bb:00:00:02:0f,19.0625,54.25,False,87.05882352941177,2148775.5
2026-06-04 03:33:38.637181,4f:bb:00:00:02:0f,19.0,54.25,False,87.08823529411765,2150036.5
2026-06-04 03:54:38.726811,4f:bb:00:00:02:0f,19.0,54.25,False,87.05882352941177,2151298.5
2026-06-04 04:15:38.823703,4f:bb:00:00:02:0f,18.9375,54.25,False,87.05882352941177,2152556.0
2026-06-04 04:36:38.840386,4f:bb:00:00:02:0f,18.875,54.1875,False,87.05882352941177,2153817.0
2026-06-04 04:57:38.949342,4f:bb:00:00:02:0f,18.8125,54.1875,False,87.02941176470588,2155075.5
2026-06-04 05:18:38.992300,4f:bb:00:00:02:0f,18.75,54.1875,False,87.05882352941177,2156336.0
2026-06-04 05:39:39.064305,4f:bb:00:00:02:0f,18.75,54.1875,False,87.02941176470588,2157598.5
2026-06-04 06:00:39.162427,4f:bb:00:00:02:0f,18.6875,54.1875,False,87.02941176470588,2158856.0
2026-06-04 06:21:39.203073,4f:bb:00:00:02:0f,18.625,54.1875,False,87.02941176470588,2160116.0
2026-06-04 06:42:39.303340,4f:bb:00:00:02:0f,18.625,54.1875,False,87.02941176470588,2161379.0
2026-06-04 07:03:39.458866,4f:bb:00:00:02:0f,18.5625,54.1875,False,87.02941176470588,2162637.0
2026-06-04 07:24:39.506322,4f:bb:00:00:02:0f,18.5625,54.1875,False,87.02941176470588,2163896.0
2026-06-04 07:45:39.582624,4f:bb:00:00:02:0f,18.5,54.1875,False,87.02941176470588,2165156.0
2026-06-04 08:06:39.609094,4f:bb:00:00:02:0f,18.5,54.25,False,87.0,2166418.0
2026-06-04 08:27:39.615970,4f:bb:00:00:02:0f,18.5,54.3125,False,87.0,2167679.0
2026-06-04 08:48:39.723411,4f:bb:00:00:02:0f,18.5,54.3125,False,87.0,2168938.0
2026-06-04 09:09:39.823620,4f:bb:00:00:02:0f,18.5,54.3125,False,87.0,2170200.0
2026-06-04 09:30:39.923105,4f:bb:00:00:02:0f,18.5,54.3125,False,87.0,2171458.0
2026-06-04 09:51:40.029301,4f:bb:00:00:02:0f,18.5625,54.375,False,87.0,2172720.0
2026-06-04 10:12:40.111699,4f:bb:00:00:02:0f,18.625,54.4375,False,87.0,2173978.5
2026-06-04 10:33:40.164292,4f:bb:00:00:02:0f,18.6875,54.4375,False,87.0,2175239.0
2026-06-04 10:54:40.228558,4f:bb:00:00:02:0f,18.75,54.5,False,87.01470588235294,2176500.0
2026-06-04 11:15:40.287007,4f:bb:00:00:02:0f,18.875,54.5625,False,87.0,2177760.0
2026-06-04 11:36:40.436414,4f:bb:00:00:02:0f,19.0,54.5625,False,86.98529411764706,2179018.5
2026-06-04 11:57:40.523670,4f:bb:00:00:02:0f,19.0,54.5,False,87.0,2180281.5
2026-06-04 12:18:40.650091,4f:bb:00:00:02:0f,19.0625,54.5,False,87.0,2181541.0
2026-06-04 12:39:40.756354,4f:bb:00:00:02:0f,19.0625,54.5,False,87.0,2182798.0
2026-06-04 13:00:40.720984,4f:bb:00:00:02:0f,19.125,54.5,False,87.0,2184061.0
2026-06-04 13:21:40.815849,4f:bb:00:00:02:0f,19.125,54.5625,False,87.02941176470588,2185320.0
2026-06-04 13:42:40.911318,4f:bb:00:00:02:0f,19.1875,54.5625,False,87.02941176470588,2186581.0
2026-06-04 14:03:41.022447,4f:bb:00:00:02:0f,19.25,54.625,False,87.0,2187842.0
2026-06-04 14:24:41.117351,4f:bb:00:00:02:0f,19.375,54.875,False,87.0,2189098.5
2026-06-04 14:45:41.222197,4f:bb:00:00:02:0f,19.4375,54.875,False,87.02941176470588,2190359.0
2026-06-04 15:06:41.324092,4f:bb:00:00:02:0f,19.5,54.9375,False,87.02941176470588,2191622.0
2026-06-04 15:27:41.409524,4f:bb:00:00:02:0f,19.625,54.9375,False,87.02941176470588,2192880.0
2026-06-04 15:48:41.512748,4f:bb:00:00:02:0f,19.6875,54.9375,False,87.02941176470588,2194141.5
2026-06-04 16:09:41.556318,4f:bb:00:00:02:0f,19.75,55.0,False,87.02941176470588,2195401.5
2026-06-04 16:30:41.664985,4f:bb:00:00:02:0f,19.8125,55.0,False,87.02941176470588,2196661.5
2026-06-04 16:51:41.722228,4f:bb:00:00:02:0f,19.875,54.9375,False,87.05882352941177,2197924.0
2026-06-04 17:12:41.781823,4f:bb:00:00:02:0f,19.875,55.0,False,87.05882352941177,2199178.0
2026-06-04 17:33:41.867961,4f:bb:00:00:02:0f,19.9375,55.0625,False,87.05882352941177,2200441.0
2026-06-04 17:54:41.951490,4f:bb:00:00:02:0f,20.0,55.0625,False,87.05882352941177,2201703.0
2026-06-04 18:15:42.058461,4f:bb:00:00:02:0f,20.0625,55.0625,False,87.05882352941177,2202963.0
2026-06-04 18:36:42.155970,4f:bb:00:00:02:0f,20.0625,55.0625,False,87.05882352941177,2204222.0
2026-06-04 18:57:42.247494,4f:bb:00:00:02:0f,20.0625,55.0625,False,87.05882352941177,2205482.0
2026-06-04 19:18:42.326329,4f:bb:00:00:02:0f,20.125,55.125,False,87.08823529411765,2206743.0
2026-06-04 19:39:42.437516,4f:bb:00:00:02:0f,20.125,55.125,False,87.05882352941177,2208004.0
2026-06-04 20:00:42.536766,4f:bb:00:00:02:0f,20.125,55.125,False,87.08823529411765,2209261.0
2026-06-04 20:21:42.632155,4f:bb:00:00:02:0f,20.125,55.125,False,87.08823529411765,2210524.5
2026-06-04 20:42:42.644002,4f:bb:00:00:02:0f,20.125,55.125,False,87.08823529411765,2211781.0
2026-06-04 21:03:42.738500,4f:bb:00:00:02:0f,20.0625,55.125,False,87.08823529411765,2213044.5
2026-06-04 21:24:42.840176,4f:bb:00:00:02:0f,20.0625,55.125,False,87.07352941176471,2214306.0
2026-06-04 21:45:42.907423,4f:bb:00:00:02:0f,20.0,55.125,False,87.08823529411765,2215561.5
2026-06-04 22:06:43.015856,4f:bb:00:00:02:0f,19.9375,55.125,False,87.08823529411765,2216824.0
2026-06-04 22:27:43.130692,4f:bb:00:00:02:0f,19.9375,55.125,False,87.08823529411765,2218081.5
2026-06-04 22:48:43.134060,4f:bb:00:00:02:0f,19.875,55.0625,False,87.05882352941177,2219345.0
2026-06-04 23:09:43.127963,4f:bb:00:00:02:0f,19.8125,55.0625,False,87.08823529411765,2220603.0
2026-06-04 23:30:43.228688,4f:bb:00:00:02:0f,19.75,55.0,False,87.08823529411765,2221865.0
2026-06-04 23:51:43.340236,4f:bb:00:00:02:0f,19.6875,55.0,False,87.08823529411765,2223126.0
2026-06-05 00:12:43.392136,4f:bb:00:00:02:0f,19.625,54.9375,False,87.05882352941177,2224384.5
2026-06-05 00:33:43.465275,4f:bb:00:00:02:0f,19.5625,54.9375,False,87.07352941176471,2225646.0
2026-06-05 00:54:43.579408,4f:bb:00:00:02:0f,19.5,54.9375,False,87.05882352941177,2226902.0
2026-06-05 01:15:43.688678,4f:bb:00:00:02:0f,19.4375,54.875,False,87.05882352941177,2228167.0
2026-06-05 01:36:43.782173,4f:bb:00:00:02:0f,19.375,54.875,False,87.05882352941177,2229428.0
2026-06-05 01:57:43.778906,4f:bb:00:00:02:0f,19.3125,54.625,False,87.05882352941177,2230687.0
2026-06-05 02:18:43.891524,4f:bb:00:00:02:0f,19.25,54.5625,False,87.02941176470588,2231946.0
2026-06-05 02:39:43.989699,4f:bb:00:00:02:0f,19.125,54.5625,False,87.05882352941177,2233204.5
2026-06-05 03:00:44.101728,4f:bb:00:00:02:0f,19.0625,54.5,False,87.02941176470588,2234465.0
2026-06-05 03:21:44.205740,4f:bb:00:00:02:0f,19.0,54.5,False,87.04411764705883,2235723.0
2026-06-05 03:42:44.302019,4f:bb:00:00:02:0f,18.9375,54.5,False,87.02941176470588,2236984.5
2026-06-05 04:03:44.380414,4f:bb:00:00:02:0f,18.8125,54.4375,False,87.02941176470588,2238245.0
2026-06-05 04:24:44.448659,4f:bb:00:00:02:0f,18.75,54.4375,False,87.02941176470588,2239506.0
2026-06-05 04:45:44.557777,4f:bb:00:00:02:0f,18.6875,54.4375,False,87.0,2240766.0
2026-06-05 05:06:44.598231,4f:bb:00:00:02:0f,18.625,54.375,False,87.0,2242028.0
2026-06-05 05:27:44.687638,4f:bb:00:00:02:0f,18.5,54.375,False,87.0,2243287.5
2026-06-05 05:48:44.784574,4f:bb:00:00:02:0f,18.4375,54.125,False,86.98529411764706,2244546.0
2026-06-05 06:09:44.973827,4f:bb:00:00:02:0f,18.375,54.1875,False,87.0,2245805.0
2026-06-05 06:30:44.889429,4f:bb:00:00:02:0f,18.3125,54.1875,False,87.0,2247067.0
2026-06-05 06:51:44.999039,4f:bb:00:00:02:0f,18.25,54.1875,False,87.0,2248327.0
2026-06-05 07:12:45.043727,4f:bb:00:00:02:0f,18.25,54.25,False,86.94117647058823,2249587.5
2026-06-05 07:33:45.138899,4f:bb:00:00:02:0f,18.25,54.25,False,87.0,2250847.5
2026-06-05 07:54:45.254009,4f:bb:00:00:02:0f,18.25,54.3125,False,86.97058823529412,2252109.0
2026-06-05 08:15:45.344817,4f:bb:00:00:02:0f,18.25,54.3125,False,87.0,2253367.0
2026-06-05 08:36:45.449312,4f:bb:00:00:02:0f,18.25,54.375,False,86.97058823529412,2254627.0
2026-06-05 08:57:45.544124,4f:bb:00:00:02:0f,18.3125,54.375,False,86.97058823529412,2255891.0
2026-06-05 09:18:45.680187,4f:bb:00:00:02:0f,18.375,54.4375,False,86.97058823529412,2257148.0
2026-06-05 09:39:45.755948,4f:bb:00:00:02:0f,18.375,54.4375,False,86.97058823529412,2258407.0
2026-06-05 10:00:45.852230,4f:bb:00:00:02:0f,18.4375,54.4375,False,86.97058823529412,2259670.0
2026-06-05 10:21:45.952487,4f:bb:00:00:02:0f,18.4375,54.4375,False,86.97058823529412,2260929.0
2026-06-05 10:42:46.043650,4f:bb:00:00:02:0f,18.5625,54.75,False,86.97058823529412,2262187.0
2026-06-05 11:03:46.154434,4f:bb:00:00:02:0f,18.625,54.75,False,86.97058823529412,2263450.0
2026-06-05 11:24:46.216857,4f:bb:00:00:02:0f,18.625,54.75,False,86.97058823529412,2264708.0
2026-06-05 11:45:46.228574,4f:bb:00:00:02:0f,18.6875,54.75,False,86.97058823529412,2265973.0
2026-06-05 12:06:46.372584,4f:bb:00:00:02:0f,18.75,54.75,False,87.0,2267229.0
2026-06-05 12:27:46.415824,4f:bb:00:00:02:0f,18.875,54.8125,False,87.0,2268490.0
2026-06-05 12:48:46.542639,4f:bb:00:00:02:0f,18.9375,54.875,False,86.97058823529412,2269752.0
2026-06-05 13:09:46.626997,4f:bb:00:00:02:0f,19.0625,54.875,False,87.0,2271010.0
2026-06-05 13:30:46.658266,4f:bb:00:00:02:0f,19.1875,54.875,False,87.0,2272269.0
2026-06-05 13:51:46.735732,4f:bb:00:00:02:0f,19.25,54.9375,False,87.0,2273532.0
2026-06-05 14:12:46.843206,4f:bb:00:00:02:0f,19.375,55.125,False,87.0,2274791.0
2026-06-05 14:33:46.951803,4f:bb:00:00:02:0f,19.4375,55.125,False,86.98529411764706,2276050.5
2026-06-05 14:54:47.052692,4f:bb:00:00:02:0f,19.5,55.125,False,87.0,2277313.5
2026-06-05 15:15:47.077005,4f:bb:00:00:02:0f,19.5625,55.1875,False,87.0,2278570.0
2026-06-05 15:36:47.182197,4f:bb:00:00:02:0f,19.625,55.1875,False,87.0,2279830.5
2026-06-05 15:57:47.213224,4f:bb:00:00:02:0f,19.625,55.1875,False,87.0,2281093.0
2026-06-05 16:18:47.318240,4f:bb:00:00:02:0f,19.6875,55.25,False,87.02941176470588,2282352.0
2026-06-05 16:39:47.416897,4f:bb:00:00:02:0f,19.75,55.25,False,87.02941176470588,2283611.0
2026-06-05 17:00:47.499970,4f:bb:00:00:02:0f,19.8125,55.25,False,87.02941176470588,2284874.0
2026-06-05 17:21:47.555498,4f:bb:00:00:02:0f,19.875,55.3125,False,87.02941176470588,2286134.0
2026-06-05 17:42:47.651714,4f:bb:00:00:02:0f,19.9375,55.3125,False,87.02941176470588,2287391.0
2026-06-05 18:03:47.745500,4f:bb:00:00:02:0f,19.9375,55.3125,False,87.02941176470588,2288654.0
2026-06-05 18:24:47.753470,4f:bb:00:00:02:0f,19.9375,55.3125,False,87.05882352941177,2289913.5
2026-06-05 18:45:47.838565,4f:bb:00:00:02:0f,19.9375,55.3125,False,87.02941176470588,2291170.0
2026-06-05 19:06:47.890424,4f:bb:00:00:02:0f,20.0,55.375,False,87.05882352941177,2292432.0
2026-06-05 19:27:48.018142,4f:bb:00:00:02:0f,20.0,55.375,False,87.05882352941177,2293693.0
2026-06-05 19:48:48.101862,4f:bb:00:00:02:0f,20.0625,55.375,False,87.02941176470588,2294950.0
2026-06-05 20:09:48.192618,4f:bb:00:00:02:0f,20.0625,55.375,False,87.02941176470588,2296213.0
2026-06-05 20:30:48.285137,4f:bb:00:00:02:0f,20.0625,55.375,False,87.02941176470588,2297473.5
2026-06-05 20:51:48.317877,4f:bb:00:00:02:0f,20.0,55.375,False,87.02941176470588,2298733.5
2026-06-05 21:12:48.410687,4f:bb:00:00:02:0f,20.0,55.375,False,87.02941176470588,2299993.5
2026-06-05 21:33:48.526276,4f:bb:00:00:02:0f,19.9375,55.375,False,87.05882352941177,2301253.5
2026-06-05 21:54:48.565492,4f:bb:00:00:02:0f,19.9375,55.375,False,87.02941176470588,2302513.5
2026-06-05 22:15:48.680019,4f:bb:00:00:02:0f,19.875,55.375,False,87.02941176470588,2303772.0
2026-06-05 22:36:48.748476,4f:bb:00:00:02:0f,19.8125,55.375,False,87.02941176470588,2305033.0
2026-06-05 22:57:48.832135,4f:bb:00:00:02:0f,19.8125,55.3125,False,87.08823529411765,2306296.5
2026-06-05 23:18:48.932943,4f:bb:00:00:02:0f,19.75,55.3125,False,87.02941176470588,2307554.0
2026-06-05 23:39:48.952004,4f:bb:00:00:02:0f,19.6875,55.25,False,87.04411764705883,2308816.5
2026-06-06 00:00:49.095789,4f:bb:00:00:02:0f,19.625,55.25,False,87.02941176470588,2310075.0
2026-06-06 00:21:49.152553,4f:bb:00:00:02:0f,19.5625,55.1875,False,87.02941176470588,2311335.0
2026-06-06 00:42:49.253281,4f:bb:00:00:02:0f,19.5,55.1875,False,87.02941176470588,2312593.5
2026-06-06 01:03:49.346873,4f:bb:00:00:02:0f,19.4375,55.125,False,87.02941176470588,2313856.0
2026-06-06 01:24:49.470939,4f:bb:00:00:02:0f,19.375,55.125,False,87.02941176470588,2315118.0
2026-06-06 01:45:49.463075,4f:bb:00:00:02:0f,19.25,54.875,False,87.02941176470588,2316374.0
2026-06-06 02:06:49.505285,4f:bb:00:00:02:0f,19.1875,54.8125,False,87.02941176470588,2317635.0
2026-06-06 02:27:49.598749,4f:bb:00:00:02:0f,19.125,54.8125,False,87.02941176470588,2318897.0
2026-06-06 02:48:49.705789,4f:bb:00:00:02:0f,19.03125,54.75,False,87.05882352941177,2320164.0
2026-06-06 03:09:49.731395,4f:bb:00:00:02:0f,18.9375,54.75,False,87.0,2321417.0
2026-06-06 03:30:49.816318,4f:bb:00:00:02:0f,18.875,54.6875,False,87.0,2322678.0
2026-06-06 03:51:49.933124,4f:bb:00:00:02:0f,18.75,54.6875,False,87.0,2323934.0
2026-06-06 04:12:49.979242,4f:bb:00:00:02:0f,18.6875,54.625,False,87.0,2325199.0
2026-06-06 04:33:50.009730,4f:bb:00:00:02:0f,18.625,54.625,False,87.0,2326456.5
2026-06-06 04:54:50.102026,4f:bb:00:00:02:0f,18.5625,54.625,False,87.0,2327718.0
2026-06-06 05:15:50.258076,4f:bb:00:00:02:0f,18.5,54.375,False,87.0,2328978.0
2026-06-06 05:36:50.299386,4f:bb:00:00:02:0f,18.375,54.375,False,86.97058823529412,2330235.0
2026-06-06 05:57:50.312245,4f:bb:00:00:02:0f,18.3125,54.375,False,87.0,2331499.5
2026-06-06 06:18:50.320162,4f:bb:00:00:02:0f,18.25,54.375,False,86.97058823529412,2332757.0
2026-06-06 06:39:50.426397,4f:bb:00:00:02:0f,18.1875,54.375,False,86.94117647058823,2334019.0
2026-06-06 07:00:50.469857,4f:bb:00:00:02:0f,18.125,54.3125,False,86.94117647058823,2335280.0
2026-06-06 07:21:50.565470,4f:bb:00:00:02:0f,18.125,54.3125,False,86.94117647058823,2336538.0
2026-06-06 07:42:50.635043,4f:bb:00:00:02:0f,18.0625,54.3125,False,86.91176470588235,2337798.5
2026-06-06 08:03:50.734833,4f:bb:00:00:02:0f,18.0,54.3125,False,86.91176470588235,2339057.0
2026-06-06 08:24:50.840159,4f:bb:00:00:02:0f,17.9375,54.375,False,86.91176470588235,2340316.0
2026-06-06 08:45:50.926488,4f:bb:00:00:02:0f,17.9375,54.375,False,86.91176470588235,2341578.0
2026-06-06 09:06:51.024637,4f:bb:00:00:02:0f,17.875,54.375,False,86.91176470588235,2342840.0
2026-06-06 09:27:51.092559,4f:bb:00:00:02:0f,17.875,54.375,False,86.91176470588235,2344099.5
2026-06-06 09:48:51.192288,4f:bb:00:00:02:0f,17.875,54.375,False,86.91176470588235,2345359.0
2026-06-06 10:09:51.234394,4f:bb:00:00:02:0f,17.8125,54.375,False,86.91176470588235,2346617.0
2026-06-06 10:30:51.274129,4f:bb:00:00:02:0f,17.8125,54.4375,False,86.91176470588235,2347876.0
2026-06-06 10:51:51.401922,4f:bb:00:00:02:0f,17.8125,54.4375,False,86.8529411764706,2349139.0
2026-06-06 11:12:51.413724,4f:bb:00:00:02:0f,17.8125,54.4375,False,86.8529411764706,2350398.5
2026-06-06 11:33:51.514385,4f:bb:00:00:02:0f,17.8125,54.4375,False,86.8529411764706,2351659.0
2026-06-06 11:54:51.565657,4f:bb:00:00:02:0f,17.8125,54.4375,False,86.8529411764706,2352919.5
2026-06-06 12:15:51.675721,4f:bb:00:00:02:0f,17.8125,54.4375,False,86.91176470588235,2354179.0
2026-06-06 12:36:51.697235,4f:bb:00:00:02:0f,17.8125,54.5,False,86.88235294117646,2355439.0
2026-06-06 12:57:51.801188,4f:bb:00:00:02:0f,17.875,54.5625,False,86.8529411764706,2356703.0
2026-06-06 13:18:51.896220,4f:bb:00:00:02:0f,17.9375,54.5625,False,86.88235294117646,2357959.0
2026-06-06 13:39:51.956555,4f:bb:00:00:02:0f,18.0,54.5625,False,86.88235294117646,2359220.0
2026-06-06 14:00:51.954553,4f:bb:00:00:02:0f,18.0625,54.625,False,86.8529411764706,2360481.0
2026-06-06 14:21:51.993157,4f:bb:00:00:02:0f,18.125,54.625,False,86.88235294117646,2361740.0
2026-06-06 14:42:52.041977,4f:bb:00:00:02:0f,18.1875,54.625,False,86.88235294117646,2363002.0
2026-06-06 15:03:52.089827,4f:bb:00:00:02:0f,18.25,54.625,False,86.88235294117646,2364260.0
2026-06-06 15:24:52.177142,4f:bb:00:00:02:0f,18.3125,54.625,False,86.8529411764706,2365521.0
2026-06-06 15:45:52.287175,4f:bb:00:00:02:0f,18.375,54.625,False,86.88235294117646,2366780.0
2026-06-06 16:06:52.327134,4f:bb:00:00:02:0f,18.375,54.625,False,86.88235294117646,2368043.0
2026-06-06 16:27:52.443758,4f:bb:00:00:02:0f,18.4375,54.625,False,86.88235294117646,2369301.0
2026-06-06 16:48:52.518709,4f:bb:00:00:02:0f,18.4375,54.625,False,86.91176470588235,2370562.0
2026-06-06 17:09:52.626880,4f:bb:00:00:02:0f,18.5,54.6875,False,86.91176470588235,2371822.0
2026-06-06 17:30:52.707133,4f:bb:00:00:02:0f,18.5,54.6875,False,86.88235294117646,2373080.0
2026-06-06 17:51:52.784313,4f:bb:00:00:02:0f,18.5,54.9375,False,86.88235294117646,2374343.0
2026-06-06 18:12:52.869477,4f:bb:00:00:02:0f,18.5,54.9375,False,86.91176470588235,2375601.0
2026-06-06 18:33:52.894409,4f:bb:00:00:02:0f,18.5,54.9375,False,86.88235294117646,2376862.0
2026-06-06 18:54:53.011797,4f:bb:00:00:02:0f,18.5,54.9375,False,86.88235294117646,2378123.0
2026-06-06 19:15:53.099269,4f:bb:00:00:02:0f,18.5625,54.9375,False,86.91176470588235,2379382.0
2026-06-06 19:36:53.192477,4f:bb:00:00:02:0f,18.5,54.9375,False,86.88235294117646,2380640.0
2026-06-06 19:57:53.278905,4f:bb:00:00:02:0f,18.5,55.0,False,86.88235294117646,2381902.0
2026-06-06 20:18:53.293085,4f:bb:00:00:02:0f,18.5,55.0,False,86.88235294117646,2383162.0
2026-06-06 20:39:53.412560,4f:bb:00:00:02:0f,18.5,55.0,False,86.8970588235294,2384424.0
2026-06-06 21:00:53.457881,4f:bb:00:00:02:0f,18.5,54.8125,False,86.88235294117646,2385684.0
2026-06-06 21:21:53.554114,4f:bb:00:00:02:0f,18.5,54.8125,False,86.88235294117646,2386942.0
2026-06-06 21:42:53.661503,4f:bb:00:00:02:0f,18.4375,54.75,False,86.88235294117646,2388205.0
2026-06-06 22:03:53.772448,4f:bb:00:00:02:0f,18.4375,54.75,False,86.88235294117646,2389463.0
2026-06-06 22:24:53.795480,4f:bb:00:00:02:0f,18.4375,54.75,False,86.88235294117646,2390723.5
2026-06-06 22:45:53.900874,4f:bb:00:00:02:0f,18.375,54.75,False,86.88235294117646,2391985.0
2026-06-06 23:06:53.971917,4f:bb:00:00:02:0f,18.375,54.75,False,86.8529411764706,2393245.0
2026-06-06 23:27:53.983423,4f:bb:00:00:02:0f,18.3125,54.75,False,86.88235294117646,2394504.0
2026-06-06 23:48:54.087592,4f:bb:00:00:02:0f,18.3125,54.75,False,86.88235294117646,2395763.0
2026-06-07 00:09:54.123866,4f:bb:00:00:02:0f,18.25,54.75,False,86.88235294117646,2397023.0
2026-06-07 00:30:54.229484,4f:bb:00:00:02:0f,18.25,54.75,False,86.88235294117646,2398282.5
2026-06-07 00:51:54.259392,4f:bb:00:00:02:0f,18.1875,54.75,False,86.8529411764706,2399542.5
2026-06-07 01:12:54.358529,4f:bb:00:00:02:0f,18.1875,54.75,False,86.8529411764706,2400806.0
2026-06-07 01:33:54.356123,4f:bb:00:00:02:0f,18.125,54.75,False,86.88235294117646,2402063.0
2026-06-07 01:54:54.343211,4f:bb:00:00:02:0f,18.0625,54.75,False,86.8529411764706,2403324.0
2026-06-07 02:15:54.398657,4f:bb:00:00:02:0f,18.0625,54.75,False,86.8529411764706,2404582.0
2026-06-07 02:36:54.503151,4f:bb:00:00:02:0f,18.0,54.75,False,86.8529411764706,2405847.0
2026-06-07 02:57:54.614454,4f:bb:00:00:02:0f,17.9375,54.6875,False,86.8529411764706,2407102.0
2026-06-07 03:18:54.691331,4f:bb:00:00:02:0f,17.9375,54.6875,False,86.82352941176471,2408365.0
2026-06-07 03:39:54.758754,4f:bb:00:00:02:0f,17.875,54.6875,False,86.8529411764706,2409625.5
2026-06-07 04:00:54.841493,4f:bb:00:00:02:0f,17.84375,54.6875,False,86.8529411764706,2410885.5
2026-06-07 04:21:54.907486,4f:bb:00:00:02:0f,17.8125,54.6875,False,86.8529411764706,2412146.0
2026-06-07 04:42:55.037843,4f:bb:00:00:02:0f,17.75,54.6875,False,86.82352941176471,2413406.0
2026-06-07 05:03:55.136889,4f:bb:00:00:02:0f,17.6875,54.6875,False,86.82352941176471,2414666.0
2026-06-07 05:24:55.212437,4f:bb:00:00:02:0f,17.6875,54.625,False,86.82352941176471,2415926.0
2026-06-07 05:45:55.275130,4f:bb:00:00:02:0f,17.625,54.4375,False,86.82352941176471,2417186.0
2026-06-07 06:06:55.382724,4f:bb:00:00:02:0f,17.5625,54.4375,False,86.82352941176471,2418446.0
2026-06-07 06:27:55.409501,4f:bb:00:00:02:0f,17.5625,54.4375,False,86.82352941176471,2419706.0
2026-06-07 06:48:55.488825,4f:bb:00:00:02:0f,17.5,54.4375,False,86.79411764705883,2420966.0
2026-06-07 07:09:55.559971,4f:bb:00:00:02:0f,17.5,54.4375,False,86.79411764705883,2422226.0
2026-06-07 07:30:55.559346,4f:bb:00:00:02:0f,17.5,54.5,False,86.82352941176471,2423488.0
2026-06-07 07:51:55.656277,4f:bb:00:00:02:0f,17.5,54.5,False,86.79411764705883,2424746.0
2026-06-07 08:12:55.757229,4f:bb:00:00:02:0f,17.5,54.5625,False,86.82352941176471,2426006.0
2026-06-07 08:33:55.830868,4f:bb:00:00:02:0f,17.5625,54.625,False,86.79411764705883,2427268.5
2026-06-07 08:54:55.918530,4f:bb:00:00:02:0f,17.6875,55.0,False,86.79411764705883,2428526.0
2026-06-07 09:15:56.026720,4f:bb:00:00:02:0f,17.875,55.0,False,86.79411764705883,2429787.0
2026-06-07 09:36:56.139023,4f:bb:00:00:02:0f,17.9375,55.0,False,86.79411764705883,2431045.0
2026-06-07 09:57:56.231964,4f:bb:00:00:02:0f,18.0,54.9375,False,86.82352941176471,2432308.5
2026-06-07 10:18:56.324018,4f:bb:00:00:02:0f,18.125,54.9375,False,86.82352941176471,2433570.0
2026-06-07 10:39:56.430598,4f:bb:00:00:02:0f,18.1875,55.0,False,86.82352941176471,2434825.5
2026-06-07 11:00:56.551101,4f:bb:00:00:02:0f,18.3125,55.0625,False,86.82352941176471,2436088.5
2026-06-07 11:21:56.568246,4f:bb:00:00:02:0f,18.4375,55.0625,False,86.82352941176471,2437348.0
2026-06-07 11:42:56.676360,4f:bb:00:00:02:0f,18.5625,55.3125,False,86.82352941176471,2438609.0
2026-06-07 12:03:56.770353,4f:bb:00:00:02:0f,18.625,55.3125,False,86.8529411764706,2439869.0
2026-06-07 12:24:56.845776,4f:bb:00:00:02:0f,18.6875,55.3125,False,86.8529411764706,2441128.0
2026-06-07 12:45:56.886188,4f:bb:00:00:02:0f,18.8125,55.375,False,86.8529411764706,2442390.5
2026-06-07 13:06:56.964080,4f:bb:00:00:02:0f,18.875,55.375,False,86.8529411764706,2443649.0
2026-06-07 13:27:57.053622,4f:bb:00:00:02:0f,19.0,55.4375,False,86.8529411764706,2444908.5
2026-06-07 13:48:57.153797,4f:bb:00:00:02:0f,19.125,55.4375,False,86.8529411764706,2446171.5
2026-06-07 14:09:57.161029,4f:bb:00:00:02:0f,19.1875,55.5,False,86.88235294117646,2447428.0
2026-06-07 14:30:57.202428,4f:bb:00:00:02:0f,19.3125,55.5,False,86.91176470588235,2448688.0
2026-06-07 14:51:57.221230,4f:bb:00:00:02:0f,19.4375,55.75,False,86.91176470588235,2449952.0
2026-06-07 15:12:57.223011,4f:bb:00:00:02:0f,19.5625,55.8125,False,86.91176470588235,2451209.0
2026-06-07 15:33:57.335232,4f:bb:00:00:02:0f,19.625,55.8125,False,86.91176470588235,2452470.0
2026-06-07 15:54:57.344447,4f:bb:00:00:02:0f,19.75,55.875,False,86.91176470588235,2453731.0
2026-06-07 16:15:57.450023,4f:bb:00:00:02:0f,19.875,55.875,False,86.91176470588235,2454989.0
2026-06-07 16:36:57.453305,4f:bb:00:00:02:0f,19.9375,55.9375,False,86.91176470588235,2456250.5
2026-06-07 16:57:57.472052,4f:bb:00:00:02:0f,20.0,55.9375,False,86.94117647058823,2457510.0
2026-06-07 17:18:57.582597,4f:bb:00:00:02:0f,20.0625,56.0,False,86.94117647058823,2458770.0
2026-06-07 17:39:57.586939,4f:bb:00:00:02:0f,20.1875,56.0,False,86.94117647058823,2460031.0
2026-06-07 18:00:57.704899,4f:bb:00:00:02:0f,20.25,56.25,False,86.97058823529412,2461290.0
2026-06-07 18:21:57.723415,4f:bb:00:00:02:0f,20.3125,56.25,False,86.94117647058823,2462552.0
2026-06-07 18:42:57.808297,4f:bb:00:00:02:0f,20.375,56.25,False,86.97058823529412,2463810.0
2026-06-07 19:03:57.902265,4f:bb:00:00:02:0f,20.375,56.3125,False,86.94117647058823,2465070.0
2026-06-07 19:24:58.015086,4f:bb:00:00:02:0f,20.4375,56.3125,False,86.97058823529412,2466332.0
2026-06-07 19:45:58.144679,4f:bb:00:00:02:0f,20.4375,56.3125,False,86.97058823529412,2467595.0
2026-06-07 20:06:58.236697,4f:bb:00:00:02:0f,20.4375,56.3125,False,86.97058823529412,2468851.5
2026-06-07 20:27:58.263456,4f:bb:00:00:02:0f,20.4375,56.3125,False,87.0,2470114.5
2026-06-07 20:48:58.328643,4f:bb:00:00:02:0f,20.4375,56.375,False,87.0,2471372.0
2026-06-07 21:09:58.358751,4f:bb:00:00:02:0f,20.4375,56.375,False,87.0,2472635.0
2026-06-07 21:30:58.426791,4f:bb:00:00:02:0f,20.4375,56.375,False,87.0,2473891.0
2026-06-07 21:51:58.508431,4f:bb:00:00:02:0f,20.375,56.375,False,87.0,2475152.0
2026-06-07 22:12:58.536952,4f:bb:00:00:02:0f,20.375,56.375,False,87.0,2476414.5
2026-06-07 22:33:58.657907,4f:bb:00:00:02:0f,20.3125,56.375,False,87.0,2477673.0
2026-06-07 22:54:58.743943,4f:bb:00:00:02:0f,20.3125,56.375,False,87.0,2478932.0
2026-06-07 23:15:58.776917,4f:bb:00:00:02:0f,20.25,56.375,False,87.0,2480192.0
2026-06-07 23:36:58.875391,4f:bb:00:00:02:0f,20.1875,56.375,False,87.0,2481454.0
2026-06-07 23:57:58.932708,4f:bb:00:00:02:0f,20.1875,56.125,False,87.0,2482714.5
2026-06-08 00:18:59.033098,4f:bb:00:00:02:0f,20.125,56.125,False,87.0,2483971.5
2026-06-08 00:39:59.137588,4f:bb:00:00:02:0f,20.0625,56.0625,False,87.0,2485232.0
2026-06-08 01:00:59.229662,4f:bb:00:00:02:0f,20.0625,56.0625,False,87.02941176470588,2486495.0
2026-06-08 01:21:59.299275,4f:bb:00:00:02:0f,20.0,56.0625,False,87.01470588235294,2487753.0
2026-06-08 01:42:59.412185,4f:bb:00:00:02:0f,19.9375,56.0625,False,86.97058823529412,2489013.0
2026-06-08 02:03:59.474054,4f:bb:00:00:02:0f,19.875,56.0,False,86.98529411764706,2490274.5
2026-06-08 02:24:59.563080,4f:bb:00:00:02:0f,19.8125,56.0,False,87.0,2491534.0
2026-06-08 02:45:59.673667,4f:bb:00:00:02:0f,19.75,56.0,False,87.0,2492796.0
2026-06-08 03:06:59.711436,4f:bb:00:00:02:0f,19.71875,55.9375,False,87.0,2494056.5
2026-06-08 03:27:59.751836,4f:bb:00:00:02:0f,19.6875,55.9375,False,87.0,2495313.0
2026-06-08 03:48:59.835478,4f:bb:00:00:02:0f,19.625,55.9375,False,87.0,2496574.5
2026-06-08 04:09:59.948032,4f:bb:00:00:02:0f,19.5625,55.875,False,87.0,2497835.0
2026-06-08 04:31:00.039519,4f:bb:00:00:02:0f,19.5,55.875,False,87.0,2499095.0
2026-06-08 04:52:00.133691,4f:bb:00:00:02:0f,19.4375,55.875,False,87.0,2500357.0
2026-06-08 05:13:00.223067,4f:bb:00:00:02:0f,19.375,55.875,False,86.97058823529412,2501615.0
2026-06-08 05:34:00.331921,4f:bb:00:00:02:0f,19.375,55.875,False,86.97058823529412,2502877.5
2026-06-08 05:55:00.420704,4f:bb:00:00:02:0f,19.3125,55.625,False,86.97058823529412,2504134.0
2026-06-08 06:16:00.509706,4f:bb:00:00:02:0f,19.25,55.625,False,87.0,2505395.0
2026-06-08 06:37:00.597644,4f:bb:00:00:02:0f,19.1875,55.625,False,86.97058823529412,2506654.5
2026-06-08 06:58:00.701886,4f:bb:00:00:02:0f,19.125,55.625,False,87.0,2507914.5
2026-06-08 07:19:00.692909,4f:bb:00:00:02:0f,19.125,55.625,False,87.0,2509175.0
2026-06-08 07:40:00.786989,4f:bb:00:00:02:0f,19.0625,55.625,False,86.97058823529412,2510434.0
2026-06-08 08:01:00.908602,4f:bb:00:00:02:0f,19.0625,55.6875,False,86.97058823529412,2511698.0
2026-06-08 08:22:01.019698,4f:bb:00:00:02:0f,19.0625,55.6875,False,86.97058823529412,2512955.0
2026-06-08 08:43:01.089881,4f:bb:00:00:02:0f,19.125,55.75,False,86.97058823529412,2514217.0
2026-06-08 09:04:01.188263,4f:bb:00:00:02:0f,19.125,55.75,False,86.97058823529412,2515478.0
2026-06-08 09:25:01.311470,4f:bb:00:00:02:0f,19.125,55.75,False,86.97058823529412,2516738.0
2026-06-08 09:46:01.307294,4f:bb:00:00:02:0f,19.125,55.75,False,86.97058823529412,2517997.0
2026-06-08 10:07:01.376892,4f:bb:00:00:02:0f,19.0625,55.75,False,86.97058823529412,2519257.0
2026-06-08 10:28:01.386385,4f:bb:00:00:02:0f,19.0625,55.75,False,86.97058823529412,2520518.0
2026-06-08 10:49:01.499988,4f:bb:00:00:02:0f,19.0625,55.75,False,86.94117647058823,2521771.5
2026-06-08 11:10:01.565134,4f:bb:00:00:02:0f,19.0,55.75,False,86.94117647058823,2523037.0
2026-06-08 11:31:01.668182,4f:bb:00:00:02:0f,19.0,55.75,False,86.97058823529412,2524299.0
2026-06-08 11:52:01.653333,4f:bb:00:00:02:0f,19.0,55.75,False,86.97058823529412,2525557.5
2026-06-08 12:13:01.722466,4f:bb:00:00:02:0f,19.0,55.75,False,86.94117647058823,2526821.0
2026-06-08 12:34:01.806947,4f:bb:00:00:02:0f,19.0,55.8125,False,86.94117647058823,2528078.0
2026-06-08 12:55:01.913250,4f:bb:00:00:02:0f,19.0,55.8125,False,86.94117647058823,2529339.0
2026-06-08 13:16:01.949013,4f:bb:00:00:02:0f,19.0625,55.8125,False,86.94117647058823,2530597.0
2026-06-08 13:37:02.052028,4f:bb:00:00:02:0f,19.0625,55.8125,False,86.94117647058823,2531861.0
2026-06-08 13:58:02.107566,4f:bb:00:00:02:0f,19.125,55.8125,False,86.95588235294117,2533120.5
2026-06-08 14:19:02.166799,4f:bb:00:00:02:0f,19.125,55.8125,False,86.97058823529412,2534381.0
2026-06-08 14:40:02.252246,4f:bb:00:00:02:0f,19.125,55.8125,False,86.97058823529412,2535638.0
2026-06-08 15:01:02.268163,4f:bb:00:00:02:0f,19.125,55.875,False,86.94117647058823,2536897.5
2026-06-08 15:22:02.371257,4f:bb:00:00:02:0f,19.125,55.875,False,86.94117647058823,2538160.0
2026-06-08 15:43:02.463427,4f:bb:00:00:02:0f,19.125,55.875,False,86.94117647058823,2539419.0
2026-06-08 16:04:02.588101,4f:bb:00:00:02:0f,19.125,55.875,False,86.94117647058823,2540680.0
2026-06-08 16:25:02.648259,4f:bb:00:00:02:0f,19.125,55.875,False,86.94117647058823,2541939.0
2026-06-08 16:46:02.710973,4f:bb:00:00:02:0f,19.125,55.875,False,86.94117647058823,2543199.0
2026-06-08 17:07:02.839398,4f:bb:00:00:02:0f,19.1875,55.9375,False,86.94117647058823,2544460.0
2026-06-08 17:28:02.905291,4f:bb:00:00:02:0f,19.1875,55.9375,False,86.94117647058823,2545720.0
2026-06-08 17:49:03.006824,4f:bb:00:00:02:0f,19.25,55.9375,False,86.94117647058823,2546980.5
2026-06-08 18:10:03.099925,4f:bb:00:00:02:0f,19.25,55.9375,False,86.95588235294117,2548240.5
2026-06-08 18:31:03.175286,4f:bb:00:00:02:0f,19.25,55.9375,False,86.94117647058823,2549501.0
2026-06-08 18:52:03.194254,4f:bb:00:00:02:0f,19.25,55.9375,False,86.94117647058823,2550760.5
2026-06-08 19:13:03.284300,4f:bb:00:00:02:0f,19.3125,56.0,False,86.94117647058823,2552019.0
2026-06-08 19:34:03.321428,4f:bb:00:00:02:0f,19.3125,55.9375,False,86.97058823529412,2553282.0
2026-06-08 19:55:03.393470,4f:bb:00:00:02:0f,19.3125,55.9375,False,86.94117647058823,2554540.5
2026-06-08 20:16:03.423585,4f:bb:00:00:02:0f,19.3125,55.9375,False,86.97058823529412,2555803.5
2026-06-08 20:37:03.551458,4f:bb:00:00:02:0f,19.28125,55.9375,False,86.94117647058823,2557063.5
2026-06-08 20:58:03.661893,4f:bb:00:00:02:0f,19.25,55.9375,False,86.94117647058823,2558322.5
2026-06-08 21:19:03.773775,4f:bb:00:00:02:0f,19.25,55.9375,False,86.94117647058823,2559583.5
2026-06-08 21:40:03.837054,4f:bb:00:00:02:0f,19.25,55.9375,False,86.94117647058823,2560840.0
2026-06-08 22:01:03.957429,4f:bb:00:00:02:0f,19.1875,55.9375,False,86.94117647058823,2562101.0
2026-06-08 22:22:04.042159,4f:bb:00:00:02:0f,19.125,55.9375,False,86.97058823529412,2563362.0
2026-06-08 22:43:04.144533,4f:bb:00:00:02:0f,19.125,55.875,False,86.97058823529412,2564620.5
2026-06-08 23:04:04.191965,4f:bb:00:00:02:0f,19.0625,55.875,False,86.97058823529412,2565884.0
2026-06-08 23:25:04.264416,4f:bb:00:00:02:0f,19.0,55.875,False,86.97058823529412,2567141.5
2026-06-08 23:46:04.352056,4f:bb:00:00:02:0f,18.9375,55.8125,False,86.97058823529412,2568402.0
2026-06-09 00:07:04.450947,4f:bb:00:00:02:0f,18.875,55.8125,False,86.94117647058823,2569663.0
2026-06-09 00:28:04.465466,4f:bb:00:00:02:0f,18.8125,55.75,False,86.94117647058823,2570923.0
2026-06-09 00:49:04.570745,4f:bb:00:00:02:0f,18.75,55.75,False,86.95588235294117,2572183.0
2026-06-09 01:10:04.604722,4f:bb:00:00:02:0f,18.6875,55.6875,False,86.94117647058823,2573444.0
2026-06-09 01:31:04.694994,4f:bb:00:00:02:0f,18.625,55.6875,False,86.94117647058823,2574704.0
2026-06-09 01:52:04.700667,4f:bb:00:00:02:0f,18.5,55.625,False,86.91176470588235,2575965.5
2026-06-09 02:13:04.794150,4f:bb:00:00:02:0f,18.4375,55.375,False,86.94117647058823,2577223.0
2026-06-09 02:34:04.927445,4f:bb:00:00:02:0f,18.375,55.3125,False,86.91176470588235,2578483.0
2026-06-09 02:55:04.991618,4f:bb:00:00:02:0f,18.25,55.3125,False,86.91176470588235,2579743.5
2026-06-09 03:16:05.129650,4f:bb:00:00:02:0f,18.15625,55.25,False,86.92647058823529,2581005.0
2026-06-09 03:37:05.208281,4f:bb:00:00:02:0f,18.0625,55.25,False,86.88235294117646,2582263.5
2026-06-09 03:58:05.223604,4f:bb:00:00:02:0f,17.9375,55.1875,False,86.88235294117646,2583525.0
2026-06-09 04:19:05.330051,4f:bb:00:00:02:0f,17.875,55.1875,False,86.88235294117646,2584783.5
2026-06-09 04:40:05.340659,4f:bb:00:00:02:0f,17.75,55.125,False,86.88235294117646,2586045.0
2026-06-09 05:01:05.413062,4f:bb:00:00:02:0f,17.6875,55.125,False,86.88235294117646,2587306.0
2026-06-09 05:22:05.561602,4f:bb:00:00:02:0f,17.5625,54.875,False,86.88235294117646,2588564.0
2026-06-09 05:43:05.628254,4f:bb:00:00:02:0f,17.4375,54.8125,False,86.8529411764706,2589825.0
2026-06-09 06:04:05.626468,4f:bb:00:00:02:0f,17.375,54.8125,False,86.8529411764706,2591083.0
2026-06-09 06:25:05.720798,4f:bb:00:00:02:0f,17.3125,54.875,False,86.82352941176471,2592346.5
2026-06-09 06:46:05.863224,4f:bb:00:00:02:0f,17.25,54.875,False,86.82352941176471,2593606.0
2026-06-09 07:07:05.866149,4f:bb:00:00:02:0f,17.1875,54.875,False,86.82352941176471,2594866.5
2026-06-09 07:28:05.933752,4f:bb:00:00:02:0f,17.125,54.9375,False,86.82352941176471,2596126.5
2026-06-09 07:49:06.006413,4f:bb:00:00:02:0f,17.125,54.9375,False,86.82352941176471,2597385.0
2026-06-09 08:10:06.109751,4f:bb:00:00:02:0f,17.125,54.9375,False,86.79411764705883,2598647.0
2026-06-09 08:31:06.156333,4f:bb:00:00:02:0f,17.125,55.0,False,86.79411764705883,2599906.0
2026-06-09 08:52:06.237341,4f:bb:00:00:02:0f,17.125,55.0,False,86.79411764705883,2601166.0
2026-06-09 09:13:06.332964,4f:bb:00:00:02:0f,17.1875,55.0625,False,86.79411764705883,2602428.0
2026-06-09 09:34:06.437767,4f:bb:00:00:02:0f,17.1875,55.125,False,86.79411764705883,2603687.0
2026-06-09 09:55:06.512485,4f:bb:00:00:02:0f,17.375,55.25,False,86.79411764705883,2604949.5
2026-06-09 10:16:06.679123,4f:bb:00:00:02:0f,17.5,55.3125,False,86.79411764705883,2606206.5
2026-06-09 10:37:06.762502,4f:bb:00:00:02:0f,17.625,55.25,False,86.79411764705883,2607469.0
2026-06-09 10:58:06.918540,4f:bb:00:00:02:0f,17.6875,55.5,False,86.76470588235294,2608725.0
2026-06-09 11:19:06.976017,4f:bb:00:00:02:0f,17.875,55.5625,False,86.79411764705883,2609987.0
2026-06-09 11:40:07.059298,4f:bb:00:00:02:0f,18.0,55.5,False,86.82352941176471,2611249.5
2026-06-09 12:01:07.174045,4f:bb:00:00:02:0f,18.0625,55.4375,False,86.82352941176471,2612507.0
2026-06-09 12:22:07.141519,4f:bb:00:00:02:0f,18.125,55.5,False,86.79411764705883,2613766.0
2026-06-09 12:43:07.214458,4f:bb:00:00:02:0f,18.1875,55.5625,False,86.82352941176471,2615029.5
2026-06-09 13:04:07.307883,4f:bb:00:00:02:0f,18.3125,55.5625,False,86.8529411764706,2616289.5
2026-06-09 13:25:07.395215,4f:bb:00:00:02:0f,18.375,55.5625,False,86.82352941176471,2617547.0
2026-06-09 13:46:07.449516,4f:bb:00:00:02:0f,18.5,55.5625,False,86.8529411764706,2618808.0
2026-06-09 14:07:07.481551,4f:bb:00:00:02:0f,18.5,55.75,False,86.82352941176471,2620070.0
2026-06-09 14:28:07.589428,4f:bb:00:00:02:0f,18.5625,55.8125,False,86.82352941176471,2621330.0
2026-06-09 14:49:07.664274,4f:bb:00:00:02:0f,18.625,55.8125,False,86.8529411764706,2622589.5
2026-06-09 15:10:07.761639,4f:bb:00:00:02:0f,18.6875,55.875,False,86.8529411764706,2623848.0
2026-06-09 15:31:07.787691,4f:bb:00:00:02:0f,18.75,55.9375,False,86.8529411764706,2625108.0
2026-06-09 15:52:07.898286,4f:bb:00:00:02:0f,18.875,56.0,False,86.8529411764706,2626369.0
2026-06-09 16:13:08.013499,4f:bb:00:00:02:0f,18.9375,56.0,False,86.8529411764706,2627631.0
2026-06-09 16:34:08.073702,4f:bb:00:00:02:0f,19.0,55.9375,False,86.86764705882354,2628889.5
2026-06-09 16:55:08.136697,4f:bb:00:00:02:0f,19.0,55.9375,False,86.8529411764706,2630150.0
2026-06-09 17:16:08.189706,4f:bb:00:00:02:0f,19.0625,56.0,False,86.8529411764706,2631412.0
2026-06-09 17:37:08.214336,4f:bb:00:00:02:0f,19.125,56.0625,False,86.8529411764706,2632670.0
2026-06-09 17:58:08.297291,4f:bb:00:00:02:0f,19.125,56.0625,False,86.8529411764706,2633930.0
2026-06-09 18:19:08.414311,4f:bb:00:00:02:0f,19.1875,56.0625,False,86.8529411764706,2635189.0
2026-06-09 18:40:08.518423,4f:bb:00:00:02:0f,19.1875,56.0625,False,86.88235294117646,2636452.5
2026-06-09 19:01:08.644955,4f:bb:00:00:02:0f,19.25,56.125,False,86.88235294117646,2637710.0
2026-06-09 19:22:08.792742,4f:bb:00:00:02:0f,19.25,56.125,False,86.88235294117646,2638971.0
2026-06-09 19:43:08.865909,4f:bb:00:00:02:0f,19.25,56.0625,False,86.88235294117646,2640231.0
2026-06-09 20:04:08.983650,4f:bb:00:00:02:0f,19.25,56.0625,False,86.88235294117646,2641492.0
2026-06-09 20:25:09.008125,4f:bb:00:00:02:0f,19.25,56.0625,False,86.88235294117646,2642749.0
2026-06-09 20:46:09.119915,4f:bb:00:00:02:0f,19.25,56.125,False,86.88235294117646,2644012.5
2026-06-09 21:07:09.131393,4f:bb:00:00:02:0f,19.25,56.125,False,86.88235294117646,2645272.0
2026-06-09 21:28:09.192793,4f:bb:00:00:02:0f,19.1875,56.125,False,86.88235294117646,2646529.5
2026-06-09 21:49:09.295277,4f:bb:00:00:02:0f,19.1875,56.125,False,86.88235294117646,2647793.0
2026-06-09 22:10:09.333334,4f:bb:00:00:02:0f,19.125,56.125,False,86.88235294117646,2649052.5
2026-06-09 22:31:09.479998,4f:bb:00:00:02:0f,19.125,56.125,False,86.88235294117646,2650311.5
2026-06-09 22:52:09.507133,4f:bb:00:00:02:0f,19.125,56.125,False,86.88235294117646,2651573.0
2026-06-09 23:13:09.553787,4f:bb:00:00:02:0f,19.0625,56.125,False,86.88235294117646,2652835.0
2026-06-09 23:34:09.663712,4f:bb:00:00:02:0f,19.03125,56.125,False,86.91176470588235,2654091.0
2026-06-09 23:55:09.759738,4f:bb:00:00:02:0f,19.0,56.0625,False,86.88235294117646,2655353.0
2026-06-10 00:16:09.838866,4f:bb:00:00:02:0f,18.9375,56.0625,False,86.88235294117646,2656612.0
2026-06-10 00:37:09.953024,4f:bb:00:00:02:0f,18.875,56.0,False,86.91176470588235,2657875.0
2026-06-10 00:58:10.063069,4f:bb:00:00:02:0f,18.875,56.0,False,86.91176470588235,2659133.0
2026-06-10 01:19:10.128191,4f:bb:00:00:02:0f,18.8125,56.0,False,86.91176470588235,2660392.5
2026-06-10 01:40:10.104745,4f:bb:00:00:02:0f,18.75,55.9375,False,86.88235294117646,2661655.0
2026-06-10 02:01:10.167777,4f:bb:00:00:02:0f,18.6875,55.9375,False,86.86764705882354,2662914.0
2026-06-10 02:22:10.191580,4f:bb:00:00:02:0f,18.625,55.875,False,86.88235294117646,2664172.5
2026-06-10 02:43:10.241043,4f:bb:00:00:02:0f,18.5,55.875,False,86.88235294117646,2665435.5
2026-06-10 03:04:10.337315,4f:bb:00:00:02:0f,18.4375,55.625,False,86.8529411764706,2666696.0
2026-06-10 03:25:10.442486,4f:bb:00:00:02:0f,18.375,55.5625,False,86.88235294117646,2667956.0
2026-06-10 03:46:10.565316,4f:bb:00:00:02:0f,18.3125,55.5625,False,86.8529411764706,2669215.5
2026-06-10 04:07:10.564316,4f:bb:00:00:02:0f,18.25,55.5,False,86.8529411764706,2670474.0
2026-06-10 04:28:10.677940,4f:bb:00:00:02:0f,18.125,55.4375,False,86.82352941176471,2671734.0
2026-06-10 04:49:10.752820,4f:bb:00:00:02:0f,18.0625,55.4375,False,86.8529411764706,2672992.5
2026-06-10 05:10:10.855545,4f:bb:00:00:02:0f,18.0,55.375,False,86.82352941176471,2674255.0
2026-06-10 05:31:10.853899,4f:bb:00:00:02:0f,17.9375,55.375,False,86.82352941176471,2675515.5
2026-06-10 05:52:10.960411,4f:bb:00:00:02:0f,17.8125,55.375,False,86.82352941176471,2676775.0
2026-06-10 06:13:11.065887,4f:bb:00:00:02:0f,17.75,55.375,False,86.82352941176471,2678036.0
2026-06-10 06:34:11.159058,4f:bb:00:00:02:0f,17.6875,55.375,False,86.79411764705883,2679294.5
2026-06-10 06:55:11.238415,4f:bb:00:00:02:0f,17.6875,55.375,False,86.82352941176471,2680556.5
2026-06-10 07:16:11.300594,4f:bb:00:00:02:0f,17.625,55.1875,False,86.82352941176471,2681816.0
2026-06-10 07:37:11.393588,4f:bb:00:00:02:0f,17.625,55.25,False,86.82352941176471,2683073.0
2026-06-10 07:58:11.491224,4f:bb:00:00:02:0f,17.625,55.25,False,86.79411764705883,2684337.0
2026-06-10 08:19:11.563465,4f:bb:00:00:02:0f,17.625,55.3125,False,86.79411764705883,2685597.0
2026-06-10 08:40:11.673417,4f:bb:00:00:02:0f,17.625,55.625,False,86.80882352941177,2686854.0
2026-06-10 09:01:11.723641,4f:bb:00:00:02:0f,17.75,55.6875,False,86.82352941176471,2688116.0
2026-06-10 09:22:11.745938,4f:bb:00:00:02:0f,17.8125,55.75,False,86.82352941176471,2689376.0
2026-06-10 09:43:11.815697,4f:bb:00:00:02:0f,17.875,55.6875,False,86.82352941176471,2690635.5
2026-06-10 10:04:11.789500,4f:bb:00:00:02:0f,17.9375,55.6875,False,86.80882352941177,2691898.5
2026-06-10 10:25:11.860184,4f:bb:00:00:02:0f,17.9375,55.625,False,86.79411764705883,2693155.5
2026-06-10 10:46:11.889236,4f:bb:00:00:02:0f,17.9375,55.6875,False,86.79411764705883,2694417.0
2026-06-10 11:07:12.004403,4f:bb:00:00:02:0f,18.0625,55.8125,False,86.79411764705883,2695678.0
2026-06-10 11:28:11.947816,4f:bb:00:00:02:0f,18.21875,55.8125,False,86.82352941176471,2696937.0
2026-06-10 11:49:12.127117,4f:bb:00:00:02:0f,18.375,55.875,False,86.82352941176471,2698196.0
2026-06-10 12:10:12.237062,4f:bb:00:00:02:0f,18.4375,55.8125,False,86.82352941176471,2699455.5
2026-06-10 12:31:12.335292,4f:bb:00:00:02:0f,18.5,55.75,False,86.82352941176471,2700718.0
2026-06-10 12:52:12.361627,4f:bb:00:00:02:0f,18.5,55.6875,False,86.82352941176471,2701978.0
2026-06-10 13:13:12.403452,4f:bb:00:00:02:0f,18.5,55.75,False,86.82352941176471,2703236.0
2026-06-10 13:34:12.546910,4f:bb:00:00:02:0f,18.5625,56.0,False,86.82352941176471,2704499.0
2026-06-10 13:55:12.510903,4f:bb:00:00:02:0f,18.625,56.0625,False,86.82352941176471,2705756.0
2026-06-10 14:16:12.637010,4f:bb:00:00:02:0f,18.6875,56.0625,False,86.82352941176471,2707016.0
2026-06-10 14:37:12.640039,4f:bb:00:00:02:0f,18.75,56.125,False,86.82352941176471,2708277.0
2026-06-10 14:58:12.704488,4f:bb:00:00:02:0f,18.8125,56.125,False,86.82352941176471,2709538.5
2026-06-10 15:19:12.813454,4f:bb:00:00:02:0f,18.875,56.125,False,86.8529411764706,2710798.5
2026-06-10 15:40:12.884110,4f:bb:00:00:02:0f,19.0,56.125,False,86.8529411764706,2712058.0
2026-06-10 16:01:12.981304,4f:bb:00:00:02:0f,19.0625,56.1875,False,86.82352941176471,2713318.5
2026-06-10 16:22:13.061962,4f:bb:00:00:02:0f,19.125,56.1875,False,86.8529411764706,2714581.0
2026-06-10 16:43:13.058173,4f:bb:00:00:02:0f,19.125,56.125,False,86.83823529411765,2715837.0
2026-06-10 17:04:13.175622,4f:bb:00:00:02:0f,19.125,56.125,False,86.8529411764706,2717100.0
2026-06-10 17:25:13.274294,4f:bb:00:00:02:0f,19.125,56.125,False,86.8529411764706,2718358.5
2026-06-10 17:46:13.338757,4f:bb:00:00:02:0f,19.125,56.125,False,86.8529411764706,2719618.5
2026-06-10 18:07:13.399932,4f:bb:00:00:02:0f,19.125,56.125,False,86.88235294117646,2720882.0
2026-06-10 18:28:13.508224,4f:bb:00:00:02:0f,19.0625,56.1875,False,86.8529411764706,2722139.0
2026-06-10 18:49:13.607825,4f:bb:00:00:02:0f,19.125,56.25,False,86.8529411764706,2723401.0
2026-06-10 19:10:13.700636,4f:bb:00:00:02:0f,19.125,56.25,False,86.8529411764706,2724658.0
2026-06-10 19:31:13.711905,4f:bb:00:00:02:0f,19.125,56.25,False,86.8529411764706,2725921.5
2026-06-10 19:52:13.785037,4f:bb:00:00:02:0f,19.125,56.25,False,86.8529411764706,2727180.0
2026-06-10 20:13:13.898478,4f:bb:00:00:02:0f,19.125,56.25,False,86.8529411764706,2728441.0
2026-06-10 20:34:13.985679,4f:bb:00:00:02:0f,19.0625,56.1875,False,86.8529411764706,2729699.0
2026-06-10 20:55:14.077384,4f:bb:00:00:02:0f,19.0625,56.1875,False,86.8529411764706,2730961.0
2026-06-10 21:16:14.201404,4f:bb:00:00:02:0f,19.0,56.1875,False,86.88235294117646,2732223.0
2026-06-10 21:37:14.231693,4f:bb:00:00:02:0f,19.0,56.1875,False,86.8529411764706,2733478.5
2026-06-10 21:58:14.374047,4f:bb:00:00:02:0f,18.9375,56.125,False,86.8529411764706,2734742.0
2026-06-10 22:19:14.411749,4f:bb:00:00:02:0f,18.875,56.125,False,86.8529411764706,2736001.5
2026-06-10 22:40:14.541747,4f:bb:00:00:02:0f,18.8125,56.125,False,86.88235294117646,2737259.0
2026-06-10 23:01:14.636198,4f:bb:00:00:02:0f,18.75,56.0625,False,86.88235294117646,2738522.0
2026-06-10 23:22:14.731962,4f:bb:00:00:02:0f,18.6875,56.0,False,86.8529411764706,2739783.0
2026-06-10 23:43:14.781372,4f:bb:00:00:02:0f,18.625,56.0,False,86.88235294117646,2741041.0
2026-06-11 00:04:14.851357,4f:bb:00:00:02:0f,18.5625,55.9375,False,86.8529411764706,2742302.0
2026-06-11 00:25:14.909357,4f:bb:00:00:02:0f,18.5,55.6875,False,86.8529411764706,2743561.0
2026-06-11 00:46:14.967126,4f:bb:00:00:02:0f,18.375,55.6875,False,86.8529411764706,2744825.0
2026-06-11 01:07:15.029929,4f:bb:00:00:02:0f,18.3125,55.625,False,86.88235294117646,2746082.0
2026-06-11 01:28:15.114665,4f:bb:00:00:02:0f,18.25,55.625,False,86.8529411764706,2747341.0
2026-06-11 01:49:15.168369,4f:bb:00:00:02:0f,18.125,55.5625,False,86.8529411764706,2748605.0
2026-06-11 02:10:15.276788,4f:bb:00:00:02:0f,18.0625,55.5625,False,86.82352941176471,2749862.0
2026-06-11 02:31:15.304681,4f:bb:00:00:02:0f,18.0,55.5,False,86.82352941176471,2751121.0
2026-06-11 02:52:15.315115,4f:bb:00:00:02:0f,17.875,55.4375,False,86.80882352941177,2752384.5
2026-06-11 03:13:15.420784,4f:bb:00:00:02:0f,17.8125,55.4375,False,86.80882352941177,2753643.0
2026-06-11 03:34:15.508206,4f:bb:00:00:02:0f,17.6875,55.375,False,86.82352941176471,2754904.0
2026-06-11 03:55:15.626898,4f:bb:00:00:02:0f,17.625,55.375,False,86.82352941176471,2756165.0
2026-06-11 04:16:15.716428,4f:bb:00:00:02:0f,17.5625,55.125,False,86.79411764705883,2757421.5
2026-06-11 04:37:15.727150,4f:bb:00:00:02:0f,17.4375,55.125,False,86.79411764705883,2758683.0
2026-06-11 04:58:15.815788,4f:bb:00:00:02:0f,17.375,55.0625,False,86.79411764705883,2759944.0
2026-06-11 05:19:15.883838,4f:bb:00:00:02:0f,17.3125,55.0625,False,86.79411764705883,2761206.0
2026-06-11 05:40:16.014015,4f:bb:00:00:02:0f,17.1875,55.0625,False,86.76470588235294,2762461.0
2026-06-11 06:01:16.084583,4f:bb:00:00:02:0f,17.125,55.0625,False,86.77941176470588,2763724.5
2026-06-11 06:22:16.193074,4f:bb:00:00:02:0f,17.0625,55.0,False,86.76470588235294,2764985.0
2026-06-11 06:43:16.245798,4f:bb:00:00:02:0f,17.0,55.0,False,86.76470588235294,2766244.5
2026-06-11 07:04:16.242580,4f:bb:00:00:02:0f,16.9375,55.0625,False,86.76470588235294,2767507.0
2026-06-11 07:25:16.277810,4f:bb:00:00:02:0f,16.875,55.0625,False,86.76470588235294,2768764.0
2026-06-11 07:46:16.380711,4f:bb:00:00:02:0f,16.8125,55.0625,False,86.73529411764706,2770027.0
2026-06-11 08:07:16.396038,4f:bb:00:00:02:0f,16.8125,55.0625,False,86.73529411764706,2771284.5
2026-06-11 08:28:16.494798,4f:bb:00:00:02:0f,16.75,54.875,False,86.73529411764706,2772544.0
2026-06-11 08:49:16.517862,4f:bb:00:00:02:0f,16.75,54.875,False,86.70588235294117,2773807.0
2026-06-11 09:10:16.562445,4f:bb:00:00:02:0f,16.75,54.9375,False,86.73529411764706,2775064.0
2026-06-11 09:31:16.668922,4f:bb:00:00:02:0f,16.75,54.9375,False,86.72058823529412,2776324.5
2026-06-11 09:52:16.722849,4f:bb:00:00:02:0f,16.75,54.9375,False,86.70588235294117,2777587.5
2026-06-11 10:13:16.846355,4f:bb:00:00:02:0f,16.75,54.9375,False,86.70588235294117,2778846.0
2026-06-11 10:34:16.974297,4f:bb:00:00:02:0f,16.75,54.9375,False,86.70588235294117,2780105.0
2026-06-11 10:55:17.041796,4f:bb:00:00:02:0f,16.75,54.9375,False,86.73529411764706,2781364.0
2026-06-11 11:16:17.148150,4f:bb:00:00:02:0f,16.75,54.9375,False,86.70588235294117,2782626.0
2026-06-11 11:37:17.178947,4f:bb:00:00:02:0f,16.6875,54.9375,False,86.70588235294117,2783884.0
2026-06-11 11:58:17.301787,4f:bb:00:00:02:0f,16.6875,54.9375,False,86.70588235294117,2785148.0
2026-06-11 12:19:17.427711,4f:bb:00:00:02:0f,16.6875,54.9375,False,86.66176470588235,2786407.5
2026-06-11 12:40:17.462737,4f:bb:00:00:02:0f,16.6875,54.9375,False,86.70588235294117,2787666.0
2026-06-11 13:01:17.512766,4f:bb:00:00:02:0f,16.6875,54.9375,False,86.67647058823529,2788927.0
2026-06-11 13:22:17.514042,4f:bb:00:00:02:0f,16.6875,54.9375,False,86.67647058823529,2790184.5
2026-06-11 13:43:17.536536,4f:bb:00:00:02:0f,16.6875,55.0,False,86.67647058823529,2791448.0
2026-06-11 14:04:17.570184,4f:bb:00:00:02:0f,16.6875,55.0,False,86.67647058823529,2792707.5
2026-06-11 14:25:17.713983,4f:bb:00:00:02:0f,16.6875,54.9375,False,86.67647058823529,2793967.0
2026-06-11 14:46:17.746329,4f:bb:00:00:02:0f,16.625,55.0,False,86.67647058823529,2795228.0
2026-06-11 15:07:17.844187,4f:bb:00:00:02:0f,16.6875,55.125,False,86.67647058823529,2796487.5
2026-06-11 15:28:17.942261,4f:bb:00:00:02:0f,16.875,55.5,False,86.67647058823529,2797747.0
2026-06-11 15:49:17.974019,4f:bb:00:00:02:0f,17.1875,55.6875,False,86.67647058823529,2799008.0
2026-06-11 16:10:17.981757,4f:bb:00:00:02:0f,17.5,55.875,False,86.70588235294117,2800268.0
2026-06-11 16:31:18.087374,4f:bb:00:00:02:0f,17.9375,56.25,False,86.70588235294117,2801528.0
2026-06-11 16:52:18.160670,4f:bb:00:00:02:0f,18.375,56.4375,False,86.73529411764706,2802790.0
2026-06-11 17:13:18.210413,4f:bb:00:00:02:0f,18.8125,56.8125,False,86.73529411764706,2804048.0
2026-06-11 17:34:18.315096,4f:bb:00:00:02:0f,19.25,57.0,False,86.77941176470588,2805309.0
2026-06-11 17:55:18.424136,4f:bb:00:00:02:0f,19.6875,57.3125,False,86.79411764705883,2806569.0
2026-06-11 18:16:18.519818,4f:bb:00:00:02:0f,20.0625,57.5,False,86.79411764705883,2807827.0
2026-06-11 18:37:18.588433,4f:bb:00:00:02:0f,20.4375,57.8125,False,86.82352941176471,2809091.0
2026-06-11 18:58:18.654680,4f:bb:00:00:02:0f,20.8125,57.9375,False,86.8529411764706,2810349.0
2026-06-11 19:19:18.724540,4f:bb:00:00:02:0f,21.1875,58.3125,False,86.8529411764706,2811610.0
2026-06-11 19:40:18.844757,4f:bb:00:00:02:0f,21.5,58.375,False,86.97058823529412,2812869.0
2026-06-11 20:01:18.923318,4f:bb:00:00:02:0f,21.8125,58.5,False,86.97058823529412,2814130.0
2026-06-11 20:22:18.948773,4f:bb:00:00:02:0f,22.0625,58.75,False,86.97058823529412,2815389.0
2026-06-11 20:43:19.021003,4f:bb:00:00:02:0f,22.3125,58.75,False,86.91176470588235,2816647.0
2026-06-11 21:04:19.124591,4f:bb:00:00:02:0f,22.5,58.75,False,86.88235294117646,2817910.5
2026-06-11 21:25:19.201510,4f:bb:00:00:02:0f,22.625,58.6875,False,86.94117647058823,2819171.0
2026-06-11 21:46:19.272029,4f:bb:00:00:02:0f,22.75,58.6875,False,87.0,2820428.0
2026-06-11 22:07:19.384876,4f:bb:00:00:02:0f,22.8125,58.9375,False,87.08823529411765,2821692.0
2026-06-11 22:28:19.487535,4f:bb:00:00:02:0f,22.875,58.875,False,87.11764705882354,2822950.0
2026-06-11 22:49:19.593725,4f:bb:00:00:02:0f,22.9375,58.9375,False,87.08823529411765,2824213.5
2026-06-11 23:10:19.692124,4f:bb:00:00:02:0f,23.0,58.875,False,87.08823529411765,2825470.0
2026-06-11 23:31:19.773870,4f:bb:00:00:02:0f,23.0,58.875,False,87.11764705882354,2826732.0
2026-06-11 23:52:19.890851,4f:bb:00:00:02:0f,23.0,58.875,False,87.11764705882354,2827992.0
2026-06-12 00:13:20.003475,4f:bb:00:00:02:0f,23.0625,58.9375,False,87.16176470588235,2829250.5
2026-06-12 00:34:20.088536,4f:bb:00:00:02:0f,23.0625,58.9375,False,87.17647058823529,2830511.0
2026-06-12 00:55:20.187979,4f:bb:00:00:02:0f,23.125,58.9375,False,87.20588235294117,2831773.5
2026-06-12 01:16:20.329893,4f:bb:00:00:02:0f,23.125,58.9375,False,87.20588235294117,2833031.0
2026-06-12 01:37:20.386488,4f:bb:00:00:02:0f,23.125,58.9375,False,87.20588235294117,2834292.0
2026-06-12 01:58:20.472654,4f:bb:00:00:02:0f,23.1875,59.0,False,87.20588235294117,2835554.0
2026-06-12 02:19:20.486232,4f:bb:00:00:02:0f,23.25,59.0,False,87.26470588235294,2836810.5
2026-06-12 02:40:20.588286,4f:bb:00:00:02:0f,23.25,59.0,False,87.23529411764706,2838070.0
2026-06-12 03:01:20.707233,4f:bb:00:00:02:0f,23.25,59.0,False,87.26470588235294,2839333.0
2026-06-12 03:22:20.791852,4f:bb:00:00:02:0f,23.3125,59.0,False,87.29411764705883,2840593.0
2026-06-12 03:43:20.838631,4f:bb:00:00:02:0f,23.3125,59.0,False,87.29411764705883,2841851.0
2026-06-12 04:04:20.848851,4f:bb:00:00:02:0f,23.3125,59.0,False,87.29411764705883,2843113.0
2026-06-12 04:25:20.905586,4f:bb:00:00:02:0f,23.375,59.0,False,87.32352941176471,2844373.5
2026-06-12 04:46:20.953439,4f:bb:00:00:02:0f,23.375,59.0,False,87.32352941176471,2845636.0
2026-06-12 05:07:20.994736,4f:bb:00:00:02:0f,23.375,59.0,False,87.32352941176471,2846893.5
2026-06-12 05:28:21.061853,4f:bb:00:00:02:0f,23.4375,59.0,False,87.3529411764706,2848154.0
2026-06-12 05:49:21.203096,4f:bb:00:00:02:0f,23.4375,59.0,False,87.3529411764706,2849413.0
2026-06-12 06:10:21.260395,4f:bb:00:00:02:0f,23.4375,59.0,False,87.3529411764706,2850676.5
2026-06-12 06:31:21.374446,4f:bb:00:00:02:0f,23.5,59.0625,False,87.38235294117646,2851931.0
2026-06-12 06:52:21.437098,4f:bb:00:00:02:0f,23.5,59.0,False,87.38235294117646,2853194.0
2026-06-12 07:13:21.449239,4f:bb:00:00:02:0f,23.5625,59.0625,False,87.38235294117646,2854457.0
2026-06-12 07:34:21.464860,4f:bb:00:00:02:0f,23.625,59.3125,False,87.3970588235294,2855712.0
2026-06-12 07:55:21.535410,4f:bb:00:00:02:0f,23.625,59.3125,False,87.3970588235294,2856976.5
2026-06-12 08:16:21.635620,4f:bb:00:00:02:0f,23.6875,59.3125,False,87.41176470588235,2858237.0
2026-06-12 08:37:21.691758,4f:bb:00:00:02:0f,23.6875,59.3125,False,87.38235294117646,2859493.5
2026-06-12 08:58:21.806494,4f:bb:00:00:02:0f,23.75,59.25,False,87.41176470588235,2860755.0
2026-06-12 09:19:21.883886,4f:bb:00:00:02:0f,23.6875,59.1875,False,87.41176470588235,2862016.5
2026-06-12 09:40:22.033139,4f:bb:00:00:02:0f,23.6875,59.125,False,87.41176470588235,2863273.0
2026-06-12 10:01:21.990287,4f:bb:00:00:02:0f,23.6875,59.125,False,87.38235294117646,2864534.0
2026-06-12 10:22:22.064744,4f:bb:00:00:02:0f,23.625,59.0625,False,87.36764705882354,2865795.0
2026-06-12 10:43:22.186972,4f:bb:00:00:02:0f,23.5625,58.8125,False,87.42647058823529,2867055.0
2026-06-12 11:04:22.306873,4f:bb:00:00:02:0f,23.5,58.75,False,87.41176470588235,2868315.0
2026-06-12 11:25:22.404338,4f:bb:00:00:02:0f,23.4375,58.75,False,87.44117647058823,2869575.0
2026-06-12 11:46:22.439528,4f:bb:00:00:02:0f,23.4375,58.75,False,87.41176470588235,2870833.5
2026-06-12 12:07:22.484635,4f:bb:00:00:02:0f,23.375,58.6875,False,87.47058823529412,2872095.0
2026-06-12 12:28:22.554796,4f:bb:00:00:02:0f,23.375,58.6875,False,87.44117647058823,2873356.5
2026-06-12 12:49:22.722111,4f:bb:00:00:02:0f,23.3125,58.6875,False,87.41176470588235,2874615.0
2026-06-12 13:10:22.767361,4f:bb:00:00:02:0f,23.3125,58.625,False,87.44117647058823,2875876.0
2026-06-12 13:31:22.765474,4f:bb:00:00:02:0f,23.25,58.625,False,87.44117647058823,2877137.0
2026-06-12 13:52:22.882166,4f:bb:00:00:02:0f,23.25,58.6875,False,87.44117647058823,2878396.0
2026-06-12 14:13:22.997448,4f:bb:00:00:02:0f,23.25,58.6875,False,87.44117647058823,2879657.0
2026-06-12 14:34:23.087887,4f:bb:00:00:02:0f,23.25,58.75,False,87.47058823529412,2880919.0
2026-06-12 14:55:23.196446,4f:bb:00:00:02:0f,23.3125,58.75,False,87.47058823529412,2882177.0
2026-06-12 15:16:23.286663,4f:bb:00:00:02:0f,23.3125,58.8125,False,87.44117647058823,2883440.0
2026-06-12 15:37:23.306775,4f:bb:00:00:02:0f,23.375,58.8125,False,87.44117647058823,2884698.0
2026-06-12 15:58:23.424065,4f:bb:00:00:02:0f,23.4375,58.875,False,87.47058823529412,2885958.0
2026-06-12 16:19:23.526093,4f:bb:00:00:02:0f,23.5,58.875,False,87.5,2887219.0
2026-06-12 16:40:23.594101,4f:bb:00:00:02:0f,23.625,59.125,False,87.5,2888476.5
2026-06-12 17:01:23.708820,4f:bb:00:00:02:0f,23.6875,59.125,False,87.47058823529412,2889738.0
2026-06-12 17:22:23.739981,4f:bb:00:00:02:0f,23.75,59.125,False,87.5,2890997.0
2026-06-12 17:43:23.804107,4f:bb:00:00:02:0f,23.8125,59.125,False,87.5,2892259.0
2026-06-12 18:04:23.898302,4f:bb:00:00:02:0f,23.875,59.1875,False,87.47058823529412,2893517.0
2026-06-12 18:25:24.000679,4f:bb:00:00:02:0f,23.9375,59.1875,False,87.5,2894778.0
2026-06-12 18:46:24.090391,4f:bb:00:00:02:0f,24.0,59.1875,False,87.5,2896039.5
2026-06-12 19:07:24.086790,4f:bb:00:00:02:0f,24.0,59.125,False,87.52941176470588,2897299.0
2026-06-12 19:28:24.137914,4f:bb:00:00:02:0f,24.0,59.125,False,87.5,2898560.0
2026-06-12 19:49:24.206628,4f:bb:00:00:02:0f,24.0,59.125,False,87.52941176470588,2899819.0
2026-06-12 20:10:24.215368,4f:bb:00:00:02:0f,24.0,59.125,False,87.5,2901079.5
2026-06-12 20:31:24.331192,4f:bb:00:00:02:0f,24.0,59.125,False,87.5,2902343.0
2026-06-12 20:52:24.404435,4f:bb:00:00:02:0f,23.9375,59.0625,False,87.5,2903598.5
2026-06-12 21:13:24.416408,4f:bb:00:00:02:0f,23.875,59.0,False,87.5,2904859.0
2026-06-12 21:34:24.453513,4f:bb:00:00:02:0f,23.75,58.9375,False,87.5,2906122.0
2026-06-12 21:55:24.562850,4f:bb:00:00:02:0f,23.6875,58.875,False,87.47058823529412,2907379.5
2026-06-12 22:16:24.660321,4f:bb:00:00:02:0f,23.5625,58.625,False,87.47058823529412,2908639.5
2026-06-12 22:37:24.766528,4f:bb:00:00:02:0f,23.5,58.5,False,87.5,2909899.5
2026-06-12 22:58:24.828628,4f:bb:00:00:02:0f,23.375,58.4375,False,87.47058823529412,2911163.0
2026-06-12 23:19:24.972018,4f:bb:00:00:02:0f,23.25,58.375,False,87.5,2912422.0
2026-06-12 23:40:25.041788,4f:bb:00:00:02:0f,23.1875,58.3125,False,87.5,2913679.5
2026-06-13 00:01:25.172660,4f:bb:00:00:02:0f,23.0625,58.25,False,87.5,2914942.5
2026-06-13 00:22:25.263397,4f:bb:00:00:02:0f,22.9375,58.125,False,87.47058823529412,2916197.5
2026-06-13 00:43:25.359501,4f:bb:00:00:02:0f,22.875,58.0625,False,87.44117647058823,2917463.0
2026-06-13 01:04:25.386824,4f:bb:00:00:02:0f,22.75,57.75,False,87.47058823529412,2918720.0
2026-06-13 01:25:25.408860,4f:bb:00:00:02:0f,22.625,57.6875,False,87.48529411764706,2919982.5
2026-06-13 01:46:25.421948,4f:bb:00:00:02:0f,22.5,57.625,False,87.47058823529412,2921241.0
2026-06-13 02:07:25.475546,4f:bb:00:00:02:0f,22.375,57.5625,False,87.44117647058823,2922500.0
2026-06-13 02:28:25.578697,4f:bb:00:00:02:0f,22.1875,57.5,False,87.41176470588235,2923760.0
2026-06-13 02:49:25.683298,4f:bb:00:00:02:0f,22.0625,57.4375,False,87.44117647058823,2925022.0
2026-06-13 03:10:25.755117,4f:bb:00:00:02:0f,21.9375,57.3125,False,87.41176470588235,2926281.5
2026-06-13 03:31:25.880072,4f:bb:00:00:02:0f,21.75,57.0625,False,87.41176470588235,2927541.0
2026-06-13 03:52:25.982007,4f:bb:00:00:02:0f,21.625,57.0,False,87.41176470588235,2928804.0
2026-06-13 04:13:26.064601,4f:bb:00:00:02:0f,21.5,56.9375,False,87.38235294117646,2930062.0
2026-06-13 04:34:26.153397,4f:bb:00:00:02:0f,21.3125,56.875,False,87.3529411764706,2931324.0
2026-06-13 04:55:26.188192,4f:bb:00:00:02:0f,21.1875,56.875,False,87.3529411764706,2932584.0
2026-06-13 05:16:26.284089,4f:bb:00:00:02:0f,21.0625,56.8125,False,87.33823529411765,2933841.0
2026-06-13 05:37:26.328258,4f:bb:00:00:02:0f,20.9375,56.5625,False,87.3529411764706,2935106.0
2026-06-13 05:58:26.409119,4f:bb:00:00:02:0f,20.8125,56.5625,False,87.3529411764706,2936362.5
2026-06-13 06:19:26.466820,4f:bb:00:00:02:0f,20.6875,56.5,False,87.29411764705883,2937625.5
2026-06-13 06:40:26.583894,4f:bb:00:00:02:0f,20.5625,56.5,False,87.32352941176471,2938884.0
2026-06-13 07:01:26.610096,4f:bb:00:00:02:0f,20.4375,56.5625,False,87.32352941176471,2940144.0
2026-06-13 07:22:26.697547,4f:bb:00:00:02:0f,20.375,56.625,False,87.32352941176471,2941405.5
2026-06-13 07:43:26.787463,4f:bb:00:00:02:0f,20.3125,56.6875,False,87.29411764705883,2942664.0
2026-06-13 08:04:26.832746,4f:bb:00:00:02:0f,20.3125,56.75,False,87.26470588235294,2943926.0
2026-06-13 08:25:26.866692,4f:bb:00:00:02:0f,20.3125,56.8125,False,87.29411764705883,2945185.0
2026-06-13 08:46:26.952455,4f:bb:00:00:02:0f,20.3125,56.875,False,87.27941176470588,2946444.0
2026-06-13 09:07:27.026949,4f:bb:00:00:02:0f,20.375,56.875,False,87.26470588235294,2947702.0
2026-06-13 09:28:27.137261,4f:bb:00:00:02:0f,20.375,56.9375,False,87.26470588235294,2948964.0
2026-06-13 09:49:27.232491,4f:bb:00:00:02:0f,20.4375,57.0,False,87.26470588235294,2950226.0
2026-06-13 10:10:27.333590,4f:bb:00:00:02:0f,20.5,57.0625,False,87.26470588235294,2951482.5
2026-06-13 10:31:27.373126,4f:bb:00:00:02:0f,20.5625,57.0625,False,87.26470588235294,2952745.0
2026-06-13 10:52:27.424700,4f:bb:00:00:02:0f,20.625,57.125,False,87.26470588235294,2954005.0
2026-06-13 11:13:27.496009,4f:bb:00:00:02:0f,20.75,57.1875,False,87.26470588235294,2955262.0
2026-06-13 11:34:27.582513,4f:bb:00:00:02:0f,20.875,57.1875,False,87.26470588235294,2956523.0
2026-06-13 11:55:27.693917,4f:bb:00:00:02:0f,20.9375,57.1875,False,87.26470588235294,2957784.0
2026-06-13 12:16:27.765013,4f:bb:00:00:02:0f,21.0,57.125,False,87.26470588235294,2959046.0
2026-06-13 12:37:27.896119,4f:bb:00:00:02:0f,21.0625,57.375,False,87.26470588235294,2960304.5
2026-06-13 12:58:27.956472,4f:bb:00:00:02:0f,21.125,57.375,False,87.26470588235294,2961567.0
2026-06-13 13:19:28.045270,4f:bb:00:00:02:0f,21.1875,57.375,False,87.23529411764706,2962828.5
2026-06-13 13:40:28.164802,4f:bb:00:00:02:0f,21.1875,57.375,False,87.26470588235294,2964087.0
2026-06-13 14:01:28.259012,4f:bb:00:00:02:0f,21.25,57.375,False,87.26470588235294,2965347.0
2026-06-13 14:22:28.292423,4f:bb:00:00:02:0f,21.25,57.375,False,87.25,2966607.0
2026-06-13 14:43:28.394646,4f:bb:00:00:02:0f,21.3125,57.4375,False,87.26470588235294,2967867.0
2026-06-13 15:04:28.467515,4f:bb:00:00:02:0f,21.3125,57.4375,False,87.26470588235294,2969128.0
2026-06-13 15:25:28.590941,4f:bb:00:00:02:0f,21.375,57.5,False,87.26470588235294,2970390.0
2026-06-13 15:46:28.690855,4f:bb:00:00:02:0f,21.4375,57.5,False,87.26470588235294,2971646.0
2026-06-13 16:07:28.796294,4f:bb:00:00:02:0f,21.4375,57.5,False,87.26470588235294,2972907.0
2026-06-13 16:28:28.875643,4f:bb:00:00:02:0f,21.5,57.5625,False,87.29411764705883,2974166.0
2026-06-13 16:49:28.978254,4f:bb:00:00:02:0f,21.5625,57.5625,False,87.26470588235294,2975426.0
2026-06-13 17:10:29.083226,4f:bb:00:00:02:0f,21.6875,57.625,False,87.26470588235294,2976685.5
2026-06-13 17:31:29.192446,4f:bb:00:00:02:0f,21.75,57.625,False,87.26470588235294,2977947.0
2026-06-13 17:52:29.209951,4f:bb:00:00:02:0f,21.8125,57.625,False,87.23529411764706,2979207.0
2026-06-13 18:13:29.299590,4f:bb:00:00:02:0f,21.875,57.625,False,87.26470588235294,2980469.0
2026-06-13 18:34:29.406701,4f:bb:00:00:02:0f,21.9375,57.8125,False,87.29411764705883,2981728.0
2026-06-13 18:55:29.546257,4f:bb:00:00:02:0f,21.9375,57.8125,False,87.26470588235294,2982988.0
2026-06-13 19:16:29.642218,4f:bb:00:00:02:0f,21.9375,57.8125,False,87.26470588235294,2984249.0
2026-06-13 19:37:29.693858,4f:bb:00:00:02:0f,21.9375,57.8125,False,87.26470588235294,2985508.0
2026-06-13 19:58:29.712175,4f:bb:00:00:02:0f,21.9375,57.8125,False,87.26470588235294,2986772.0
2026-06-13 20:19:29.816378,4f:bb:00:00:02:0f,21.875,57.5625,False,87.27941176470588,2988027.0
2026-06-13 20:40:29.922033,4f:bb:00:00:02:0f,21.875,57.5625,False,87.29411764705883,2989288.5
2026-06-13 21:01:30.005115,4f:bb:00:00:02:0f,21.875,57.5625,False,87.26470588235294,2990551.0
2026-06-13 21:22:30.092809,4f:bb:00:00:02:0f,21.8125,57.5625,False,87.26470588235294,2991809.0
2026-06-13 21:43:30.134864,4f:bb:00:00:02:0f,21.75,57.5,False,87.26470588235294,2993069.0
2026-06-13 22:04:30.175413,4f:bb:00:00:02:0f,21.6875,57.5,False,87.26470588235294,2994330.0
2026-06-13 22:25:30.263518,4f:bb:00:00:02:0f,21.625,57.5,False,87.26470588235294,2995589.0
2026-06-13 22:46:30.252314,4f:bb:00:00:02:0f,21.5625,57.4375,False,87.26470588235294,2996852.0
2026-06-13 23:07:30.286801,4f:bb:00:00:02:0f,21.5,57.375,False,87.26470588235294,2998111.5
2026-06-13 23:28:30.410211,4f:bb:00:00:02:0f,21.4375,57.375,False,87.26470588235294,2999372.0
2026-06-13 23:49:30.483371,4f:bb:00:00:02:0f,21.375,57.3125,False,87.23529411764706,3000630.0
2026-06-14 00:10:30.577248,4f:bb:00:00:02:0f,21.3125,57.25,False,87.26470588235294,3001891.0
2026-06-14 00:31:30.591234,4f:bb:00:00:02:0f,21.25,57.1875,False,87.26470588235294,3003151.0
2026-06-14 00:52:30.693560,4f:bb:00:00:02:0f,21.125,57.125,False,87.26470588235294,3004408.0
2026-06-14 01:13:30.807289,4f:bb:00:00:02:0f,21.0625,57.125,False,87.25,3005671.5
2026-06-14 01:34:30.820237,4f:bb:00:00:02:0f,20.9375,56.8125,False,87.23529411764706,3006932.0
2026-06-14 01:55:30.926715,4f:bb:00:00:02:0f,20.875,56.75,False,87.23529411764706,3008191.0
2026-06-14 02:16:31.043234,4f:bb:00:00:02:0f,20.75,56.75,False,87.23529411764706,3009452.0
2026-06-14 02:37:31.153243,4f:bb:00:00:02:0f,20.6875,56.6875,False,87.23529411764706,3010711.0
2026-06-14 02:58:31.216004,4f:bb:00:00:02:0f,20.5625,56.625,False,87.23529411764706,3011974.5
2026-06-14 03:19:31.257478,4f:bb:00:00:02:0f,20.4375,56.5625,False,87.20588235294117,3013230.0
2026-06-14 03:40:31.312430,4f:bb:00:00:02:0f,20.3125,56.5,False,87.23529411764706,3014493.0
2026-06-14 04:01:31.415629,4f:bb:00:00:02:0f,20.25,56.5,False,87.23529411764706,3015752.5
2026-06-14 04:22:31.501955,4f:bb:00:00:02:0f,20.125,56.25,False,87.20588235294117,3017012.0
2026-06-14 04:43:31.591341,4f:bb:00:00:02:0f,20.0,56.1875,False,87.19117647058823,3018276.0
2026-06-14 05:04:31.632149,4f:bb:00:00:02:0f,19.875,56.125,False,87.20588235294117,3019531.5
2026-06-14 05:25:31.637432,4f:bb:00:00:02:0f,19.8125,56.125,False,87.17647058823529,3020795.0
2026-06-14 05:46:31.692278,4f:bb:00:00:02:0f,19.6875,56.0625,False,87.20588235294117,3022051.0
2026-06-14 06:07:31.771359,4f:bb:00:00:02:0f,19.625,56.0625,False,87.1470588235294,3023312.0
2026-06-14 06:28:31.869925,4f:bb:00:00:02:0f,19.5,56.0625,False,87.1470588235294,3024583.5
2026-06-14 06:49:31.918426,4f:bb:00:00:02:0f,19.4375,56.125,False,87.11764705882354,3025833.5
2026-06-14 07:10:32.017505,4f:bb:00:00:02:0f,19.375,56.125,False,87.11764705882354,3027094.5
2026-06-14 07:31:32.126821,4f:bb:00:00:02:0f,19.3125,55.9375,False,87.11764705882354,3028352.0
2026-06-14 07:52:32.192547,4f:bb:00:00:02:0f,19.3125,55.9375,False,87.11764705882354,3029614.5
2026-06-14 08:13:32.284391,4f:bb:00:00:02:0f,19.25,56.0,False,87.08823529411765,3030873.0
2026-06-14 08:34:32.396795,4f:bb:00:00:02:0f,19.3125,56.0625,False,87.08823529411765,3032133.0
2026-06-14 08:55:32.484939,4f:bb:00:00:02:0f,19.375,56.375,False,87.08823529411765,3033393.0
2026-06-14 09:16:32.591332,4f:bb:00:00:02:0f,19.4375,56.4375,False,87.08823529411765,3034654.0
2026-06-14 09:37:32.622680,4f:bb:00:00:02:0f,19.5,56.5,False,87.08823529411765,3035916.0
2026-06-14 09:58:32.733673,4f:bb:00:00:02:0f,19.625,56.5,False,87.05882352941177,3037172.0
2026-06-14 10:19:32.816071,4f:bb:00:00:02:0f,19.6875,56.5,False,87.08823529411765,3038434.0
2026-06-14 10:40:32.804031,4f:bb:00:00:02:0f,19.75,56.5,False,87.08823529411765,3039694.0
2026-06-14 11:01:32.913521,4f:bb:00:00:02:0f,19.84375,56.5,False,87.05882352941177,3040954.5
2026-06-14 11:22:33.005991,4f:bb:00:00:02:0f,19.875,56.5,False,87.08823529411765,3042214.5
2026-06-14 11:43:33.099750,4f:bb:00:00:02:0f,20.0,56.5625,False,87.05882352941177,3043475.0
2026-06-14 12:04:33.164713,4f:bb:00:00:02:0f,20.125,56.625,False,87.08823529411765,3044735.0
2026-06-14 12:25:33.269406,4f:bb:00:00:02:0f,20.25,56.8125,False,87.08823529411765,3045995.0
2026-06-14 12:46:33.302590,4f:bb:00:00:02:0f,20.3125,56.8125,False,87.08823529411765,3047257.5
2026-06-14 13:07:33.400222,4f:bb:00:00:02:0f,20.4375,56.8125,False,87.05882352941177,3048516.0
2026-06-14 13:28:33.499018,4f:bb:00:00:02:0f,20.5,56.8125,False,87.08823529411765,3049776.0
2026-06-14 13:49:33.521205,4f:bb:00:00:02:0f,20.5625,56.8125,False,87.08823529411765,3051038.0
2026-06-14 14:10:33.527491,4f:bb:00:00:02:0f,20.625,56.875,False,87.08823529411765,3052297.0
2026-06-14 14:31:33.623399,4f:bb:00:00:02:0f,20.6875,56.875,False,87.08823529411765,3053554.0
2026-06-14 14:52:33.723978,4f:bb:00:00:02:0f,20.8125,56.9375,False,87.08823529411765,3054817.0
2026-06-14 15:13:33.735135,4f:bb:00:00:02:0f,20.875,56.9375,False,87.11764705882354,3056077.5
2026-06-14 15:34:33.796881,4f:bb:00:00:02:0f,20.9375,56.9375,False,87.08823529411765,3057335.5
2026-06-14 15:55:33.879102,4f:bb:00:00:02:0f,21.0,57.0,False,87.1029411764706,3058596.0
2026-06-14 16:16:33.916920,4f:bb:00:00:02:0f,21.0625,57.25,False,87.11764705882354,3059857.0
2026-06-14 16:37:34.014964,4f:bb:00:00:02:0f,21.125,57.25,False,87.08823529411765,3061117.0
2026-06-14 16:58:34.111381,4f:bb:00:00:02:0f,21.1875,57.3125,False,87.11764705882354,3062377.0
2026-06-14 17:19:34.233886,4f:bb:00:00:02:0f,21.25,57.3125,False,87.11764705882354,3063637.0
2026-06-14 17:40:34.302481,4f:bb:00:00:02:0f,21.3125,57.3125,False,87.11764705882354,3064898.0
2026-06-14 18:01:34.290088,4f:bb:00:00:02:0f,21.3125,57.3125,False,87.11764705882354,3066159.0
2026-06-14 18:22:34.426386,4f:bb:00:00:02:0f,21.375,57.3125,False,87.11764705882354,3067416.0
2026-06-14 18:43:34.468283,4f:bb:00:00:02:0f,21.4375,57.375,False,87.1470588235294,3068678.0
2026-06-14 19:04:34.498669,4f:bb:00:00:02:0f,21.4375,57.375,False,87.11764705882354,3069937.0
2026-06-14 19:25:34.593572,4f:bb:00:00:02:0f,21.5,57.375,False,87.11764705882354,3071198.0
2026-06-14 19:46:34.658100,4f:bb:00:00:02:0f,21.5625,57.375,False,87.08823529411765,3072461.0
2026-06-14 20:07:34.743074,4f:bb:00:00:02:0f,21.5625,57.375,False,87.11764705882354,3073719.0
2026-06-14 20:28:34.804180,4f:bb:00:00:02:0f,21.625,57.375,False,87.1470588235294,3074979.0
2026-06-14 20:49:34.912173,4f:bb:00:00:02:0f,21.625,57.375,False,87.1470588235294,3076238.0
2026-06-14 21:10:35.059429,4f:bb:00:00:02:0f,21.5625,57.375,False,87.1470588235294,3077500.0
2026-06-14 21:31:35.053891,4f:bb:00:00:02:0f,21.5625,57.375,False,87.1470588235294,3078758.5
2026-06-14 21:52:35.095412,4f:bb:00:00:02:0f,21.5625,57.375,False,87.17647058823529,3080022.0
2026-06-14 22:13:35.190777,4f:bb:00:00:02:0f,21.5,57.3125,False,87.20588235294117,3081277.5
2026-06-14 22:34:35.229680,4f:bb:00:00:02:0f,21.4375,57.3125,False,87.1470588235294,3082540.0
2026-06-14 22:55:35.313550,4f:bb:00:00:02:0f,21.4375,57.3125,False,87.17647058823529,3083799.0
2026-06-14 23:16:35.381478,4f:bb:00:00:02:0f,21.375,57.3125,False,87.17647058823529,3085060.0
2026-06-14 23:37:35.440293,4f:bb:00:00:02:0f,21.3125,57.3125,False,87.17647058823529,3086318.0
2026-06-14 23:58:35.552573,4f:bb:00:00:02:0f,21.3125,57.25,False,87.11764705882354,3087581.0
2026-06-15 00:19:35.629357,4f:bb:00:00:02:0f,21.25,57.25,False,87.1470588235294,3088841.0
2026-06-15 00:40:35.724211,4f:bb:00:00:02:0f,21.1875,57.1875,False,87.1470588235294,3090097.5
2026-06-15 01:01:35.719336,4f:bb:00:00:02:0f,21.125,57.125,False,87.1470588235294,3091362.5
2026-06-15 01:22:35.723653,4f:bb:00:00:02:0f,21.0625,57.0625,False,87.1470588235294,3092619.0
2026-06-15 01:43:35.847183,4f:bb:00:00:02:0f,21.0,56.8125,False,87.17647058823529,3093881.0
2026-06-15 02:04:35.929759,4f:bb:00:00:02:0f,20.875,56.75,False,87.1470588235294,3095140.0
2026-06-15 02:25:36.015407,4f:bb:00:00:02:0f,20.8125,56.6875,False,87.1470588235294,3096403.0
2026-06-15 02:46:35.996294,4f:bb:00:00:02:0f,20.75,56.6875,False,87.1470588235294,3097658.0
2026-06-15 03:07:36.131735,4f:bb:00:00:02:0f,20.6875,56.625,False,87.11764705882354,3098920.5
2026-06-15 03:28:36.124549,4f:bb:00:00:02:0f,20.5625,56.5625,False,87.1470588235294,3100183.0
2026-06-15 03:49:36.220700,4f:bb:00:00:02:0f,20.4375,56.5,False,87.11764705882354,3101442.0
2026-06-15 04:10:36.328378,4f:bb:00:00:02:0f,20.375,56.4375,False,87.11764705882354,3102700.0
2026-06-15 04:31:36.407855,4f:bb:00:00:02:0f,20.25,56.375,False,87.11764705882354,3103962.0
2026-06-15 04:52:36.456076,4f:bb:00:00:02:0f,20.1875,56.125,False,87.08823529411765,3105223.0
2026-06-15 05:13:36.503705,4f:bb:00:00:02:0f,20.0625,56.125,False,87.08823529411765,3106480.0
2026-06-15 05:34:36.623128,4f:bb:00:00:02:0f,19.9375,56.0625,False,87.08823529411765,3107740.5
2026-06-15 05:55:36.718652,4f:bb:00:00:02:0f,19.875,56.0625,False,87.05882352941177,3109003.0
2026-06-15 06:16:36.741761,4f:bb:00:00:02:0f,19.75,56.0625,False,87.05882352941177,3110264.0
2026-06-15 06:37:36.782423,4f:bb:00:00:02:0f,19.6875,56.0625,False,87.05882352941177,3111521.0
2026-06-15 06:58:36.885011,4f:bb:00:00:02:0f,19.625,56.0625,False,87.05882352941177,3112784.0
2026-06-15 07:19:36.996820,4f:bb:00:00:02:0f,19.5625,56.0625,False,87.05882352941177,3114042.0
2026-06-15 07:40:37.039836,4f:bb:00:00:02:0f,19.5,56.0625,False,87.05882352941177,3115304.0
2026-06-15 08:01:37.150022,4f:bb:00:00:02:0f,19.5,56.0625,False,87.05882352941177,3116564.0
2026-06-15 08:22:37.201037,4f:bb:00:00:02:0f,19.4375,56.0625,False,87.05882352941177,3117820.0
2026-06-15 08:43:37.179350,4f:bb:00:00:02:0f,19.375,56.0625,False,87.02941176470588,3119081.0
2026-06-15 09:04:37.318076,4f:bb:00:00:02:0f,19.3125,55.8125,False,87.02941176470588,3120344.0
2026-06-15 09:25:37.394495,4f:bb:00:00:02:0f,19.25,55.8125,False,87.02941176470588,3121601.0
2026-06-15 09:46:37.518743,4f:bb:00:00:02:0f,19.25,55.8125,False,87.02941176470588,3122865.0
2026-06-15 10:07:37.497815,4f:bb:00:00:02:0f,19.1875,55.8125,False,87.0,3124124.0
2026-06-15 10:28:37.503743,4f:bb:00:00:02:0f,19.1875,55.8125,False,87.01470588235294,3125383.0
2026-06-15 10:49:37.617338,4f:bb:00:00:02:0f,19.125,55.8125,False,86.97058823529412,3126645.0
2026-06-15 11:10:37.720859,4f:bb:00:00:02:0f,19.125,55.8125,False,87.02941176470588,3127906.5
2026-06-15 11:31:37.781084,4f:bb:00:00:02:0f,19.0625,55.8125,False,87.0,3129164.0
2026-06-15 11:52:37.882171,4f:bb:00:00:02:0f,19.0625,55.8125,False,87.0,3130425.0
2026-06-15 12:13:37.970369,4f:bb:00:00:02:0f,19.0,55.8125,False,86.97058823529412,3131687.0
2026-06-15 12:34:38.021931,4f:bb:00:00:02:0f,19.0,55.8125,False,87.0,3132945.0
2026-06-15 12:55:38.071744,4f:bb:00:00:02:0f,19.0,55.8125,False,86.97058823529412,3134207.0
2026-06-15 13:16:38.161592,4f:bb:00:00:02:0f,18.9375,55.8125,False,86.97058823529412,3135463.0
2026-06-15 13:37:38.236629,4f:bb:00:00:02:0f,18.9375,55.8125,False,86.97058823529412,3136723.5
2026-06-15 13:58:38.254999,4f:bb:00:00:02:0f,18.9375,55.8125,False,86.97058823529412,3137985.0
2026-06-15 14:19:38.345234,4f:bb:00:00:02:0f,18.875,55.875,False,86.97058823529412,3139245.0
2026-06-15 14:40:38.436973,4f:bb:00:00:02:0f,18.875,55.875,False,86.97058823529412,3140504.0
2026-06-15 15:01:38.574510,4f:bb:00:00:02:0f,18.9375,55.875,False,86.97058823529412,3141766.0
2026-06-15 15:22:38.571211,4f:bb:00:00:02:0f,18.9375,55.9375,False,86.97058823529412,3143023.5
2026-06-15 15:43:38.668875,4f:bb:00:00:02:0f,19.0,56.0,False,86.94117647058823,3144286.5
2026-06-15 16:04:38.753349,4f:bb:00:00:02:0f,19.0625,56.0,False,86.97058823529412,3145546.0
2026-06-15 16:25:38.788658,4f:bb:00:00:02:0f,19.125,56.0,False,86.94117647058823,3146804.5
2026-06-15 16:46:38.898568,4f:bb:00:00:02:0f,19.1875,56.0,False,86.94117647058823,3148064.0
2026-06-15 17:07:38.922238,4f:bb:00:00:02:0f,19.25,56.0,False,86.94117647058823,3149326.5
2026-06-15 17:28:39.024402,4f:bb:00:00:02:0f,19.25,56.0,False,86.94117647058823,3150585.0
2026-06-15 17:49:39.118430,4f:bb:00:00:02:0f,19.3125,56.0625,False,86.94117647058823,3151848.0
2026-06-15 18:10:39.218499,4f:bb:00:00:02:0f,19.375,56.3125,False,86.97058823529412,3153107.5
2026-06-15 18:31:39.363770,4f:bb:00:00:02:0f,19.4375,56.3125,False,86.94117647058823,3154366.0
2026-06-15 18:52:39.392493,4f:bb:00:00:02:0f,19.5,56.3125,False,86.97058823529412,3155627.0
2026-06-15 19:13:39.491566,4f:bb:00:00:02:0f,19.5,56.3125,False,86.97058823529412,3156884.0
2026-06-15 19:34:39.604515,4f:bb:00:00:02:0f,19.5,56.3125,False,86.95588235294117,3158148.0
2026-06-15 19:55:39.704051,4f:bb:00:00:02:0f,19.5625,56.3125,False,86.97058823529412,3159409.0
2026-06-15 20:16:39.774395,4f:bb:00:00:02:0f,19.5625,56.3125,False,86.97058823529412,3160669.0
2026-06-15 20:37:39.873015,4f:bb:00:00:02:0f,19.5625,56.3125,False,86.94117647058823,3161927.0
2026-06-15 20:58:39.886241,4f:bb:00:00:02:0f,19.5,56.3125,False,86.97058823529412,3163189.5
2026-06-15 21:19:39.974487,4f:bb:00:00:02:0f,19.5,56.3125,False,86.97058823529412,3164448.0
2026-06-15 21:40:40.069743,4f:bb:00:00:02:0f,19.5,56.3125,False,86.94117647058823,3165709.5
2026-06-15 22:01:40.174373,4f:bb:00:00:02:0f,19.4375,56.3125,False,86.97058823529412,3166966.0
2026-06-15 22:22:40.271495,4f:bb:00:00:02:0f,19.4375,56.3125,False,86.97058823529412,3168227.0
2026-06-15 22:43:40.333936,4f:bb:00:00:02:0f,19.375,56.25,False,86.94117647058823,3169489.0
2026-06-15 23:04:40.442213,4f:bb:00:00:02:0f,19.375,56.25,False,86.94117647058823,3170749.0
2026-06-15 23:25:40.528973,4f:bb:00:00:02:0f,19.375,56.25,False,86.94117647058823,3172009.0
2026-06-15 23:46:40.581667,4f:bb:00:00:02:0f,19.3125,56.0,False,86.94117647058823,3173269.0
2026-06-16 00:07:40.626313,4f:bb:00:00:02:0f,19.25,56.0,False,86.94117647058823,3174529.5
2026-06-16 00:28:40.708386,4f:bb:00:00:02:0f,19.1875,56.0,False,86.94117647058823,3175788.0
2026-06-16 00:49:40.801939,4f:bb:00:00:02:0f,19.1875,55.9375,False,86.97058823529412,3177050.0
2026-06-16 01:10:40.901947,4f:bb:00:00:02:0f,19.125,55.9375,False,86.94117647058823,3178311.0
2026-06-16 01:31:41.005144,4f:bb:00:00:02:0f,19.0625,55.875,False,86.94117647058823,3179569.0
2026-06-16 01:52:40.990057,4f:bb:00:00:02:0f,19.0625,55.875,False,86.91176470588235,3180831.0
2026-06-16 02:13:41.111808,4f:bb:00:00:02:0f,19.0,55.875,False,86.94117647058823,3182090.0
2026-06-16 02:34:41.211069,4f:bb:00:00:02:0f,18.9375,55.875,False,86.91176470588235,3183349.0
2026-06-16 02:55:41.289493,4f:bb:00:00:02:0f,18.875,55.8125,False,86.91176470588235,3184611.0
2026-06-16 03:16:41.374253,4f:bb:00:00:02:0f,18.875,55.8125,False,86.91176470588235,3185870.0
2026-06-16 03:37:41.493891,4f:bb:00:00:02:0f,18.8125,55.8125,False,86.91176470588235,3187130.0
2026-06-16 03:58:41.575837,4f:bb:00:00:02:0f,18.75,55.75,False,86.91176470588235,3188392.0
2026-06-16 04:19:41.595193,4f:bb:00:00:02:0f,18.6875,55.75,False,86.91176470588235,3189650.0
2026-06-16 04:40:41.680727,4f:bb:00:00:02:0f,18.625,55.75,False,86.88235294117646,3190910.0
2026-06-16 05:01:41.725587,4f:bb:00:00:02:0f,18.625,55.75,False,86.91176470588235,3192171.0
2026-06-16 05:22:41.737444,4f:bb:00:00:02:0f,18.5625,55.75,False,86.88235294117646,3193429.0
2026-06-16 05:43:41.847213,4f:bb:00:00:02:0f,18.5,55.75,False,86.88235294117646,3194692.0
2026-06-16 06:04:41.867760,4f:bb:00:00:02:0f,18.5,55.5,False,86.88235294117646,3195949.5
2026-06-16 06:25:41.963156,4f:bb:00:00:02:0f,18.4375,55.5,False,86.8529411764706,3197210.0
2026-06-16 06:46:42.068444,4f:bb:00:00:02:0f,18.375,55.5,False,86.8529411764706,3198472.0
2026-06-16 07:07:42.154992,4f:bb:00:00:02:0f,18.375,55.5,False,86.8529411764706,3199731.0
2026-06-16 07:28:42.150717,4f:bb:00:00:02:0f,18.3125,55.5,False,86.8529411764706,3200992.0
2026-06-16 07:49:42.223976,4f:bb:00:00:02:0f,18.3125,55.5,False,86.8529411764706,3202254.0
2026-06-16 08:10:42.278018,4f:bb:00:00:02:0f,18.3125,55.5,False,86.8529411764706,3203510.5
2026-06-16 08:31:42.350160,4f:bb:00:00:02:0f,18.25,55.5625,False,86.8529411764706,3204773.0
2026-06-16 08:52:42.493546,4f:bb:00:00:02:0f,18.25,55.5625,False,86.8529411764706,3206032.0
2026-06-16 09:13:42.574057,4f:bb:00:00:02:0f,18.25,55.5625,False,86.82352941176471,3207294.0
2026-06-16 09:34:42.669411,4f:bb:00:00:02:0f,18.3125,55.625,False,86.80882352941177,3208553.5
2026-06-16 09:55:42.665438,4f:bb:00:00:02:0f,18.3125,55.625,False,86.79411764705883,3209814.0
2026-06-16 10:16:42.785490,4f:bb:00:00:02:0f,18.3125,55.625,False,86.79411764705883,3211075.5
2026-06-16 10:37:42.782920,4f:bb:00:00:02:0f,18.375,55.625,False,86.79411764705883,3212334.0
2026-06-16 10:58:42.833883,4f:bb:00:00:02:0f,18.375,55.6875,False,86.79411764705883,3213596.0
2026-06-16 11:19:42.990991,4f:bb:00:00:02:0f,18.375,55.6875,False,86.79411764705883,3214852.0
2026-06-16 11:40:43.016498,4f:bb:00:00:02:0f,18.4375,55.75,False,86.82352941176471,3216116.0
2026-06-16 12:01:43.141268,4f:bb:00:00:02:0f,18.5,56.0,False,86.79411764705883,3217373.0
2026-06-16 12:22:43.204748,4f:bb:00:00:02:0f,18.625,56.125,False,86.79411764705883,3218633.0
2026-06-16 12:43:43.215174,4f:bb:00:00:02:0f,18.8125,56.125,False,86.82352941176471,3219895.5
2026-06-16 13:04:43.239700,4f:bb:00:00:02:0f,19.0,56.1875,False,86.82352941176471,3221153.0
2026-06-16 13:25:43.359233,4f:bb:00:00:02:0f,19.125,56.1875,False,86.82352941176471,3222412.0
2026-06-16 13:46:43.438595,4f:bb:00:00:02:0f,19.3125,56.1875,False,86.8529411764706,3223675.0
2026-06-16 14:07:43.516253,4f:bb:00:00:02:0f,19.4375,56.4375,False,86.8529411764706,3224935.5
2026-06-16 14:28:43.597243,4f:bb:00:00:02:0f,19.625,56.5,False,86.82352941176471,3226193.0
2026-06-16 14:49:43.690082,4f:bb:00:00:02:0f,19.75,56.5625,False,86.8529411764706,3227456.0
2026-06-16 15:10:43.740350,4f:bb:00:00:02:0f,19.9375,56.5625,False,86.8529411764706,3228715.0
2026-06-16 15:31:43.731944,4f:bb:00:00:02:0f,20.0625,56.625,False,86.8529411764706,3229974.0
2026-06-16 15:52:43.841799,4f:bb:00:00:02:0f,20.25,56.875,False,86.88235294117646,3231235.5
2026-06-16 16:13:43.854182,4f:bb:00:00:02:0f,20.4375,56.9375,False,86.88235294117646,3232493.0
2026-06-16 16:34:43.871171,4f:bb:00:00:02:0f,20.5625,57.0,False,86.91176470588235,3233755.0
2026-06-16 16:55:43.936607,4f:bb:00:00:02:0f,20.75,57.0625,False,86.91176470588235,3235021.0
2026-06-16 17:16:43.998209,4f:bb:00:00:02:0f,20.9375,57.1875,False,86.94117647058823,3236278.0
2026-06-16 17:37:44.072919,4f:bb:00:00:02:0f,21.125,57.4375,False,86.94117647058823,3237538.0
2026-06-16 17:58:44.177798,4f:bb:00:00:02:0f,21.3125,57.4375,False,86.94117647058823,3238795.5
2026-06-16 18:19:44.266514,4f:bb:00:00:02:0f,21.4375,57.5,False,86.97058823529412,3240058.0
2026-06-16 18:40:44.390885,4f:bb:00:00:02:0f,21.5625,57.5625,False,86.97058823529412,3241318.0
2026-06-16 19:01:44.393657,4f:bb:00:00:02:0f,21.6875,57.5625,False,86.97058823529412,3242575.5
2026-06-16 19:22:44.462679,4f:bb:00:00:02:0f,21.75,57.625,False,86.97058823529412,3243839.0
2026-06-16 19:43:44.566759,4f:bb:00:00:02:0f,21.875,57.625,False,86.97058823529412,3245095.0
2026-06-16 20:04:44.658049,4f:bb:00:00:02:0f,21.9375,57.875,False,87.0,3246358.0
2026-06-16 20:25:44.764453,4f:bb:00:00:02:0f,22.0,57.9375,False,87.0,3247618.5
2026-06-16 20:46:44.765981,4f:bb:00:00:02:0f,22.0,57.9375,False,87.02941176470588,3248875.5
2026-06-16 21:07:44.774629,4f:bb:00:00:02:0f,22.0625,57.9375,False,87.02941176470588,3250137.5
2026-06-16 21:28:44.835744,4f:bb:00:00:02:0f,22.125,58.0,False,87.02941176470588,3251396.0
2026-06-16 21:49:44.952172,4f:bb:00:00:02:0f,22.125,58.0,False,87.02941176470588,3252655.5
2026-06-16 22:10:45.017869,4f:bb:00:00:02:0f,22.125,58.0,False,87.02941176470588,3253918.5
2026-06-16 22:31:45.111587,4f:bb:00:00:02:0f,22.125,58.0,False,87.05882352941177,3255177.0
2026-06-16 22:52:45.201291,4f:bb:00:00:02:0f,22.125,58.0625,False,87.08823529411765,3256439.0
2026-06-16 23:13:45.260035,4f:bb:00:00:02:0f,22.125,58.0625,False,87.05882352941177,3257701.5
2026-06-16 23:34:45.373552,4f:bb:00:00:02:0f,22.125,58.0625,False,87.05882352941177,3258958.5
2026-06-16 23:55:45.429177,4f:bb:00:00:02:0f,22.125,58.0625,False,87.05882352941177,3260219.0
2026-06-17 00:16:45.474958,4f:bb:00:00:02:0f,22.125,58.0625,False,87.05882352941177,3261479.0
2026-06-17 00:37:45.500106,4f:bb:00:00:02:0f,22.125,58.0625,False,87.08823529411765,3262738.5
2026-06-17 00:58:45.602435,4f:bb:00:00:02:0f,22.125,58.0625,False,87.08823529411765,3263998.5
2026-06-17 01:19:45.701430,4f:bb:00:00:02:0f,22.125,58.0625,False,87.08823529411765,3265259.0
2026-06-17 01:40:45.749940,4f:bb:00:00:02:0f,22.0625,58.0625,False,87.08823529411765,3266518.5
2026-06-17 02:01:45.824799,4f:bb:00:00:02:0f,22.0625,58.0625,False,87.08823529411765,3267780.0
2026-06-17 02:22:45.948646,4f:bb:00:00:02:0f,22.0,58.0625,False,87.08823529411765,3269039.0
2026-06-17 02:43:45.997986,4f:bb:00:00:02:0f,22.0,58.0625,False,87.08823529411765,3270298.5
2026-06-17 03:04:46.151030,4f:bb:00:00:02:0f,21.9375,58.0,False,87.08823529411765,3271562.0
2026-06-17 03:25:46.218583,4f:bb:00:00:02:0f,21.875,57.75,False,87.08823529411765,3272820.0
2026-06-17 03:46:46.288886,4f:bb:00:00:02:0f,21.875,57.75,False,87.08823529411765,3274081.5
2026-06-17 04:07:46.423369,4f:bb:00:00:02:0f,21.8125,57.75,False,87.11764705882354,3275341.5
2026-06-17 04:28:46.533463,4f:bb:00:00:02:0f,21.75,57.75,False,87.08823529411765,3276601.0
2026-06-17 04:49:46.526124,4f:bb:00:00:02:0f,21.75,57.6875,False,87.11764705882354,3277859.0
2026-06-17 05:10:46.619586,4f:bb:00:00:02:0f,21.6875,57.6875,False,87.11764705882354,3279119.0
2026-06-17 05:31:46.648963,4f:bb:00:00:02:0f,21.625,57.6875,False,87.11764705882354,3280379.0
2026-06-17 05:52:46.757107,4f:bb:00:00:02:0f,21.5625,57.625,False,87.08823529411765,3281640.0
2026-06-17 06:13:46.815911,4f:bb:00:00:02:0f,21.5625,57.625,False,87.08823529411765,3282900.0
2026-06-17 06:34:46.875676,4f:bb:00:00:02:0f,21.5,57.5625,False,87.08823529411765,3284161.0
2026-06-17 06:55:46.991884,4f:bb:00:00:02:0f,21.4375,57.5625,False,87.11764705882354,3285426.0
2026-06-17 07:16:47.085783,4f:bb:00:00:02:0f,21.4375,57.5625,False,87.08823529411765,3286681.0
2026-06-17 07:37:47.177443,4f:bb:00:00:02:0f,21.375,57.5625,False,87.08823529411765,3287941.0
2026-06-17 07:58:47.232364,4f:bb:00:00:02:0f,21.3125,57.5625,False,87.08823529411765,3289201.0
2026-06-17 08:19:47.346498,4f:bb:00:00:02:0f,21.3125,57.5625,False,87.08823529411765,3290462.0
2026-06-17 08:40:47.431040,4f:bb:00:00:02:0f,21.3125,57.5625,False,87.11764705882354,3291722.0
2026-06-17 09:01:47.477276,4f:bb:00:00:02:0f,21.25,57.5625,False,87.08823529411765,3292985.0
2026-06-17 09:22:47.555855,4f:bb:00:00:02:0f,21.25,57.625,False,87.11764705882354,3294242.0
2026-06-17 09:43:47.617351,4f:bb:00:00:02:0f,21.25,57.625,False,87.11764705882354,3295501.0
2026-06-17 10:04:47.700360,4f:bb:00:00:02:0f,21.25,57.625,False,87.1029411764706,3296764.0
2026-06-17 10:25:47.795452,4f:bb:00:00:02:0f,21.3125,57.75,False,87.08823529411765,3298023.5
2026-06-17 10:46:47.906298,4f:bb:00:00:02:0f,21.4375,57.875,False,87.11764705882354,3299281.0
2026-06-17 11:07:47.966235,4f:bb:00:00:02:0f,21.5625,58.0,False,87.11764705882354,3300545.0
2026-06-17 11:28:48.058848,4f:bb:00:00:02:0f,21.75,58.0625,False,87.11764705882354,3301803.0
2026-06-17 11:49:48.117552,4f:bb:00:00:02:0f,21.9375,58.3125,False,87.11764705882354,3303063.0
2026-06-17 12:10:48.135622,4f:bb:00:00:02:0f,22.125,58.25,False,87.11764705882354,3304324.5
2026-06-17 12:31:48.218745,4f:bb:00:00:02:0f,22.25,58.3125,False,87.1470588235294,3305583.0
2026-06-17 12:52:48.311220,4f:bb:00:00:02:0f,22.375,58.3125,False,87.1470588235294,3306844.5
2026-06-17 13:13:48.358008,4f:bb:00:00:02:0f,22.5,58.3125,False,87.16176470588235,3308103.0
2026-06-17 13:34:48.483320,4f:bb:00:00:02:0f,22.5625,58.3125,False,87.16176470588235,3309361.5
2026-06-17 13:55:48.553600,4f:bb:00:00:02:0f,22.6875,58.375,False,87.17647058823529,3310624.0
2026-06-17 14:16:48.608154,4f:bb:00:00:02:0f,22.8125,58.625,False,87.17647058823529,3311883.5
2026-06-17 14:37:48.697351,4f:bb:00:00:02:0f,22.875,58.625,False,87.1470588235294,3313145.0
2026-06-17 14:58:48.743735,4f:bb:00:00:02:0f,23.0,58.6875,False,87.1470588235294,3314404.0
2026-06-17 15:19:48.836642,4f:bb:00:00:02:0f,23.125,58.75,False,87.11764705882354,3315665.0
2026-06-17 15:40:48.885477,4f:bb:00:00:02:0f,23.1875,58.78125,False,87.11764705882354,3316924.5
2026-06-17 16:01:48.970760,4f:bb:00:00:02:0f,23.25,58.8125,False,87.08823529411765,3318184.0
2026-06-17 16:22:49.093411,4f:bb:00:00:02:0f,23.375,58.875,False,87.08823529411765,3319443.0
2026-06-17 16:43:49.181156,4f:bb:00:00:02:0f,23.5,58.875,False,87.1470588235294,3320707.0
2026-06-17 17:04:49.277941,4f:bb:00:00:02:0f,23.5625,58.9375,False,87.17647058823529,3321965.0
2026-06-17 17:25:49.345836,4f:bb:00:00:02:0f,23.65625,59.125,False,87.23529411764706,3323226.0
2026-06-17 17:46:49.461881,4f:bb:00:00:02:0f,23.75,59.1875,False,87.29411764705883,3324486.5
2026-06-17 18:07:49.453023,4f:bb:00:00:02:0f,23.75,59.25,False,87.32352941176471,3325747.0
2026-06-17 18:28:49.573472,4f:bb:00:00:02:0f,23.8125,59.25,False,87.29411764705883,3327007.0
2026-06-17 18:49:49.613855,4f:bb:00:00:02:0f,23.875,59.25,False,87.29411764705883,3328268.0
2026-06-17 19:10:49.710012,4f:bb:00:00:02:0f,23.9375,59.3125,False,87.29411764705883,3329524.5
2026-06-17 19:31:49.745542,4f:bb:00:00:02:0f,23.9375,59.3125,False,87.29411764705883,3330787.0
2026-06-17 19:52:49.851477,4f:bb:00:00:02:0f,24.0,59.3125,False,87.29411764705883,3332048.0
2026-06-17 20:13:49.879089,4f:bb:00:00:02:0f,24.0,59.3125,False,87.29411764705883,3333305.0
2026-06-17 20:34:49.999742,4f:bb:00:00:02:0f,24.0,59.3125,False,87.29411764705883,3334567.5
2026-06-17 20:55:50.122179,4f:bb:00:00:02:0f,24.0,59.3125,False,87.29411764705883,3335824.0
2026-06-17 21:16:50.221823,4f:bb:00:00:02:0f,24.0,59.3125,False,87.29411764705883,3337088.0
2026-06-17 21:37:50.326268,4f:bb:00:00:02:0f,24.0,59.3125,False,87.32352941176471,3338345.0
2026-06-17 21:58:50.338625,4f:bb:00:00:02:0f,23.9375,59.3125,False,87.32352941176471,3339608.0
2026-06-17 22:19:50.431482,4f:bb:00:00:02:0f,23.9375,59.3125,False,87.29411764705883,3340866.0
2026-06-17 22:40:50.449966,4f:bb:00:00:02:0f,23.875,59.25,False,87.32352941176471,3342129.0
2026-06-17 23:01:50.511380,4f:bb:00:00:02:0f,23.875,59.25,False,87.3529411764706,3343387.5
2026-06-17 23:22:50.521923,4f:bb:00:00:02:0f,23.8125,59.25,False,87.3529411764706,3344645.0
2026-06-17 23:43:50.621467,4f:bb:00:00:02:0f,23.75,59.25,False,87.3529411764706,3345905.0
2026-06-18 00:04:50.677632,4f:bb:00:00:02:0f,23.6875,59.1875,False,87.38235294117646,3347168.0
2026-06-18 00:25:50.748077,4f:bb:00:00:02:0f,23.6875,59.1875,False,87.38235294117646,3348427.0
2026-06-18 00:46:50.807490,4f:bb:00:00:02:0f,23.625,59.125,False,87.3529411764706,3349690.0
2026-06-18 01:07:50.841422,4f:bb:00:00:02:0f,23.5625,58.875,False,87.38235294117646,3350947.5
2026-06-18 01:28:50.944062,4f:bb:00:00:02:0f,23.5,58.875,False,87.41176470588235,3352207.5
2026-06-18 01:49:51.047117,4f:bb:00:00:02:0f,23.4375,58.8125,False,87.38235294117646,3353470.5
2026-06-18 02:10:51.135125,4f:bb:00:00:02:0f,23.375,58.75,False,87.38235294117646,3354729.0
2026-06-18 02:31:51.241750,4f:bb:00:00:02:0f,23.3125,58.75,False,87.41176470588235,3355987.0
2026-06-18 02:52:51.341746,4f:bb:00:00:02:0f,23.25,58.6875,False,87.38235294117646,3357248.0
2026-06-18 03:13:51.360746,4f:bb:00:00:02:0f,23.125,58.625,False,87.41176470588235,3358510.0
2026-06-18 03:34:51.454144,4f:bb:00:00:02:0f,23.0625,58.5625,False,87.41176470588235,3359770.5
2026-06-18 03:55:51.536853,4f:bb:00:00:02:0f,23.0,58.5625,False,87.38235294117646,3361030.0
2026-06-18 04:16:51.641503,4f:bb:00:00:02:0f,22.9375,58.5,False,87.44117647058823,3362289.0
2026-06-18 04:37:51.675337,4f:bb:00:00:02:0f,22.875,58.4375,False,87.41176470588235,3363547.5
2026-06-18 04:58:51.726951,4f:bb:00:00:02:0f,22.75,58.375,False,87.38235294117646,3364811.0
2026-06-18 05:19:51.805373,4f:bb:00:00:02:0f,22.6875,58.125,False,87.38235294117646,3366070.0
2026-06-18 05:40:51.927980,4f:bb:00:00:02:0f,22.5625,58.125,False,87.3529411764706,3367331.0
2026-06-18 06:01:51.997756,4f:bb:00:00:02:0f,22.5,58.0625,False,87.38235294117646,3368587.0
2026-06-18 06:22:52.032486,4f:bb:00:00:02:0f,22.4375,58.0625,False,87.38235294117646,3369851.0
2026-06-18 06:43:52.142447,4f:bb:00:00:02:0f,22.375,58.0625,False,87.38235294117646,3371109.0
2026-06-18 07:04:52.226464,4f:bb:00:00:02:0f,22.25,58.0625,False,87.38235294117646,3372372.0
2026-06-18 07:25:52.322514,4f:bb:00:00:02:0f,22.1875,58.0625,False,87.41176470588235,3373632.0
2026-06-18 07:46:52.381006,4f:bb:00:00:02:0f,22.1875,58.0625,False,87.41176470588235,3374890.5
2026-06-18 08:07:52.409096,4f:bb:00:00:02:0f,22.125,58.0625,False,87.32352941176471,3376151.0
2026-06-18 08:28:52.500299,4f:bb:00:00:02:0f,22.0625,58.125,False,87.3529411764706,3377413.0
2026-06-18 08:49:52.601679,4f:bb:00:00:02:0f,22.0625,58.125,False,87.3529411764706,3378670.0
2026-06-18 09:10:52.698720,4f:bb:00:00:02:0f,22.0,58.125,False,87.38235294117646,3379933.0
2026-06-18 09:31:52.814431,4f:bb:00:00:02:0f,22.0,58.125,False,87.38235294117646,3381191.0
2026-06-18 09:52:52.882290,4f:bb:00:00:02:0f,22.0,58.1875,False,87.38235294117646,3382450.0
2026-06-18 10:13:52.923777,4f:bb:00:00:02:0f,22.0,58.1875,False,87.3529411764706,3383712.0
2026-06-18 10:34:53.004311,4f:bb:00:00:02:0f,22.0,58.25,False,87.38235294117646,3384971.0
2026-06-18 10:55:53.125989,4f:bb:00:00:02:0f,22.0,58.25,False,87.3529411764706,3386230.5
2026-06-18 11:16:53.229568,4f:bb:00:00:02:0f,22.0625,58.3125,False,87.38235294117646,3387493.5
2026-06-18 11:37:53.244870,4f:bb:00:00:02:0f,22.0625,58.3125,False,87.3529411764706,3388753.5
2026-06-18 11:58:53.380957,4f:bb:00:00:02:0f,22.125,58.375,False,87.38235294117646,3390010.5
2026-06-18 12:19:53.428360,4f:bb:00:00:02:0f,22.1875,58.4375,False,87.38235294117646,3391270.0
2026-06-18 12:40:53.513886,4f:bb:00:00:02:0f,22.3125,58.5,False,87.3529411764706,3392533.5
2026-06-18 13:01:53.585939,4f:bb:00:00:02:0f,22.4375,58.5625,False,87.38235294117646,3393792.0
2026-06-18 13:22:53.578744,4f:bb:00:00:02:0f,22.5625,58.5625,False,87.38235294117646,3395051.0
2026-06-18 13:43:53.633337,4f:bb:00:00:02:0f,22.6875,58.625,False,87.38235294117646,3396313.0
2026-06-18 14:04:53.737811,4f:bb:00:00:02:0f,22.8125,58.875,False,87.38235294117646,3397573.0
2026-06-18 14:25:53.824096,4f:bb:00:00:02:0f,22.9375,58.875,False,87.41176470588235,3398834.0
2026-06-18 14:46:53.932077,4f:bb:00:00:02:0f,23.125,58.9375,False,87.41176470588235,3400093.5
2026-06-18 15:07:53.981759,4f:bb:00:00:02:0f,23.25,58.9375,False,87.41176470588235,3401353.5
2026-06-18 15:28:54.087486,4f:bb:00:00:02:0f,23.375,59.0,False,87.3970588235294,3402615.0
2026-06-18 15:49:54.191032,4f:bb:00:00:02:0f,23.5,59.0,False,87.41176470588235,3403873.0
2026-06-18 16:10:54.278047,4f:bb:00:00:02:0f,23.5625,59.0,False,87.41176470588235,3405134.0
2026-06-18 16:31:54.422121,4f:bb:00:00:02:0f,23.6875,59.3125,False,87.41176470588235,3406396.0
2026-06-18 16:52:54.494697,4f:bb:00:00:02:0f,23.75,59.3125,False,87.41176470588235,3407655.5
2026-06-18 17:13:54.588031,4f:bb:00:00:02:0f,23.8125,59.375,False,87.41176470588235,3408914.0
2026-06-18 17:34:54.687610,4f:bb:00:00:02:0f,23.9375,59.375,False,87.44117647058823,3410176.5
2026-06-18 17:55:54.739957,4f:bb:00:00:02:0f,24.0,59.4375,False,87.41176470588235,3411434.0
2026-06-18 18:16:54.746741,4f:bb:00:00:02:0f,24.0625,59.5,False,87.44117647058823,3412695.0
2026-06-18 18:37:54.736089,4f:bb:00:00:02:0f,24.1875,59.5,False,87.47058823529412,3413955.0
2026-06-18 18:58:54.773463,4f:bb:00:00:02:0f,24.25,59.5625,False,87.47058823529412,3415211.0
2026-06-18 19:19:54.876690,4f:bb:00:00:02:0f,24.375,59.625,False,87.52941176470588,3416474.5
2026-06-18 19:40:54.981078,4f:bb:00:00:02:0f,24.4375,59.625,False,87.61764705882354,3417734.0
2026-06-18 20:01:55.078004,4f:bb:00:00:02:0f,24.5,59.875,False,87.6470588235294,3418994.5
2026-06-18 20:22:55.147947,4f:bb:00:00:02:0f,24.5625,59.875,False,87.6470588235294,3420256.0
2026-06-18 20:43:55.243764,4f:bb:00:00:02:0f,24.5625,59.875,False,87.6470588235294,3421515.0
2026-06-18 21:04:55.252243,4f:bb:00:00:02:0f,24.5625,59.875,False,87.67647058823529,3422774.0
2026-06-18 21:25:55.368622,4f:bb:00:00:02:0f,24.5625,59.875,False,87.67647058823529,3424037.0
2026-06-18 21:46:55.401461,4f:bb:00:00:02:0f,24.5625,59.875,False,87.67647058823529,3425296.0
2026-06-18 22:07:55.496235,4f:bb:00:00:02:0f,24.5625,59.875,False,87.67647058823529,3426556.5
2026-06-18 22:28:55.601241,4f:bb:00:00:02:0f,24.5,59.875,False,87.70588235294117,3427817.0
2026-06-18 22:49:55.689402,4f:bb:00:00:02:0f,24.5,59.8125,False,87.67647058823529,3429076.5
2026-06-18 23:10:55.752949,4f:bb:00:00:02:0f,24.4375,59.625,False,87.67647058823529,3430336.0
2026-06-18 23:31:55.836869,4f:bb:00:00:02:0f,24.375,59.5625,False,87.67647058823529,3431597.0
2026-06-18 23:52:55.872046,4f:bb:00:00:02:0f,24.375,59.5625,False,87.67647058823529,3432856.0
2026-06-19 00:13:55.904759,4f:bb:00:00:02:0f,24.3125,59.5625,False,87.67647058823529,3434119.0
2026-06-19 00:34:55.969910,4f:bb:00:00:02:0f,24.25,59.5625,False,87.67647058823529,3435380.0
2026-06-19 00:55:55.985635,4f:bb:00:00:02:0f,24.1875,59.5,False,87.70588235294117,3436637.0
2026-06-19 01:16:56.003700,4f:bb:00:00:02:0f,24.1875,59.5,False,87.67647058823529,3437896.5
2026-06-19 01:37:56.121074,4f:bb:00:00:02:0f,24.125,59.5,False,87.70588235294117,3439160.0
2026-06-19 01:58:56.231103,4f:bb:00:00:02:0f,24.0625,59.4375,False,87.67647058823529,3440417.0
2026-06-19 02:19:56.281588,4f:bb:00:00:02:0f,24.0,59.4375,False,87.67647058823529,3441677.0
2026-06-19 02:40:56.385863,4f:bb:00:00:02:0f,24.0,59.375,False,87.67647058823529,3442939.0
2026-06-19 03:01:56.471308,4f:bb:00:00:02:0f,23.9375,59.375,False,87.67647058823529,3444200.0
2026-06-19 03:22:56.569313,4f:bb:00:00:02:0f,23.875,59.3125,False,87.70588235294117,3445459.0
2026-06-19 03:43:56.623966,4f:bb:00:00:02:0f,23.8125,59.3125,False,87.70588235294117,3446719.0
2026-06-19 04:04:56.670175,4f:bb:00:00:02:0f,23.75,59.25,False,87.70588235294117,3447980.0
2026-06-19 04:25:56.747071,4f:bb:00:00:02:0f,23.6875,59.1875,False,87.67647058823529,3449238.0
2026-06-19 04:46:56.864898,4f:bb:00:00:02:0f,23.5625,58.9375,False,87.69117647058823,3450499.5
2026-06-19 05:07:56.952176,4f:bb:00:00:02:0f,23.5,58.9375,False,87.67647058823529,3451759.0
2026-06-19 05:28:57.053564,4f:bb:00:00:02:0f,23.4375,58.875,False,87.6470588235294,3453019.0
2026-06-19 05:49:57.122161,4f:bb:00:00:02:0f,23.375,58.875,False,87.67647058823529,3454279.0
2026-06-19 06:10:57.220016,4f:bb:00:00:02:0f,23.3125,58.875,False,87.67647058823529,3455541.0
2026-06-19 06:31:57.328110,4f:bb:00:00:02:0f,23.25,58.875,False,87.6470588235294,3456799.5
2026-06-19 06:52:57.330188,4f:bb:00:00:02:0f,23.25,58.875,False,87.6470588235294,3458059.0
2026-06-19 07:13:57.427822,4f:bb:00:00:02:0f,23.1875,58.9375,False,87.6470588235294,3459321.5
2026-06-19 07:34:57.509198,4f:bb:00:00:02:0f,23.1875,58.9375,False,87.6470588235294,3460577.0
2026-06-19 07:55:57.596967,4f:bb:00:00:02:0f,23.125,58.9375,False,87.6470588235294,3461839.0
2026-06-19 08:16:57.689208,4f:bb:00:00:02:0f,23.125,59.0,False,87.6470588235294,3463102.0
2026-06-19 08:37:57.758226,4f:bb:00:00:02:0f,23.1875,59.0625,False,87.6470588235294,3464359.0
2026-06-19 08:58:57.868412,4f:bb:00:00:02:0f,23.25,59.25,False,87.67647058823529,3465619.0
2026-06-19 09:19:57.945141,4f:bb:00:00:02:0f,23.4375,59.375,False,87.6470588235294,3466881.0
2026-06-19 09:40:58.064389,4f:bb:00:00:02:0f,23.625,59.6875,False,87.67647058823529,3468142.0
2026-06-19 10:01:58.181355,4f:bb:00:00:02:0f,23.75,59.6875,False,87.67647058823529,3469399.5
2026-06-19 10:22:58.293504,4f:bb:00:00:02:0f,24.0,59.75,False,87.70588235294117,3470660.0
2026-06-19 10:43:58.309186,4f:bb:00:00:02:0f,24.1875,59.75,False,87.67647058823529,3471923.0
2026-06-19 11:04:58.409534,4f:bb:00:00:02:0f,24.375,59.8125,False,87.67647058823529,3473180.0
2026-06-19 11:25:58.512608,4f:bb:00:00:02:0f,24.5625,60.0625,False,87.70588235294117,3474444.0
2026-06-19 11:46:58.629014,4f:bb:00:00:02:0f,24.75,60.125,False,87.70588235294117,3475702.5
2026-06-19 12:07:58.724046,4f:bb:00:00:02:0f,24.9375,60.25,False,87.70588235294117,3476962.0
2026-06-19 12:28:58.791812,4f:bb:00:00:02:0f,25.1875,60.3125,False,87.67647058823529,3478222.5
2026-06-19 12:49:58.933142,4f:bb:00:00:02:0f,25.375,60.6875,False,87.70588235294117,3479483.0
2026-06-19 13:10:58.956157,4f:bb:00:00:02:0f,25.6875,60.8125,False,87.76470588235294,3480741.0
2026-06-19 13:31:58.919586,4f:bb:00:00:02:0f,25.9375,60.875,False,87.76470588235294,3482003.0
2026-06-19 13:52:59.033128,4f:bb:00:00:02:0f,26.1875,61.1875,False,87.82352941176471,3483263.0
2026-06-19 14:13:59.043862,4f:bb:00:00:02:0f,26.4375,61.3125,False,87.82352941176471,3484522.5
2026-06-19 14:34:59.131744,4f:bb:00:00:02:0f,26.75,61.5,False,87.79411764705883,3485784.0
2026-06-19 14:56:00.723830,4f:bb:00:00:02:0f,27.125,61.8125,False,87.79411764705883,3487047.0
2026-06-19 15:16:59.513590,4f:bb:00:00:02:0f,27.5625,61.4375,False,87.82352941176471,3488302.0
2026-06-19 15:37:59.596178,4f:bb:00:00:02:0f,27.9375,61.625,False,87.83823529411765,3489564.0
2026-06-19 15:58:59.705445,4f:bb:00:00:02:0f,28.1875,61.625,False,87.8529411764706,3490822.5
2026-06-19 16:19:59.801069,4f:bb:00:00:02:0f,28.5,61.6875,False,87.88235294117646,3492084.0
2026-06-19 16:40:59.924192,4f:bb:00:00:02:0f,28.6875,61.6875,False,87.94117647058823,3493344.0
2026-06-19 17:02:00.041020,4f:bb:00:00:02:0f,28.875,62.0,False,87.97058823529412,3494605.0
2026-06-19 17:23:00.107801,4f:bb:00:00:02:0f,29.0625,62.0625,False,88.0,3495863.0
2026-06-19 17:44:00.191622,4f:bb:00:00:02:0f,29.1875,62.0625,False,88.02941176470588,3497127.0
2026-06-19 18:05:00.232282,4f:bb:00:00:02:0f,29.3125,62.125,False,88.07352941176471,3498384.0
2026-06-19 18:26:00.269157,4f:bb:00:00:02:0f,29.375,62.125,False,88.05882352941177,3499644.0
2026-06-19 18:47:00.253001,4f:bb:00:00:02:0f,29.375,62.125,False,88.11764705882354,3500904.5
2026-06-19 19:08:00.347398,4f:bb:00:00:02:0f,29.3125,62.125,False,88.08823529411765,3502163.0
2026-06-19 19:29:00.394525,4f:bb:00:00:02:0f,29.25,62.125,False,88.11764705882354,3503425.0
2026-06-19 19:50:00.522055,4f:bb:00:00:02:0f,29.1875,62.0625,False,88.1470588235294,3504688.0
2026-06-19 20:11:01.072476,4f:bb:00:00:02:0f,29.125,62.0,False,88.1470588235294,3505946.0
2026-06-19 20:32:00.622220,4f:bb:00:00:02:0f,28.9375,61.9375,False,88.1470588235294,3507206.0
2026-06-19 20:53:00.748080,4f:bb:00:00:02:0f,28.875,64.25,False,88.17647058823529,3508465.5
2026-06-19 21:14:00.832904,4f:bb:00:00:02:0f,28.8125,66.0,False,88.1470588235294,3509729.0
2026-06-19 21:35:00.906559,4f:bb:00:00:02:0f,28.75,66.875,False,88.1470588235294,3510982.0
2026-06-19 21:56:00.999102,4f:bb:00:00:02:0f,28.625,67.1875,False,88.17647058823529,3512245.0
2026-06-19 22:17:01.063168,4f:bb:00:00:02:0f,28.5,67.4375,False,88.17647058823529,3513508.0
2026-06-19 22:38:01.143464,4f:bb:00:00:02:0f,28.3125,67.4375,False,88.17647058823529,3514766.0
2026-06-19 22:59:01.209781,4f:bb:00:00:02:0f,28.125,67.375,False,88.1470588235294,3516026.0
2026-06-19 23:20:01.322635,4f:bb:00:00:02:0f,27.9375,67.4375,False,88.17647058823529,3517287.0
2026-06-19 23:41:01.902274,4f:bb:00:00:02:0f,27.875,67.4375,False,88.17647058823529,3518545.5
2026-06-20 00:02:01.514732,4f:bb:00:00:02:0f,27.6875,67.0625,False,88.17647058823529,3519808.0
2026-06-20 00:23:01.568920,4f:bb:00:00:02:0f,27.4375,67.0,False,88.17647058823529,3521065.0
2026-06-20 00:44:01.678270,4f:bb:00:00:02:0f,27.1875,67.1875,False,88.20588235294117,3522328.0
2026-06-20 01:05:01.654924,4f:bb:00:00:02:0f,27.0,66.875,False,88.17647058823529,3523587.0
2026-06-20 01:26:01.764791,4f:bb:00:00:02:0f,26.75,66.75,False,88.20588235294117,3524846.0
2026-06-20 01:47:01.832097,4f:bb:00:00:02:0f,26.5625,66.6875,False,88.17647058823529,3526109.0
2026-06-20 02:08:01.903535,4f:bb:00:00:02:0f,26.3125,66.6875,False,88.1470588235294,3527365.0
2026-06-20 02:29:02.012281,4f:bb:00:00:02:0f,26.125,66.375,False,88.17647058823529,3528628.5
2026-06-20 02:50:02.052136,4f:bb:00:00:02:0f,25.875,66.25,False,88.17647058823529,3529888.0
2026-06-20 03:11:02.147170,4f:bb:00:00:02:0f,25.625,66.3125,False,88.1470588235294,3531150.0
2026-06-20 03:32:02.236858,4f:bb:00:00:02:0f,25.4375,66.25,False,88.13235294117646,3532408.0
2026-06-20 03:53:02.320028,4f:bb:00:00:02:0f,25.25,66.0,False,88.1470588235294,3533669.0
2026-06-20 04:14:02.428023,4f:bb:00:00:02:0f,25.0625,66.125,False,88.1470588235294,3534927.0
2026-06-20 04:35:02.463323,4f:bb:00:00:02:0f,24.875,66.125,False,88.1470588235294,3536189.0
2026-06-20 04:56:02.478594,4f:bb:00:00:02:0f,24.6875,66.125,False,88.13235294117646,3537447.0
2026-06-20 05:17:02.565121,4f:bb:00:00:02:0f,24.5,66.25,False,88.1470588235294,3538708.5
2026-06-20 05:38:02.688173,4f:bb:00:00:02:0f,24.3125,66.0625,False,88.13235294117646,3539965.5
2026-06-20 05:59:02.766647,4f:bb:00:00:02:0f,24.1875,66.1875,False,88.1470588235294,3541230.5
2026-06-20 06:20:02.851005,4f:bb:00:00:02:0f,24.0625,66.1875,False,88.11764705882354,3542488.0
2026-06-20 06:41:02.960858,4f:bb:00:00:02:0f,23.875,66.1875,False,88.11764705882354,3543748.0
2026-06-20 07:02:03.056975,4f:bb:00:00:02:0f,23.6875,66.125,False,88.11764705882354,3545012.0
2026-06-20 07:23:03.145399,4f:bb:00:00:02:0f,23.4375,65.875,False,88.08823529411765,3546268.0
2026-06-20 07:44:03.167929,4f:bb:00:00:02:0f,23.25,65.8125,False,88.05882352941177,3547531.0
2026-06-20 08:05:03.244670,4f:bb:00:00:02:0f,23.25,65.8125,False,88.02941176470588,3548790.0
2026-06-20 08:26:03.371366,4f:bb:00:00:02:0f,23.3125,65.75,False,88.0,3550048.5
2026-06-20 08:47:03.350428,4f:bb:00:00:02:0f,23.375,65.625,False,88.02941176470588,3551312.0
2026-06-20 09:08:03.476244,4f:bb:00:00:02:0f,23.5625,65.4375,False,88.02941176470588,3552569.0
2026-06-20 09:29:03.595324,4f:bb:00:00:02:0f,23.75,65.5625,False,88.02941176470588,3553831.5
2026-06-20 09:50:03.669806,4f:bb:00:00:02:0f,23.8125,65.4375,False,88.02941176470588,3555091.0
2026-06-20 10:11:03.753654,4f:bb:00:00:02:0f,23.8125,65.3125,False,88.02941176470588,3556351.0
2026-06-20 10:32:03.876388,4f:bb:00:00:02:0f,23.8125,65.3125,False,88.02941176470588,3557608.0
2026-06-20 10:53:03.956799,4f:bb:00:00:02:0f,23.8125,65.3125,False,88.02941176470588,3558872.0
2026-06-20 11:14:04.055102,4f:bb:00:00:02:0f,23.8125,65.25,False,88.0,3560131.0
2026-06-20 11:35:04.067696,4f:bb:00:00:02:0f,23.875,65.25,False,88.02941176470588,3561391.0
2026-06-20 11:56:04.169034,4f:bb:00:00:02:0f,23.9375,65.25,False,88.0,3562653.0
2026-06-20 12:17:04.257795,4f:bb:00:00:02:0f,23.9375,65.1875,False,88.0,3563909.0
2026-06-20 12:38:04.347752,4f:bb:00:00:02:0f,24.0,65.1875,False,88.0,3565174.0
2026-06-20 12:59:04.433275,4f:bb:00:00:02:0f,24.0625,65.125,False,88.0,3566432.0
2026-06-20 13:20:04.545522,4f:bb:00:00:02:0f,24.1875,65.125,False,88.0,3567692.0
2026-06-20 13:41:04.639167,4f:bb:00:00:02:0f,24.25,65.125,False,88.0,3568955.0
2026-06-20 14:02:04.715806,4f:bb:00:00:02:0f,24.375,65.0625,False,88.0,3570211.0
2026-06-20 14:23:04.829779,4f:bb:00:00:02:0f,24.5,65.3125,False,88.0,3571471.5
2026-06-20 14:44:04.913754,4f:bb:00:00:02:0f,24.6875,65.3125,False,88.0,3572734.5
2026-06-20 15:05:04.945912,4f:bb:00:00:02:0f,24.9375,65.25,False,88.0,3573991.5
2026-06-20 15:26:04.982231,4f:bb:00:00:02:0f,25.125,65.25,False,88.02941176470588,3575251.5
2026-06-20 15:47:05.094209,4f:bb:00:00:02:0f,25.3125,65.1875,False,88.02941176470588,3576505.0
2026-06-20 16:08:05.179846,4f:bb:00:00:02:0f,25.4375,65.4375,False,88.02941176470588,3577771.5
2026-06-20 16:29:05.284772,4f:bb:00:00:02:0f,25.5625,65.4375,False,88.02941176470588,3579032.0
2026-06-20 16:50:05.401750,4f:bb:00:00:02:0f,25.625,65.4375,False,88.05882352941177,3580294.0
2026-06-20 17:11:05.490941,4f:bb:00:00:02:0f,25.6875,65.4375,False,88.02941176470588,3581552.0
2026-06-20 17:32:05.632087,4f:bb:00:00:02:0f,25.6875,65.4375,False,88.02941176470588,3582814.0
2026-06-20 17:53:05.701639,4f:bb:00:00:02:0f,25.75,65.4375,False,88.02941176470588,3584075.0
2026-06-20 18:14:05.757476,4f:bb:00:00:02:0f,25.6875,65.5,False,88.02941176470588,3585334.0
2026-06-20 18:35:05.817611,4f:bb:00:00:02:0f,25.6875,65.625,False,88.05882352941177,3586594.0
2026-06-20 18:56:05.885359,4f:bb:00:00:02:0f,25.8125,65.6875,False,88.02941176470588,3587856.5
2026-06-20 19:17:05.973624,4f:bb:00:00:02:0f,26.0,65.625,False,88.08823529411765,3589113.0
2026-06-20 19:38:06.052212,4f:bb:00:00:02:0f,26.125,65.625,False,88.08823529411765,3590375.0
2026-06-20 19:59:06.112376,4f:bb:00:00:02:0f,26.125,65.5625,False,88.08823529411765,3591638.0
2026-06-20 20:20:06.211863,4f:bb:00:00:02:0f,26.125,65.5625,False,88.08823529411765,3592894.5
2026-06-20 20:41:06.244302,4f:bb:00:00:02:0f,26.125,65.5625,False,88.05882352941177,3594156.0
2026-06-20 21:02:06.333059,4f:bb:00:00:02:0f,26.125,65.5625,False,88.08823529411765,3595416.0
2026-06-20 21:23:06.401738,4f:bb:00:00:02:0f,26.0625,65.5625,False,88.05882352941177,3596675.0
2026-06-20 21:44:06.472799,4f:bb:00:00:02:0f,26.0,65.5625,False,88.08823529411765,3597937.0
2026-06-20 22:05:06.553337,4f:bb:00:00:02:0f,26.0,65.5625,False,88.05882352941177,3599196.0
2026-06-20 22:26:06.659787,4f:bb:00:00:02:0f,25.9375,65.5625,False,88.08823529411765,3600457.5
2026-06-20 22:47:06.775049,4f:bb:00:00:02:0f,25.875,65.5625,False,88.05882352941177,3601714.5
2026-06-20 23:08:06.852748,4f:bb:00:00:02:0f,25.8125,65.5625,False,88.05882352941177,3602976.0
2026-06-20 23:29:06.987168,4f:bb:00:00:02:0f,25.75,65.625,False,88.05882352941177,3604235.0
2026-06-20 23:50:06.951318,4f:bb:00:00:02:0f,25.6875,65.625,False,88.05882352941177,3605495.0
2026-06-21 00:11:06.979541,4f:bb:00:00:02:0f,25.5625,65.625,False,88.05882352941177,3606758.0
2026-06-21 00:32:07.079433,4f:bb:00:00:02:0f,25.5,65.625,False,88.08823529411765,3608017.0
2026-06-21 00:53:07.202711,4f:bb:00:00:02:0f,25.4375,65.625,False,88.05882352941177,3609276.0
2026-06-21 01:14:07.263110,4f:bb:00:00:02:0f,25.3125,65.625,False,88.08823529411765,3610540.5
2026-06-21 01:35:07.364331,4f:bb:00:00:02:0f,25.25,65.375,False,88.05882352941177,3611796.0
2026-06-21 01:56:07.472401,4f:bb:00:00:02:0f,25.0625,65.3125,False,88.05882352941177,3613056.0
2026-06-21 02:17:07.501824,4f:bb:00:00:02:0f,24.875,65.3125,False,88.02941176470588,3614319.0
2026-06-21 02:38:07.572744,4f:bb:00:00:02:0f,24.625,65.25,False,88.05882352941177,3615577.0
2026-06-21 02:59:07.628286,4f:bb:00:00:02:0f,24.375,65.0,False,88.05882352941177,3616837.0
2026-06-21 03:20:07.739514,4f:bb:00:00:02:0f,24.125,65.0,False,88.05882352941177,3618098.0
2026-06-21 03:41:07.764255,4f:bb:00:00:02:0f,23.875,64.9375,False,88.02941176470588,3619357.0
2026-06-21 04:02:07.849277,4f:bb:00:00:02:0f,23.6875,64.9375,False,88.0,3620617.5
2026-06-21 04:23:07.884882,4f:bb:00:00:02:0f,23.375,64.625,False,88.0,3621880.5
2026-06-21 04:44:07.957134,4f:bb:00:00:02:0f,23.1875,64.625,False,87.97058823529412,3623140.0
2026-06-21 05:05:07.974706,4f:bb:00:00:02:0f,22.9375,64.5625,False,87.94117647058823,3624397.0
2026-06-21 05:26:08.074316,4f:bb:00:00:02:0f,22.75,64.25,False,87.94117647058823,3625660.5
2026-06-21 05:47:08.194145,4f:bb:00:00:02:0f,22.5,64.25,False,87.94117647058823,3626918.0
2026-06-21 06:08:08.308813,4f:bb:00:00:02:0f,22.375,64.1875,False,87.94117647058823,3628179.0
2026-06-21 06:29:08.379216,4f:bb:00:00:02:0f,22.1875,64.125,False,87.88235294117646,3629437.0
2026-06-21 06:50:08.457885,4f:bb:00:00:02:0f,22.0625,64.125,False,87.8529411764706,3630700.0
2026-06-21 07:11:08.526293,4f:bb:00:00:02:0f,22.0,64.125,False,87.82352941176471,3631960.5
2026-06-21 07:32:08.635681,4f:bb:00:00:02:0f,21.9375,64.0625,False,87.82352941176471,3633219.0
2026-06-21 07:53:08.672710,4f:bb:00:00:02:0f,21.875,63.875,False,87.79411764705883,3634480.0
2026-06-21 08:14:08.772494,4f:bb:00:00:02:0f,21.9375,64.125,False,87.82352941176471,3635740.0
2026-06-21 08:35:08.854287,4f:bb:00:00:02:0f,22.0625,64.1875,False,87.79411764705883,3637000.5
2026-06-21 08:56:08.928800,4f:bb:00:00:02:0f,22.3125,64.125,False,87.79411764705883,3638260.0
2026-06-21 09:17:09.008320,4f:bb:00:00:02:0f,22.5625,64.0,False,87.82352941176471,3639520.5
2026-06-21 09:38:09.075915,4f:bb:00:00:02:0f,22.8125,64.125,False,87.82352941176471,3640781.0
2026-06-21 09:59:09.104105,4f:bb:00:00:02:0f,23.125,64.0,False,87.8529411764706,3642039.0
2026-06-21 10:20:09.132213,4f:bb:00:00:02:0f,23.375,63.875,False,87.82352941176471,3643301.0
2026-06-21 10:41:09.156046,4f:bb:00:00:02:0f,23.5625,63.8125,False,87.82352941176471,3644559.0
2026-06-21 11:02:09.273659,4f:bb:00:00:02:0f,23.8125,64.0625,False,87.8529411764706,3645821.0
2026-06-21 11:23:09.366231,4f:bb:00:00:02:0f,24.0625,64.0625,False,87.8529411764706,3647080.5
2026-06-21 11:44:09.469728,4f:bb:00:00:02:0f,24.3125,64.0,False,87.8529411764706,3648340.5
2026-06-21 12:05:09.554197,4f:bb:00:00:02:0f,24.5,64.25,False,87.8529411764706,3649603.0
2026-06-21 12:26:09.653251,4f:bb:00:00:02:0f,24.625,64.25,False,87.88235294117646,3650861.0
2026-06-21 12:47:09.674099,4f:bb:00:00:02:0f,24.75,64.3125,False,87.88235294117646,3652120.0
2026-06-21 13:08:09.800341,4f:bb:00:00:02:0f,24.875,64.3125,False,87.88235294117646,3653383.5
2026-06-21 13:29:09.861982,4f:bb:00:00:02:0f,25.0625,64.375,False,87.88235294117646,3654644.0
2026-06-21 13:50:09.957100,4f:bb:00:00:02:0f,25.1875,64.375,False,87.91176470588235,3655901.0
2026-06-21 14:11:10.053912,4f:bb:00:00:02:0f,25.3125,64.6875,False,87.91176470588235,3657164.0
2026-06-21 14:32:10.161069,4f:bb:00:00:02:0f,25.5,64.6875,False,87.91176470588235,3658422.0
2026-06-21 14:53:10.251624,4f:bb:00:00:02:0f,25.625,64.6875,False,87.91176470588235,3659680.0
2026-06-21 15:14:10.362801,4f:bb:00:00:02:0f,25.6875,64.6875,False,87.91176470588235,3660944.0
2026-06-21 15:35:10.451543,4f:bb:00:00:02:0f,25.6875,64.6875,False,87.94117647058823,3662203.0
2026-06-21 15:56:10.551366,4f:bb:00:00:02:0f,25.6875,64.75,False,87.91176470588235,3663463.0
2026-06-21 16:17:10.669362,4f:bb:00:00:02:0f,25.6875,64.8125,False,87.94117647058823,3664724.0
2026-06-21 16:38:10.731572,4f:bb:00:00:02:0f,25.6875,64.8125,False,87.94117647058823,3665980.5
2026-06-21 16:59:10.829582,4f:bb:00:00:02:0f,25.6875,64.875,False,87.94117647058823,3667243.5
2026-06-21 17:20:10.920423,4f:bb:00:00:02:0f,25.6875,64.875,False,87.94117647058823,3668503.0
2026-06-21 17:41:11.033037,4f:bb:00:00:02:0f,25.625,64.875,False,87.94117647058823,3669765.0
2026-06-21 18:02:11.051988,4f:bb:00:00:02:0f,25.625,64.9375,False,87.95588235294117,3671025.0
2026-06-21 18:23:11.133041,4f:bb:00:00:02:0f,25.625,64.9375,False,87.94117647058823,3672286.5
2026-06-21 18:44:11.255747,4f:bb:00:00:02:0f,25.625,64.9375,False,87.94117647058823,3673543.0
2026-06-21 19:05:11.265700,4f:bb:00:00:02:0f,25.625,64.9375,False,87.95588235294117,3674803.5
2026-06-21 19:26:11.363746,4f:bb:00:00:02:0f,25.625,64.9375,False,87.94117647058823,3676064.0
2026-06-21 19:47:11.444558,4f:bb:00:00:02:0f,25.625,64.9375,False,87.94117647058823,3677323.5
2026-06-21 20:08:11.461850,4f:bb:00:00:02:0f,25.5625,64.9375,False,87.97058823529412,3678584.0
2026-06-21 20:29:11.471498,4f:bb:00:00:02:0f,25.5,64.9375,False,87.97058823529412,3679845.0
2026-06-21 20:50:11.560228,4f:bb:00:00:02:0f,25.4375,64.9375,False,87.94117647058823,3681104.0
2026-06-21 21:11:11.619829,4f:bb:00:00:02:0f,25.3125,64.9375,False,87.97058823529412,3682365.0
2026-06-21 21:32:11.717416,4f:bb:00:00:02:0f,25.25,64.6875,False,87.97058823529412,3683624.0
2026-06-21 21:53:11.794734,4f:bb:00:00:02:0f,25.125,64.6875,False,87.94117647058823,3684883.5
2026-06-21 22:14:11.847435,4f:bb:00:00:02:0f,25.0625,64.6875,False,87.94117647058823,3686146.5
2026-06-21 22:35:11.935316,4f:bb:00:00:02:0f,24.9375,64.6875,False,87.94117647058823,3687404.0
2026-06-21 22:56:12.022016,4f:bb:00:00:02:0f,24.875,64.75,False,87.94117647058823,3688665.0
2026-06-21 23:17:12.053073,4f:bb:00:00:02:0f,24.75,64.75,False,87.97058823529412,3689926.0
2026-06-21 23:38:12.184720,4f:bb:00:00:02:0f,24.625,64.75,False,87.94117647058823,3691185.0
2026-06-21 23:59:12.194625,4f:bb:00:00:02:0f,24.5,64.6875,False,87.92647058823529,3692446.5
2026-06-22 00:20:12.299557,4f:bb:00:00:02:0f,24.3125,64.375,False,87.94117647058823,3693703.0
2026-06-22 00:41:12.384598,4f:bb:00:00:02:0f,24.0625,64.375,False,87.94117647058823,3694966.0
2026-06-22 01:02:12.433521,4f:bb:00:00:02:0f,23.8125,64.3125,False,87.91176470588235,3696227.0
2026-06-22 01:23:12.544502,4f:bb:00:00:02:0f,23.5625,64.0625,False,87.91176470588235,3697485.0
2026-06-22 01:44:12.656498,4f:bb:00:00:02:0f,23.375,64.0,False,87.88235294117646,3698746.5
2026-06-22 02:05:12.702398,4f:bb:00:00:02:0f,23.125,63.9375,False,87.88235294117646,3700008.5
2026-06-22 02:26:12.762251,4f:bb:00:00:02:0f,22.875,63.9375,False,87.88235294117646,3701265.0
2026-06-22 02:47:12.790985,4f:bb:00:00:02:0f,22.6875,63.625,False,87.88235294117646,3702528.0
2026-06-22 03:08:12.899848,4f:bb:00:00:02:0f,22.5,63.5625,False,87.8529411764706,3703786.0
2026-06-22 03:29:13.022087,4f:bb:00:00:02:0f,22.25,63.5,False,87.8529411764706,3705049.0
2026-06-22 03:50:13.111337,4f:bb:00:00:02:0f,22.0,63.5,False,87.8529411764706,3706308.0
2026-06-22 04:11:13.163576,4f:bb:00:00:02:0f,21.75,63.1875,False,87.8529411764706,3707570.0
2026-06-22 04:32:13.172302,4f:bb:00:00:02:0f,21.5,63.125,False,87.79411764705883,3708828.0
2026-06-22 04:53:13.294387,4f:bb:00:00:02:0f,21.3125,63.0625,False,87.79411764705883,3710087.5
2026-06-22 05:14:13.416437,4f:bb:00:00:02:0f,21.0625,63.0,False,87.76470588235294,3711349.0
2026-06-22 05:35:13.480621,4f:bb:00:00:02:0f,20.875,62.75,False,87.76470588235294,3712606.0
2026-06-22 05:56:13.584372,4f:bb:00:00:02:0f,20.6875,62.6875,False,87.6470588235294,3713869.0
2026-06-22 06:17:13.630038,4f:bb:00:00:02:0f,20.5625,62.6875,False,87.55882352941177,3715129.5
2026-06-22 06:38:13.677709,4f:bb:00:00:02:0f,20.4375,62.625,False,87.52941176470588,3716389.0
2026-06-22 06:59:13.772707,4f:bb:00:00:02:0f,20.3125,62.625,False,87.5,3717649.5
2026-06-22 07:20:13.872518,4f:bb:00:00:02:0f,20.25,62.625,False,87.52941176470588,3718907.0
2026-06-22 07:41:13.969417,4f:bb:00:00:02:0f,20.25,62.625,False,87.52941176470588,3720167.0
2026-06-22 08:02:13.994892,4f:bb:00:00:02:0f,20.375,62.75,False,87.5,3721426.0
2026-06-22 08:23:14.068082,4f:bb:00:00:02:0f,20.5625,62.6875,False,87.54411764705883,3722688.0
2026-06-22 08:44:14.175483,4f:bb:00:00:02:0f,20.6875,62.5625,False,87.52941176470588,3723946.5
2026-06-22 09:05:14.254294,4f:bb:00:00:02:0f,20.8125,62.5,False,87.52941176470588,3725212.5
2026-06-22 09:26:14.342186,4f:bb:00:00:02:0f,20.875,62.5,False,87.51470588235294,3726468.0
2026-06-22 09:47:14.446005,4f:bb:00:00:02:0f,21.0625,62.75,False,87.55882352941177,3727730.0
2026-06-22 10:08:14.482311,4f:bb:00:00:02:0f,21.375,62.75,False,87.54411764705883,3728988.0
2026-06-22 10:29:14.550037,4f:bb:00:00:02:0f,21.6875,62.6875,False,87.58823529411765,3730253.0
2026-06-22 10:50:14.655994,4f:bb:00:00:02:0f,22.0,62.875,False,87.58823529411765,3731510.0
2026-06-22 11:11:14.711938,4f:bb:00:00:02:0f,22.375,62.875,False,87.55882352941177,3732770.0
2026-06-22 11:32:14.722640,4f:bb:00:00:02:0f,22.6875,62.875,False,87.61764705882354,3734032.5
2026-06-22 11:53:14.865185,4f:bb:00:00:02:0f,23.0625,63.1875,False,87.61764705882354,3735292.0
2026-06-22 12:14:14.869905,4f:bb:00:00:02:0f,23.375,63.125,False,87.6470588235294,3736549.0
2026-06-22 12:35:14.957784,4f:bb:00:00:02:0f,23.6875,63.375,False,87.67647058823529,3737813.0
2026-06-22 12:56:15.069704,4f:bb:00:00:02:0f,23.875,63.4375,False,87.6470588235294,3739070.0
2026-06-22 13:17:15.125717,4f:bb:00:00:02:0f,24.0625,63.4375,False,87.67647058823529,3740331.0
2026-06-22 13:38:15.194710,4f:bb:00:00:02:0f,24.1875,63.5,False,87.70588235294117,3741590.0
2026-06-22 13:59:15.245027,4f:bb:00:00:02:0f,24.3125,63.5625,False,87.70588235294117,3742852.5
2026-06-22 14:20:15.347593,4f:bb:00:00:02:0f,24.375,63.625,False,87.70588235294117,3744113.0
2026-06-22 14:41:15.421565,4f:bb:00:00:02:0f,24.4375,63.6875,False,87.70588235294117,3745372.0
2026-06-22 15:02:15.464156,4f:bb:00:00:02:0f,24.5625,64.0,False,87.73529411764706,3746632.0
2026-06-22 15:23:15.545753,4f:bb:00:00:02:0f,24.6875,64.0,False,87.73529411764706,3747893.0
2026-06-22 15:44:15.665731,4f:bb:00:00:02:0f,24.8125,64.0625,False,87.73529411764706,3749151.0
2026-06-22 16:05:15.741315,4f:bb:00:00:02:0f,24.9375,64.0625,False,87.73529411764706,3750413.0
2026-06-22 16:26:15.857068,4f:bb:00:00:02:0f,25.0,64.125,False,87.76470588235294,3751673.0
2026-06-22 16:47:15.962746,4f:bb:00:00:02:0f,25.0625,64.125,False,87.76470588235294,3752933.0
2026-06-22 17:08:16.022156,4f:bb:00:00:02:0f,25.125,64.125,False,87.76470588235294,3754192.0
2026-06-22 17:29:16.104451,4f:bb:00:00:02:0f,25.1875,64.125,False,87.79411764705883,3755456.0
2026-06-22 17:50:16.168286,4f:bb:00:00:02:0f,25.1875,64.1875,False,87.79411764705883,3756713.0
2026-06-22 18:11:16.279790,4f:bb:00:00:02:0f,25.1875,64.25,False,87.79411764705883,3757975.0
2026-06-22 18:32:16.386057,4f:bb:00:00:02:0f,25.1875,64.1875,False,87.79411764705883,3759235.0
2026-06-22 18:53:16.493421,4f:bb:00:00:02:0f,25.125,64.1875,False,87.82352941176471,3760492.5
2026-06-22 19:14:16.590482,4f:bb:00:00:02:0f,25.0625,64.1875,False,87.79411764705883,3761756.0
2026-06-22 19:35:16.617948,4f:bb:00:00:02:0f,24.9375,64.1875,False,87.79411764705883,3763012.0
2026-06-22 19:56:16.677540,4f:bb:00:00:02:0f,24.875,64.25,False,87.79411764705883,3764278.0
2026-06-22 20:17:16.773270,4f:bb:00:00:02:0f,24.8125,64.25,False,87.79411764705883,3765533.0
2026-06-22 20:38:16.880473,4f:bb:00:00:02:0f,24.8125,64.25,False,87.79411764705883,3766792.5
2026-06-22 20:59:16.991517,4f:bb:00:00:02:0f,24.6875,64.25,False,87.76470588235294,3768053.0
2026-06-22 21:20:17.069712,4f:bb:00:00:02:0f,24.625,64.125,False,87.79411764705883,3769308.5
2026-06-22 21:41:17.148610,4f:bb:00:00:02:0f,24.5625,64.25,False,87.79411764705883,3770573.5
2026-06-22 22:02:17.238821,4f:bb:00:00:02:0f,24.5,64.25,False,87.79411764705883,3771835.0
2026-06-22 22:23:17.339175,4f:bb:00:00:02:0f,24.4375,64.125,False,87.79411764705883,3773092.5
2026-06-22 22:44:17.347477,4f:bb:00:00:02:0f,24.25,63.6875,False,87.79411764705883,3774355.5
2026-06-22 23:05:17.475060,4f:bb:00:00:02:0f,23.875,63.5,False,87.79411764705883,3775614.0
2026-06-22 23:26:17.520073,4f:bb:00:00:02:0f,23.5625,63.3125,False,87.76470588235294,3776875.5
2026-06-22 23:47:17.625493,4f:bb:00:00:02:0f,23.3125,63.3125,False,87.79411764705883,3778135.0
2026-06-23 00:08:17.675214,4f:bb:00:00:02:0f,23.1875,63.375,False,87.76470588235294,3779394.0
2026-06-23 00:29:17.746835,4f:bb:00:00:02:0f,23.0625,63.4375,False,87.76470588235294,3780654.0
2026-06-23 00:50:17.810893,4f:bb:00:00:02:0f,23.0,63.5,False,87.73529411764706,3781915.0
2026-06-23 01:11:17.914026,4f:bb:00:00:02:0f,22.9375,63.4375,False,87.73529411764706,3783175.0
2026-06-23 01:32:17.996863,4f:bb:00:00:02:0f,22.9375,63.4375,False,87.73529411764706,3784439.0
2026-06-23 01:53:18.025959,4f:bb:00:00:02:0f,22.9375,63.4375,False,87.76470588235294,3785695.5
2026-06-23 02:14:18.037786,4f:bb:00:00:02:0f,22.875,63.375,False,87.76470588235294,3786957.0
2026-06-23 02:35:18.131550,4f:bb:00:00:02:0f,22.8125,63.375,False,87.73529411764706,3788218.5
2026-06-23 02:56:18.140324,4f:bb:00:00:02:0f,22.8125,63.375,False,87.73529411764706,3789476.0
2026-06-23 03:17:18.202310,4f:bb:00:00:02:0f,22.75,63.125,False,87.73529411764706,3790742.0
2026-06-23 03:38:18.267785,4f:bb:00:00:02:0f,22.6875,63.125,False,87.70588235294117,3791996.0
2026-06-23 03:59:18.342050,4f:bb:00:00:02:0f,22.625,63.125,False,87.73529411764706,3793257.0
2026-06-23 04:20:18.430268,4f:bb:00:00:02:0f,22.625,63.125,False,87.73529411764706,3794516.0
2026-06-23 04:41:18.471772,4f:bb:00:00:02:0f,22.625,63.125,False,87.70588235294117,3795776.0
2026-06-23 05:02:18.550372,4f:bb:00:00:02:0f,22.5625,63.0625,False,87.73529411764706,3797037.0
2026-06-23 05:23:18.560250,4f:bb:00:00:02:0f,22.4375,63.0,False,87.70588235294117,3798294.0
2026-06-23 05:44:18.675146,4f:bb:00:00:02:0f,22.3125,63.0,False,87.72058823529412,3799559.0
2026-06-23 06:05:18.775451,4f:bb:00:00:02:0f,22.25,63.0,False,87.70588235294117,3800816.0
2026-06-23 06:26:18.811538,4f:bb:00:00:02:0f,22.1875,63.0,False,87.70588235294117,3802077.0
2026-06-23 06:47:18.854728,4f:bb:00:00:02:0f,22.125,62.9375,False,87.70588235294117,3803338.5
2026-06-23 07:08:18.917309,4f:bb:00:00:02:0f,22.0625,62.9375,False,87.67647058823529,3804598.5
2026-06-23 07:29:18.979905,4f:bb:00:00:02:0f,22.0,62.9375,False,87.67647058823529,3805858.0
2026-06-23 07:50:19.098238,4f:bb:00:00:02:0f,21.9375,62.9375,False,87.70588235294117,3807117.0
2026-06-23 08:11:19.131579,4f:bb:00:00:02:0f,21.9375,62.9375,False,87.67647058823529,3808380.0
2026-06-23 08:32:19.221150,4f:bb:00:00:02:0f,21.875,62.6875,False,87.67647058823529,3809638.0
2026-06-23 08:53:19.296780,4f:bb:00:00:02:0f,21.875,62.6875,False,87.67647058823529,3810898.0
2026-06-23 09:14:19.438629,4f:bb:00:00:02:0f,21.875,62.75,False,87.67647058823529,3812161.0
2026-06-23 09:35:19.525346,4f:bb:00:00:02:0f,22.0,62.9375,False,87.6470588235294,3813418.0
2026-06-23 09:56:19.594920,4f:bb:00:00:02:0f,22.125,62.9375,False,87.67647058823529,3814679.0
2026-06-23 10:17:19.697818,4f:bb:00:00:02:0f,22.3125,62.9375,False,87.6470588235294,3815938.0
2026-06-23 10:38:19.789912,4f:bb:00:00:02:0f,22.5625,62.9375,False,87.70588235294117,3817200.0
2026-06-23 10:59:19.798156,4f:bb:00:00:02:0f,22.875,63.125,False,87.70588235294117,3818461.0
2026-06-23 11:20:19.910893,4f:bb:00:00:02:0f,23.125,63.125,False,87.67647058823529,3819721.0
2026-06-23 11:41:19.999184,4f:bb:00:00:02:0f,23.4375,63.125,False,87.70588235294117,3820981.5
2026-06-23 12:02:19.986406,4f:bb:00:00:02:0f,23.75,63.375,False,87.70588235294117,3822238.5
2026-06-23 12:23:20.075241,4f:bb:00:00:02:0f,24.1875,63.375,False,87.70588235294117,3823501.0
2026-06-23 12:44:20.158390,4f:bb:00:00:02:0f,24.5625,63.5625,False,87.70588235294117,3824761.5
2026-06-23 13:05:20.310170,4f:bb:00:00:02:0f,24.875,63.625,False,87.73529411764706,3826019.0
2026-06-23 13:26:20.378852,4f:bb:00:00:02:0f,25.1875,63.625,False,87.76470588235294,3827283.0
2026-06-23 13:47:20.444211,4f:bb:00:00:02:0f,25.5625,63.9375,False,87.76470588235294,3828538.5
2026-06-23 14:08:20.571331,4f:bb:00:00:02:0f,25.875,64.0,False,87.76470588235294,3829801.5
2026-06-23 14:29:20.700312,4f:bb:00:00:02:0f,26.1875,64.3125,False,87.79411764705883,3831065.0
2026-06-23 14:50:20.750882,4f:bb:00:00:02:0f,26.5,64.375,False,87.79411764705883,3832320.0
2026-06-23 15:11:20.755048,4f:bb:00:00:02:0f,26.8125,64.375,False,87.82352941176471,3833582.0
2026-06-23 15:32:20.851786,4f:bb:00:00:02:0f,27.0625,64.71875,False,87.8529411764706,3834840.0
2026-06-23 15:53:20.944559,4f:bb:00:00:02:0f,27.3125,64.75,False,87.83823529411765,3836100.0
2026-06-23 16:14:21.025982,4f:bb:00:00:02:0f,27.5,64.8125,False,87.8529411764706,3837362.0
2026-06-23 16:35:21.047397,4f:bb:00:00:02:0f,27.75,64.875,False,87.88235294117646,3838621.5
2026-06-23 16:56:21.076083,4f:bb:00:00:02:0f,27.875,65.1875,False,87.91176470588235,3839885.0
2026-06-23 17:17:21.158246,4f:bb:00:00:02:0f,27.9375,65.25,False,87.94117647058823,3841144.0
2026-06-23 17:38:21.266002,4f:bb:00:00:02:0f,28.0625,65.3125,False,87.97058823529412,3842404.5
2026-06-23 17:59:21.332317,4f:bb:00:00:02:0f,28.0625,65.3125,False,87.97058823529412,3843664.5
2026-06-23 18:20:21.475607,4f:bb:00:00:02:0f,28.0625,65.375,False,87.97058823529412,3844921.5
2026-06-23 18:41:21.489566,4f:bb:00:00:02:0f,28.0,65.4375,False,88.0,3846182.0
2026-06-23 19:02:21.511332,4f:bb:00:00:02:0f,27.9375,65.4375,False,88.0,3847444.0
2026-06-23 19:23:21.599592,4f:bb:00:00:02:0f,27.875,65.4375,False,88.0,3848704.0
2026-06-23 19:44:21.647100,4f:bb:00:00:02:0f,27.8125,65.25,False,88.02941176470588,3849962.0
2026-06-23 20:05:21.727993,4f:bb:00:00:02:0f,27.6875,65.25,False,88.01470588235294,3851221.5
2026-06-23 20:26:21.743566,4f:bb:00:00:02:0f,27.625,65.25,False,88.02941176470588,3852483.0
2026-06-23 20:47:21.729872,4f:bb:00:00:02:0f,27.5,65.3125,False,88.0,3853743.0
2026-06-23 21:08:21.872255,4f:bb:00:00:02:0f,27.4375,65.3125,False,88.0,3855001.0
2026-06-23 21:29:21.890686,4f:bb:00:00:02:0f,27.375,65.375,False,88.0,3856263.0
2026-06-23 21:50:22.008294,4f:bb:00:00:02:0f,27.3125,65.3125,False,88.0,3857521.0
2026-06-23 22:11:22.080296,4f:bb:00:00:02:0f,27.3125,65.375,False,88.02941176470588,3858782.0
2026-06-23 22:32:22.082699,4f:bb:00:00:02:0f,27.25,65.375,False,88.02941176470588,3860043.0
2026-06-23 22:53:22.187266,4f:bb:00:00:02:0f,27.1875,65.375,False,88.02941176470588,3861304.0
2026-06-23 23:14:22.258038,4f:bb:00:00:02:0f,27.125,65.375,False,88.02941176470588,3862565.0
2026-06-23 23:35:22.318464,4f:bb:00:00:02:0f,27.125,65.3125,False,88.05882352941177,3863821.0
2026-06-23 23:56:22.406087,4f:bb:00:00:02:0f,27.0,65.25,False,88.05882352941177,3865085.0
2026-06-24 00:17:22.538605,4f:bb:00:00:02:0f,26.875,65.0,False,88.02941176470588,3866343.0
2026-06-24 00:38:22.576693,4f:bb:00:00:02:0f,26.75,65.0,False,88.02941176470588,3867606.0
2026-06-24 00:59:22.672854,4f:bb:00:00:02:0f,26.5625,64.9375,False,88.05882352941177,3868867.0
2026-06-24 01:20:22.759267,4f:bb:00:00:02:0f,26.375,64.9375,False,88.02941176470588,3870124.0
2026-06-24 01:41:22.921286,4f:bb:00:00:02:0f,26.25,64.9375,False,88.02941176470588,3871386.0
2026-06-24 02:02:22.992908,4f:bb:00:00:02:0f,26.0625,64.625,False,88.02941176470588,3872647.5
2026-06-24 02:23:23.053603,4f:bb:00:00:02:0f,25.9375,64.625,False,88.02941176470588,3873907.5
2026-06-24 02:44:23.181283,4f:bb:00:00:02:0f,25.8125,64.5625,False,88.02941176470588,3875166.0
2026-06-24 03:05:23.169791,4f:bb:00:00:02:0f,25.625,64.5625,False,88.02941176470588,3876425.0
2026-06-24 03:26:23.276875,4f:bb:00:00:02:0f,25.4375,64.5,False,88.02941176470588,3877688.0
2026-06-24 03:47:23.371409,4f:bb:00:00:02:0f,25.3125,64.5,False,88.02941176470588,3878945.0
2026-06-24 04:08:23.470309,4f:bb:00:00:02:0f,25.1875,64.1875,False,88.02941176470588,3880209.0
2026-06-24 04:29:23.512083,4f:bb:00:00:02:0f,25.0,64.125,False,88.02941176470588,3881464.5
2026-06-24 04:50:23.522179,4f:bb:00:00:02:0f,24.875,64.125,False,88.02941176470588,3882725.5
2026-06-24 05:11:23.608580,4f:bb:00:00:02:0f,24.6875,64.0625,False,88.02941176470588,3883986.0
2026-06-24 05:32:23.728946,4f:bb:00:00:02:0f,24.5625,64.0625,False,88.01470588235294,3885247.5
2026-06-24 05:53:23.792818,4f:bb:00:00:02:0f,24.4375,63.75,False,88.0,3886506.0
2026-06-24 06:14:23.909132,4f:bb:00:00:02:0f,24.3125,63.75,False,88.0,3887766.0
2026-06-24 06:35:23.988588,4f:bb:00:00:02:0f,24.1875,63.75,False,88.0,3889028.0
2026-06-24 06:56:24.066514,4f:bb:00:00:02:0f,24.125,63.75,False,88.0,3890286.0
2026-06-24 07:17:24.185312,4f:bb:00:00:02:0f,24.125,63.75,False,87.97058823529412,3891548.0
2026-06-24 07:38:24.277250,4f:bb:00:00:02:0f,24.125,63.8125,False,87.97058823529412,3892806.0
2026-06-24 07:59:24.389714,4f:bb:00:00:02:0f,24.1875,63.8125,False,87.97058823529412,3894069.0
2026-06-24 08:20:24.416306,4f:bb:00:00:02:0f,24.25,63.8125,False,87.97058823529412,3895327.5
2026-06-24 08:41:24.506149,4f:bb:00:00:02:0f,24.375,63.8125,False,87.97058823529412,3896587.0
2026-06-24 09:02:24.554119,4f:bb:00:00:02:0f,24.625,64.0625,False,87.98529411764706,3897849.0
2026-06-24 09:23:24.649837,4f:bb:00:00:02:0f,24.9375,64.0625,False,87.97058823529412,3899110.5
2026-06-24 09:44:24.735658,4f:bb:00:00:02:0f,25.3125,64.3125,False,87.97058823529412,3900367.0
2026-06-24 10:05:24.726135,4f:bb:00:00:02:0f,25.6875,64.25,False,87.97058823529412,3901630.0
2026-06-24 10:26:24.854834,4f:bb:00:00:02:0f,26.125,64.25,False,87.97058823529412,3902890.0
2026-06-24 10:47:25.014111,4f:bb:00:00:02:0f,26.5625,64.5,False,88.02941176470588,3904147.0
2026-06-24 11:08:25.097462,4f:bb:00:00:02:0f,27.0,64.75,False,88.02941176470588,3905409.0
2026-06-24 11:29:25.129929,4f:bb:00:00:02:0f,27.5,64.8125,False,88.05882352941177,3906669.0
2026-06-24 11:50:25.207915,4f:bb:00:00:02:0f,27.9375,65.0625,False,88.05882352941177,3907928.0
2026-06-24 12:11:25.355024,4f:bb:00:00:02:0f,28.375,65.0625,False,88.05882352941177,3909189.0
2026-06-24 12:32:25.433213,4f:bb:00:00:02:0f,28.8125,65.4375,False,88.05882352941177,3910449.0
2026-06-24 12:53:25.482720,4f:bb:00:00:02:0f,29.1875,65.5,False,87.97058823529412,3911707.0
2026-06-24 13:14:25.606154,4f:bb:00:00:02:0f,29.625,65.875,False,88.05882352941177,3912973.0
2026-06-24 13:35:25.730080,4f:bb:00:00:02:0f,30.0625,65.9375,False,88.05882352941177,3914232.0
2026-06-24 13:56:25.742922,4f:bb:00:00:02:0f,30.375,66.0625,False,88.11764705882354,3915487.0
2026-06-24 14:17:25.854376,4f:bb:00:00:02:0f,30.6875,66.375,False,88.23529411764706,3916750.0
2026-06-24 14:38:25.898604,4f:bb:00:00:02:0f,31.0,66.5,False,88.26470588235294,3918012.0
2026-06-24 14:59:25.968004,4f:bb:00:00:02:0f,31.375,66.875,False,88.32352941176471,3919268.0
2026-06-24 15:20:26.078756,4f:bb:00:00:02:0f,31.625,66.9375,False,88.3529411764706,3920530.0
2026-06-24 15:41:26.146669,4f:bb:00:00:02:0f,31.875,67.0,False,88.32352941176471,3921792.0
2026-06-24 16:02:26.236086,4f:bb:00:00:02:0f,32.125,67.3125,False,88.3529411764706,3923053.0
2026-06-24 16:23:26.327122,4f:bb:00:00:02:0f,32.3125,67.4375,False,88.38235294117646,3924310.0
2026-06-24 16:44:26.394123,4f:bb:00:00:02:0f,32.5625,67.4375,False,88.38235294117646,3925574.0
2026-06-24 17:05:26.472417,4f:bb:00:00:02:0f,32.75,67.5,False,88.41176470588235,3926833.0
2026-06-24 17:26:26.515899,4f:bb:00:00:02:0f,32.9375,67.75,False,88.44117647058823,3928090.0
2026-06-24 17:47:26.602185,4f:bb:00:00:02:0f,33.0625,67.8125,False,88.47058823529412,3929353.0
2026-06-24 18:08:26.660399,4f:bb:00:00:02:0f,33.1875,67.8125,False,88.47058823529412,3930613.0
2026-06-24 18:29:26.758519,4f:bb:00:00:02:0f,33.25,67.8125,False,88.52941176470588,3931869.0
2026-06-24 18:50:26.868861,4f:bb:00:00:02:0f,33.125,67.6875,False,88.52941176470588,3933134.0
2026-06-24 19:11:26.969929,4f:bb:00:00:02:0f,33.0,67.75,False,88.52941176470588,3934393.0
2026-06-24 19:32:27.034589,4f:bb:00:00:02:0f,32.875,67.4375,False,88.55882352941177,3935653.5
2026-06-24 19:53:27.137871,4f:bb:00:00:02:0f,32.6875,67.375,False,88.55882352941177,3936910.5
2026-06-24 20:14:27.260481,4f:bb:00:00:02:0f,32.375,67.1875,False,88.55882352941177,3938174.0
2026-06-24 20:35:27.270130,4f:bb:00:00:02:0f,31.9375,66.75,False,88.55882352941177,3939430.0
2026-06-24 20:56:27.376546,4f:bb:00:00:02:0f,31.3125,66.4375,False,88.58823529411765,3940694.0
2026-06-24 21:17:27.476096,4f:bb:00:00:02:0f,30.75,66.5,False,88.55882352941177,3941954.0
2026-06-24 21:38:27.487960,4f:bb:00:00:02:0f,30.3125,66.1875,False,88.55882352941177,3943211.0
2026-06-24 21:59:27.593040,4f:bb:00:00:02:0f,29.9375,66.125,False,88.55882352941177,3944473.0
2026-06-24 22:20:27.667250,4f:bb:00:00:02:0f,29.5,65.875,False,88.55882352941177,3945730.0
2026-06-24 22:41:27.706401,4f:bb:00:00:02:0f,29.125,65.8125,False,88.52941176470588,3946993.0
2026-06-24 23:02:27.788503,4f:bb:00:00:02:0f,28.75,65.75,False,88.55882352941177,3948250.5
2026-06-24 23:23:27.896111,4f:bb:00:00:02:0f,28.34375,65.5,False,88.55882352941177,3949514.5
2026-06-24 23:44:28.017912,4f:bb:00:00:02:0f,28.0,65.375,False,88.55882352941177,3950773.0
2026-06-25 00:05:27.999634,4f:bb:00:00:02:0f,27.6875,64.9375,False,88.5,3952033.0
2026-06-25 00:26:28.071960,4f:bb:00:00:02:0f,27.3125,64.8125,False,88.5,3953297.0
2026-06-25 00:47:28.173779,4f:bb:00:00:02:0f,26.875,64.4375,False,88.48529411764706,3954553.5
2026-06-25 01:08:28.286734,4f:bb:00:00:02:0f,26.5625,64.4375,False,88.48529411764706,3955814.0
2026-06-25 01:29:28.376095,4f:bb:00:00:02:0f,26.3125,64.375,False,88.47058823529412,3957075.0
2026-06-25 01:50:28.387286,4f:bb:00:00:02:0f,26.0625,64.0625,False,88.47058823529412,3958334.0
2026-06-25 02:11:28.474289,4f:bb:00:00:02:0f,25.8125,64.0,False,88.47058823529412,3959595.5
2026-06-25 02:32:28.472333,4f:bb:00:00:02:0f,25.5625,63.9375,False,88.44117647058823,3960856.0
2026-06-25 02:53:28.588803,4f:bb:00:00:02:0f,25.3125,63.875,False,88.44117647058823,3962114.0
2026-06-25 03:14:28.665445,4f:bb:00:00:02:0f,25.125,63.625,False,88.44117647058823,3963375.0
2026-06-25 03:35:28.786087,4f:bb:00:00:02:0f,24.9375,63.5,False,88.41176470588235,3964635.0
2026-06-25 03:56:28.892561,4f:bb:00:00:02:0f,24.6875,63.4375,False,88.3970588235294,3965893.5
2026-06-25 04:17:28.964378,4f:bb:00:00:02:0f,24.4375,63.3125,False,88.41176470588235,3967158.0
2026-06-25 04:38:29.021462,4f:bb:00:00:02:0f,24.1875,63.0,False,88.36764705882354,3968416.5
2026-06-25 04:59:29.033588,4f:bb:00:00:02:0f,24.0,63.0,False,88.38235294117646,3969676.0
2026-06-25 05:20:29.169589,4f:bb:00:00:02:0f,23.75,62.875,False,88.32352941176471,3970935.5
2026-06-25 05:41:29.204582,4f:bb:00:00:02:0f,23.5,62.5625,False,88.29411764705883,3972194.0
2026-06-25 06:02:29.308471,4f:bb:00:00:02:0f,23.25,62.5625,False,88.20588235294117,3973457.0
2026-06-25 06:23:29.344985,4f:bb:00:00:02:0f,23.125,62.5625,False,88.17647058823529,3974715.0
2026-06-25 06:44:29.462763,4f:bb:00:00:02:0f,23.0,62.5625,False,88.1470588235294,3975976.0
2026-06-25 07:05:29.482536,4f:bb:00:00:02:0f,22.9375,62.5625,False,88.1470588235294,3977239.5
2026-06-25 07:26:29.595247,4f:bb:00:00:02:0f,22.9375,62.5625,False,88.1470588235294,3978496.5
2026-06-25 07:47:29.679589,4f:bb:00:00:02:0f,22.875,62.5625,False,88.1470588235294,3979757.0
2026-06-25 08:08:29.750827,4f:bb:00:00:02:0f,22.9375,62.5625,False,88.1470588235294,3981017.0
2026-06-25 08:29:29.811040,4f:bb:00:00:02:0f,23.125,62.625,False,88.1470588235294,3982276.0
2026-06-25 08:50:29.935140,4f:bb:00:00:02:0f,23.375,62.6875,False,88.17647058823529,3983540.0
2026-06-25 09:11:30.004535,4f:bb:00:00:02:0f,23.6875,62.875,False,88.1470588235294,3984798.0
2026-06-25 09:32:30.152979,4f:bb:00:00:02:0f,24.0,62.875,False,88.1470588235294,3986056.5
2026-06-25 09:53:30.208465,4f:bb:00:00:02:0f,24.375,62.875,False,88.1470588235294,3987319.0
2026-06-25 10:14:30.255966,4f:bb:00:00:02:0f,24.75,63.0625,False,88.1470588235294,3988580.0
2026-06-25 10:35:30.294236,4f:bb:00:00:02:0f,25.0625,63.0,False,88.1470588235294,3989836.0
2026-06-25 10:56:30.397978,4f:bb:00:00:02:0f,25.4375,63.25,False,88.17647058823529,3991099.0
2026-06-25 11:17:30.522700,4f:bb:00:00:02:0f,25.8125,63.25,False,88.17647058823529,3992356.0
2026-06-25 11:38:30.515026,4f:bb:00:00:02:0f,26.1875,63.4375,False,88.20588235294117,3993619.5
2026-06-25 11:59:30.651878,4f:bb:00:00:02:0f,26.5,63.5,False,88.20588235294117,3994880.0
2026-06-25 12:20:30.711917,4f:bb:00:00:02:0f,26.8125,63.5,False,88.20588235294117,3996136.0
2026-06-25 12:41:30.825141,4f:bb:00:00:02:0f,27.0625,63.8125,False,88.17647058823529,3997398.5
2026-06-25 13:02:30.932208,4f:bb:00:00:02:0f,27.25,63.8125,False,88.20588235294117,3998660.0
2026-06-25 13:23:30.992500,4f:bb:00:00:02:0f,27.4375,63.9375,False,88.20588235294117,3999919.0
2026-06-25 13:44:31.102717,4f:bb:00:00:02:0f,27.625,64.0,False,88.20588235294117,4001181.0
2026-06-25 14:05:31.246841,4f:bb:00:00:02:0f,27.8125,64.0625,False,88.23529411764706,4002440.0
2026-06-25 14:26:31.308191,4f:bb:00:00:02:0f,28.0,64.375,False,88.23529411764706,4003698.0
2026-06-25 14:47:31.411287,4f:bb:00:00:02:0f,28.1875,64.4375,False,88.23529411764706,4004962.0
2026-06-25 15:08:31.474452,4f:bb:00:00:02:0f,28.3125,64.5,False,88.23529411764706,4006222.0
2026-06-25 15:29:31.503503,4f:bb:00:00:02:0f,28.4375,64.5625,False,88.26470588235294,4007478.0
2026-06-25 15:50:31.618244,4f:bb:00:00:02:0f,28.5625,64.625,False,88.26470588235294,4008740.0
2026-06-25 16:11:31.723251,4f:bb:00:00:02:0f,28.6875,64.625,False,88.26470588235294,4010003.0
2026-06-25 16:32:31.796231,4f:bb:00:00:02:0f,28.75,64.9375,False,88.27941176470588,4011261.5
2026-06-25 16:53:31.871392,4f:bb:00:00:02:0f,28.8125,64.9375,False,88.26470588235294,4012523.0
2026-06-25 17:14:31.993203,4f:bb:00:00:02:0f,28.8125,65.0,False,88.29411764705883,4013782.5
2026-06-25 17:35:32.111495,4f:bb:00:00:02:0f,28.875,65.0,False,88.29411764705883,4015040.0
2026-06-25 17:56:32.185248,4f:bb:00:00:02:0f,28.875,65.0625,False,88.29411764705883,4016302.5
2026-06-25 18:17:32.262167,4f:bb:00:00:02:0f,28.8125,65.0,False,88.29411764705883,4017559.5
2026-06-25 18:38:32.366109,4f:bb:00:00:02:0f,28.75,65.0,False,88.29411764705883,4018820.0
2026-06-25 18:59:32.427760,4f:bb:00:00:02:0f,28.6875,64.75,False,88.29411764705883,4020082.5
2026-06-25 19:20:32.546320,4f:bb:00:00:02:0f,28.5625,64.75,False,88.29411764705883,4021339.0
2026-06-25 19:41:32.641648,4f:bb:00:00:02:0f,28.4375,64.6875,False,88.29411764705883,4022602.0
2026-06-25 20:02:32.736624,4f:bb:00:00:02:0f,28.25,64.6875,False,88.29411764705883,4023862.5
2026-06-25 20:23:32.859994,4f:bb:00:00:02:0f,28.1875,64.6875,False,88.27941176470588,4025122.5
2026-06-25 20:44:32.944167,4f:bb:00:00:02:0f,28.0,64.6875,False,88.29411764705883,4026381.0
2026-06-25 21:05:33.028623,4f:bb:00:00:02:0f,27.875,64.6875,False,88.29411764705883,4027641.0
2026-06-25 21:26:33.053099,4f:bb:00:00:02:0f,27.75,64.4375,False,88.29411764705883,4028903.0
2026-06-25 21:47:33.158066,4f:bb:00:00:02:0f,27.625,64.375,False,88.29411764705883,4030163.0
2026-06-25 22:08:33.244350,4f:bb:00:00:02:0f,27.5,64.3125,False,88.26470588235294,4031420.5
2026-06-25 22:29:33.322941,4f:bb:00:00:02:0f,27.3125,64.25,False,88.29411764705883,4032683.0
2026-06-25 22:50:33.471830,4f:bb:00:00:02:0f,27.125,64.1875,False,88.29411764705883,4033946.0
2026-06-25 23:11:33.546861,4f:bb:00:00:02:0f,26.875,63.875,False,88.29411764705883,4035202.5
2026-06-25 23:32:33.682144,4f:bb:00:00:02:0f,26.6875,63.75,False,88.29411764705883,4036463.0
2026-06-25 23:53:33.742198,4f:bb:00:00:02:0f,26.4375,63.75,False,88.29411764705883,4037722.0
2026-06-26 00:14:33.824055,4f:bb:00:00:02:0f,26.1875,63.625,False,88.26470588235294,4038984.0
2026-06-26 00:35:33.860615,4f:bb:00:00:02:0f,25.9375,63.375,False,88.26470588235294,4040244.5
2026-06-26 00:56:33.910236,4f:bb:00:00:02:0f,25.75,63.4375,False,88.23529411764706,4041502.0
2026-06-26 01:17:34.017629,4f:bb:00:00:02:0f,25.625,63.4375,False,88.23529411764706,4042761.0
2026-06-26 01:38:34.090687,4f:bb:00:00:02:0f,25.4375,63.375,False,88.23529411764706,4044024.0
2026-06-26 01:59:34.184353,4f:bb:00:00:02:0f,25.375,63.375,False,88.23529411764706,4045284.5
2026-06-26 02:20:34.285591,4f:bb:00:00:02:0f,25.25,63.125,False,88.20588235294117,4046542.5
2026-06-26 02:41:34.382931,4f:bb:00:00:02:0f,25.15625,63.125,False,88.23529411764706,4047805.5
2026-06-26 03:02:34.474185,4f:bb:00:00:02:0f,25.0625,63.125,False,88.23529411764706,4049063.0
2026-06-26 03:23:34.500456,4f:bb:00:00:02:0f,25.0,63.125,False,88.20588235294117,4050326.0
2026-06-26 03:44:34.592892,4f:bb:00:00:02:0f,24.9375,63.125,False,88.23529411764706,4051580.0
2026-06-26 04:05:34.618790,4f:bb:00:00:02:0f,24.875,63.0625,False,88.20588235294117,4052844.0
2026-06-26 04:26:34.712053,4f:bb:00:00:02:0f,24.78125,63.0625,False,88.17647058823529,4054105.5
2026-06-26 04:47:34.790001,4f:bb:00:00:02:0f,24.71875,63.0625,False,88.17647058823529,4055364.0
2026-06-26 05:08:34.822657,4f:bb:00:00:02:0f,24.6875,63.0625,False,88.17647058823529,4056626.0
2026-06-26 05:29:34.912215,4f:bb:00:00:02:0f,24.625,63.0625,False,88.17647058823529,4057888.0
2026-06-26 05:50:35.019470,4f:bb:00:00:02:0f,24.5625,63.0625,False,88.1470588235294,4059142.5
2026-06-26 06:11:35.004390,4f:bb:00:00:02:0f,24.5625,63.0625,False,88.17647058823529,4060408.0
2026-06-26 06:32:35.111239,4f:bb:00:00:02:0f,24.5625,63.0625,False,88.1470588235294,4061669.0
2026-06-26 06:53:35.134023,4f:bb:00:00:02:0f,24.5625,63.125,False,88.1470588235294,4062925.5
2026-06-26 07:14:35.222577,4f:bb:00:00:02:0f,24.625,63.125,False,88.1470588235294,4064188.5
2026-06-26 07:35:35.276290,4f:bb:00:00:02:0f,24.6875,63.125,False,88.17647058823529,4065447.0
2026-06-26 07:56:35.364311,4f:bb:00:00:02:0f,24.8125,63.1875,False,88.1470588235294,4066705.5
2026-06-26 08:17:35.446634,4f:bb:00:00:02:0f,24.9375,63.1875,False,88.1470588235294,4067966.0
2026-06-26 08:38:35.572135,4f:bb:00:00:02:0f,25.0625,63.25,False,88.1470588235294,4069225.5
2026-06-26 08:59:35.579702,4f:bb:00:00:02:0f,25.3125,63.5625,False,88.17647058823529,4070484.0
2026-06-26 09:20:35.719896,4f:bb:00:00:02:0f,25.6875,63.5625,False,88.17647058823529,4071746.0
2026-06-26 09:41:35.763412,4f:bb:00:00:02:0f,26.0625,63.5625,False,88.17647058823529,4073006.0
2026-06-26 10:02:35.899843,4f:bb:00:00:02:0f,26.4375,63.75,False,88.1470588235294,4074269.0
2026-06-26 10:23:35.982591,4f:bb:00:00:02:0f,26.8125,63.75,False,88.17647058823529,4075529.0
2026-06-26 10:44:36.129451,4f:bb:00:00:02:0f,27.1875,64.0,False,88.17647058823529,4076789.0
2026-06-26 11:05:36.158446,4f:bb:00:00:02:0f,27.625,64.0625,False,88.17647058823529,4078046.5
2026-06-26 11:26:36.273997,4f:bb:00:00:02:0f,28.1875,64.375,False,88.20588235294117,4079308.5
2026-06-26 11:47:36.333638,4f:bb:00:00:02:0f,28.8125,64.6875,False,88.20588235294117,4080569.0
2026-06-26 12:08:36.444245,4f:bb:00:00:02:0f,29.25,64.6875,False,88.23529411764706,4081826.0
2026-06-26 12:29:36.523745,4f:bb:00:00:02:0f,29.75,65.0,False,88.26470588235294,4083089.0
2026-06-26 12:50:36.612115,4f:bb:00:00:02:0f,30.1875,65.125,False,88.26470588235294,4084351.5
2026-06-26 13:11:36.628860,4f:bb:00:00:02:0f,30.625,65.5,False,88.29411764705883,4085611.0
2026-06-26 13:32:36.742306,4f:bb:00:00:02:0f,30.9375,65.5625,False,88.29411764705883,4086869.0
2026-06-26 13:53:36.823498,4f:bb:00:00:02:0f,31.1875,65.625,False,88.32352941176471,4088129.0
2026-06-26 14:14:36.903732,4f:bb:00:00:02:0f,31.5,66.0625,False,88.32352941176471,4089391.5
2026-06-26 14:35:37.036481,4f:bb:00:00:02:0f,31.875,66.1875,False,88.3529411764706,4090648.0
2026-06-26 14:56:37.102199,4f:bb:00:00:02:0f,32.25,66.5,False,88.36764705882354,4091910.0
2026-06-26 15:17:37.162389,4f:bb:00:00:02:0f,32.5,66.5,False,88.38235294117646,4093172.0
2026-06-26 15:38:37.226748,4f:bb:00:00:02:0f,32.75,66.5,False,88.38235294117646,4094428.0
2026-06-26 15:59:37.322208,4f:bb:00:00:02:0f,32.9375,66.5625,False,88.38235294117646,4095688.5
2026-06-26 16:20:37.434350,4f:bb:00:00:02:0f,33.0625,66.875,False,88.44117647058823,4096952.0
2026-06-26 16:41:37.535283,4f:bb:00:00:02:0f,33.25,67.0,False,88.42647058823529,4098210.0
2026-06-26 17:02:37.616887,4f:bb:00:00:02:0f,33.4375,67.0,False,88.44117647058823,4099468.5
2026-06-26 17:23:37.772506,4f:bb:00:00:02:0f,33.625,67.0,False,88.47058823529412,4100732.0
2026-06-26 17:44:37.826276,4f:bb:00:00:02:0f,33.75,67.0625,False,88.5,4101991.0
2026-06-26 18:05:37.898503,4f:bb:00:00:02:0f,33.875,67.3125,False,88.55882352941177,4103248.0
2026-06-26 18:26:38.023011,4f:bb:00:00:02:0f,34.0,67.25,False,88.55882352941177,4104511.0
2026-06-26 18:47:38.104580,4f:bb:00:00:02:0f,34.0,67.25,False,88.58823529411765,4105773.0
2026-06-26 19:08:38.169242,4f:bb:00:00:02:0f,33.9375,67.125,False,88.55882352941177,4107029.0
2026-06-26 19:29:38.257779,4f:bb:00:00:02:0f,33.8125,67.0,False,88.58823529411765,4108291.0
2026-06-26 19:50:38.329500,4f:bb:00:00:02:0f,33.6875,66.6875,False,88.58823529411765,4109552.0
2026-06-26 20:11:38.434800,4f:bb:00:00:02:0f,33.5,66.625,False,88.61764705882354,4110813.0
2026-06-26 20:32:38.496316,4f:bb:00:00:02:0f,33.3125,66.5625,False,88.58823529411765,4112071.0
2026-06-26 20:53:38.480171,4f:bb:00:00:02:0f,33.125,66.5,False,88.61764705882354,4113333.0
2026-06-26 21:14:38.606674,4f:bb:00:00:02:0f,32.8125,66.125,False,88.61764705882354,4114591.0
2026-06-26 21:35:38.694126,4f:bb:00:00:02:0f,32.5,66.0,False,88.61764705882354,4115852.0
2026-06-26 21:56:38.762224,4f:bb:00:00:02:0f,32.1875,66.0,False,88.61764705882354,4117115.0
2026-06-26 22:17:38.861848,4f:bb:00:00:02:0f,31.875,65.6875,False,88.6470588235294,4118374.0
2026-06-26 22:38:38.980182,4f:bb:00:00:02:0f,31.625,65.6875,False,88.6470588235294,4119631.0
2026-06-26 22:59:39.014040,4f:bb:00:00:02:0f,31.4375,65.625,False,88.61764705882354,4120891.0
2026-06-26 23:20:39.102688,4f:bb:00:00:02:0f,31.25,65.5,False,88.6470588235294,4122155.0
2026-06-26 23:41:39.166234,4f:bb:00:00:02:0f,31.0,65.125,False,88.61764705882354,4123411.0
2026-06-27 00:02:39.183542,4f:bb:00:00:02:0f,30.75,65.0625,False,88.61764705882354,4124674.0
2026-06-27 00:23:39.222381,4f:bb:00:00:02:0f,30.5,65.125,False,88.61764705882354,4125934.0
2026-06-27 00:44:39.324088,4f:bb:00:00:02:0f,30.4375,65.125,False,88.61764705882354,4127192.0
2026-06-27 01:05:39.447969,4f:bb:00:00:02:0f,30.375,65.0625,False,88.61764705882354,4128451.5
2026-06-27 01:26:39.558025,4f:bb:00:00:02:0f,30.3125,64.75,False,88.61764705882354,4129715.0
2026-06-27 01:47:39.651265,4f:bb:00:00:02:0f,30.1875,64.625,False,88.6029411764706,4130976.0
2026-06-27 02:08:39.743932,4f:bb:00:00:02:0f,30.0,64.5625,False,88.61764705882354,4132231.5
2026-06-27 02:29:39.793390,4f:bb:00:00:02:0f,29.8125,64.4375,False,88.6470588235294,4133494.0
2026-06-27 02:50:39.877469,4f:bb:00:00:02:0f,29.625,64.375,False,88.61764705882354,4134753.0
2026-06-27 03:11:39.974401,4f:bb:00:00:02:0f,29.375,64.0625,False,88.61764705882354,4136014.0
2026-06-27 03:32:40.059970,4f:bb:00:00:02:0f,29.125,64.0625,False,88.6029411764706,4137273.0
2026-06-27 03:53:40.104546,4f:bb:00:00:02:0f,28.9375,64.0,False,88.58823529411765,4138535.0
2026-06-27 04:14:40.211736,4f:bb:00:00:02:0f,28.6875,63.9375,False,88.55882352941177,4139794.0
2026-06-27 04:35:40.302593,4f:bb:00:00:02:0f,28.5,63.5625,False,88.61764705882354,4141055.0
2026-06-27 04:56:40.411797,4f:bb:00:00:02:0f,28.25,63.5625,False,88.55882352941177,4142314.0
2026-06-27 05:17:40.545612,4f:bb:00:00:02:0f,28.1875,63.5625,False,88.58823529411765,4143574.0
2026-06-27 05:38:40.532359,4f:bb:00:00:02:0f,28.0625,63.5,False,88.55882352941177,4144837.0
2026-06-27 05:59:40.618331,4f:bb:00:00:02:0f,27.875,63.4375,False,88.55882352941177,4146093.0
2026-06-27 06:20:40.646818,4f:bb:00:00:02:0f,27.75,63.1875,False,88.55882352941177,4147360.5
2026-06-27 06:41:40.747920,4f:bb:00:00:02:0f,27.6875,63.1875,False,88.55882352941177,4148614.5
2026-06-27 07:02:40.801962,4f:bb:00:00:02:0f,27.6875,63.125,False,88.55882352941177,4149875.0
2026-06-27 07:23:40.819959,4f:bb:00:00:02:0f,27.625,63.125,False,88.55882352941177,4151137.0
2026-06-27 07:44:40.872739,4f:bb:00:00:02:0f,27.5625,63.0625,False,88.55882352941177,4152397.0
2026-06-27 08:05:40.982567,4f:bb:00:00:02:0f,27.5,63.0625,False,88.52941176470588,4153657.0
2026-06-27 08:26:41.097285,4f:bb:00:00:02:0f,27.5,63.0,False,88.52941176470588,4154917.0
2026-06-27 08:47:41.174791,4f:bb:00:00:02:0f,27.4375,62.9375,False,88.52941176470588,4156176.0
2026-06-27 09:08:41.233318,4f:bb:00:00:02:0f,27.3125,62.875,False,88.5,4157437.0
2026-06-27 09:29:41.224235,4f:bb:00:00:02:0f,27.25,62.875,False,88.5,4158696.0
2026-06-27 09:50:41.267943,4f:bb:00:00:02:0f,27.25,62.875,False,88.51470588235294,4159954.0
2026-06-27 10:11:41.379289,4f:bb:00:00:02:0f,27.125,62.75,False,88.5,4161218.0
2026-06-27 10:32:41.397734,4f:bb:00:00:02:0f,27.125,62.8125,False,88.5,4162477.0
2026-06-27 10:53:41.504546,4f:bb:00:00:02:0f,27.1875,62.8125,False,88.5,4163737.0
2026-06-27 11:14:41.571802,4f:bb:00:00:02:0f,27.25,62.8125,False,88.5,4164998.0
2026-06-27 11:35:41.568896,4f:bb:00:00:02:0f,27.3125,62.875,False,88.5,4166258.0
2026-06-27 11:56:41.568275,4f:bb:00:00:02:0f,27.5,62.875,False,88.5,4167514.5
2026-06-27 12:17:41.599341,4f:bb:00:00:02:0f,27.6875,62.8125,False,88.5,4168778.0
2026-06-27 12:38:41.714162,4f:bb:00:00:02:0f,27.875,63.0625,False,88.5,4170039.0
2026-06-27 12:59:41.848823,4f:bb:00:00:02:0f,28.0,63.0625,False,88.5,4171295.0
2026-06-27 13:20:41.944478,4f:bb:00:00:02:0f,28.1875,63.0625,False,88.47058823529412,4172558.0
2026-06-27 13:41:42.004675,4f:bb:00:00:02:0f,28.3125,63.0625,False,88.47058823529412,4173818.0
2026-06-27 14:02:42.011585,4f:bb:00:00:02:0f,28.4375,63.0625,False,88.5,4175077.0
2026-06-27 14:23:42.095486,4f:bb:00:00:02:0f,28.625,63.125,False,88.47058823529412,4176337.0
2026-06-27 14:44:42.087080,4f:bb:00:00:02:0f,28.75,63.375,False,88.5,4177600.5
2026-06-27 15:05:42.223896,4f:bb:00:00:02:0f,28.875,63.375,False,88.47058823529412,4178857.5
2026-06-27 15:26:42.297947,4f:bb:00:00:02:0f,29.0,63.4375,False,88.5,4180118.0
2026-06-27 15:47:42.430686,4f:bb:00:00:02:0f,29.125,63.4375,False,88.52941176470588,4181379.0
2026-06-27 16:08:42.495477,4f:bb:00:00:02:0f,29.1875,63.4375,False,88.5,4182641.0
2026-06-27 16:29:42.606710,4f:bb:00:00:02:0f,29.25,63.4375,False,88.52941176470588,4183899.0
2026-06-27 16:50:42.705072,4f:bb:00:00:02:0f,29.125,63.25,False,88.5,4185157.0
2026-06-27 17:11:42.793551,4f:bb:00:00:02:0f,28.875,63.1875,False,88.5,4186421.0
2026-06-27 17:32:42.885394,4f:bb:00:00:02:0f,28.625,63.0,False,88.5,4187680.0
2026-06-27 17:53:42.986088,4f:bb:00:00:02:0f,28.4375,63.0625,False,88.5,4188940.0
2026-06-27 18:14:43.078146,4f:bb:00:00:02:0f,28.1875,62.9375,False,88.5,4190198.0
2026-06-27 18:35:43.096000,4f:bb:00:00:02:0f,27.9375,63.0,False,88.5,4191458.0
2026-06-27 18:56:43.207717,4f:bb:00:00:02:0f,27.75,62.8125,False,88.47058823529412,4192723.0
2026-06-27 19:17:43.317566,4f:bb:00:00:02:0f,27.6875,62.9375,False,88.5,4193980.5
2026-06-27 19:38:43.403067,4f:bb:00:00:02:0f,27.625,62.8125,False,88.5,4195241.0
2026-06-27 19:59:43.511568,4f:bb:00:00:02:0f,27.5,62.8125,False,88.47058823529412,4196500.0
2026-06-27 20:20:43.562854,4f:bb:00:00:02:0f,27.5,62.875,False,88.47058823529412,4197759.0
2026-06-27 20:41:43.660306,4f:bb:00:00:02:0f,27.5,62.8125,False,88.47058823529412,4199021.0
2026-06-27 21:02:43.763979,4f:bb:00:00:02:0f,27.375,62.75,False,88.44117647058823,4200282.0
2026-06-27 21:23:43.816529,4f:bb:00:00:02:0f,27.25,62.75,False,88.44117647058823,4201540.0
2026-06-27 21:44:43.880909,4f:bb:00:00:02:0f,27.1875,62.6875,False,88.44117647058823,4202801.0
2026-06-27 22:05:43.955100,4f:bb:00:00:02:0f,27.0625,62.5625,False,88.44117647058823,4204063.0
2026-06-27 22:26:44.001869,4f:bb:00:00:02:0f,26.9375,62.3125,False,88.44117647058823,4205320.0
2026-06-27 22:47:44.016429,4f:bb:00:00:02:0f,26.8125,62.25,False,88.44117647058823,4206584.0
2026-06-27 23:08:44.123403,4f:bb:00:00:02:0f,26.75,62.25,False,88.41176470588235,4207840.0
2026-06-27 23:29:44.169225,4f:bb:00:00:02:0f,26.625,62.1875,False,88.38235294117646,4209104.0
2026-06-27 23:50:44.219140,4f:bb:00:00:02:0f,26.5625,62.125,False,88.41176470588235,4210360.5
2026-06-28 00:11:44.307025,4f:bb:00:00:02:0f,26.4375,62.125,False,88.41176470588235,4211623.5
2026-06-28 00:32:44.415644,4f:bb:00:00:02:0f,26.3125,62.0625,False,88.38235294117646,4212883.0
2026-06-28 00:53:44.478880,4f:bb:00:00:02:0f,26.1875,62.0,False,88.38235294117646,4214142.0
2026-06-28 01:14:44.562159,4f:bb:00:00:02:0f,26.0625,61.75,False,88.41176470588235,4215401.0
2026-06-28 01:35:44.633833,4f:bb:00:00:02:0f,25.875,61.6875,False,88.38235294117646,4216664.0
2026-06-28 01:56:44.722971,4f:bb:00:00:02:0f,25.75,61.5625,False,88.38235294117646,4217920.0
2026-06-28 02:17:44.763635,4f:bb:00:00:02:0f,25.5625,61.5625,False,88.38235294117646,4219184.0
2026-06-28 02:38:44.850839,4f:bb:00:00:02:0f,25.375,61.5,False,88.3529411764706,4220441.0
2026-06-28 02:59:44.942616,4f:bb:00:00:02:0f,25.1875,61.1875,False,88.3529411764706,4221704.0
2026-06-28 03:20:45.003644,4f:bb:00:00:02:0f,25.0,61.0625,False,88.3529411764706,4222963.5
2026-06-28 03:41:45.125776,4f:bb:00:00:02:0f,24.75,61.0,False,88.3529411764706,4224226.5
2026-06-28 04:02:45.176358,4f:bb:00:00:02:0f,24.5625,60.9375,False,88.3529411764706,4225482.5
2026-06-28 04:23:45.254762,4f:bb:00:00:02:0f,24.375,60.6875,False,88.32352941176471,4226743.0
2026-06-28 04:44:45.326567,4f:bb:00:00:02:0f,24.1875,60.625,False,88.29411764705883,4228005.0
2026-06-28 05:05:45.407030,4f:bb:00:00:02:0f,24.0625,60.625,False,88.29411764705883,4229265.0
2026-06-28 05:26:45.524425,4f:bb:00:00:02:0f,23.875,60.5625,False,88.29411764705883,4230523.0
2026-06-28 05:47:45.620341,4f:bb:00:00:02:0f,23.75,60.5625,False,88.29411764705883,4231784.0
2026-06-28 06:08:45.693790,4f:bb:00:00:02:0f,23.625,60.5,False,88.29411764705883,4233044.0
2026-06-28 06:29:45.784394,4f:bb:00:00:02:0f,23.4375,60.25,False,88.26470588235294,4234306.0
2026-06-28 06:50:45.888631,4f:bb:00:00:02:0f,23.3125,60.1875,False,88.23529411764706,4235563.5
2026-06-28 07:11:45.974015,4f:bb:00:00:02:0f,23.1875,60.1875,False,88.20588235294117,4236827.0
2026-06-28 07:32:46.071810,4f:bb:00:00:02:0f,22.9375,59.875,False,88.1470588235294,4238083.5
2026-06-28 07:53:46.159569,4f:bb:00:00:02:0f,22.625,59.5,False,88.1470588235294,4239343.0
2026-06-28 08:14:46.245674,4f:bb:00:00:02:0f,22.375,59.625,False,88.11764705882354,4240605.0
2026-06-28 08:35:46.345156,4f:bb:00:00:02:0f,22.3125,59.75,False,88.1470588235294,4241865.0
2026-06-28 08:56:46.412283,4f:bb:00:00:02:0f,22.3125,59.6875,False,88.11764705882354,4243127.0
2026-06-28 09:17:46.478682,4f:bb:00:00:02:0f,22.3125,59.75,False,88.08823529411765,4244384.0
2026-06-28 09:38:46.550327,4f:bb:00:00:02:0f,22.3125,59.75,False,88.1029411764706,4245645.0
2026-06-28 09:59:46.613260,4f:bb:00:00:02:0f,22.3125,59.75,False,88.11764705882354,4246906.5
2026-06-28 10:20:46.738732,4f:bb:00:00:02:0f,22.375,59.8125,False,88.11764705882354,4248166.0
2026-06-28 10:41:46.854465,4f:bb:00:00:02:0f,22.4375,59.875,False,88.11764705882354,4249425.0
2026-06-28 11:02:46.879736,4f:bb:00:00:02:0f,22.6875,59.875,False,88.08823529411765,4250688.0
2026-06-28 11:23:46.970023,4f:bb:00:00:02:0f,22.875,60.125,False,88.11764705882354,4251945.5
2026-06-28 11:44:47.049558,4f:bb:00:00:02:0f,23.125,60.125,False,88.11764705882354,4253206.0
2026-06-28 12:05:47.143310,4f:bb:00:00:02:0f,23.3125,60.0625,False,88.11764705882354,4254469.0
2026-06-28 12:26:47.255773,4f:bb:00:00:02:0f,23.4375,60.0625,False,88.08823529411765,4255729.0
2026-06-28 12:47:47.284454,4f:bb:00:00:02:0f,23.4375,60.0625,False,88.08823529411765,4256987.0
2026-06-28 13:08:47.292439,4f:bb:00:00:02:0f,23.375,60.0625,False,88.05882352941177,4258248.0
2026-06-28 13:29:47.352382,4f:bb:00:00:02:0f,23.25,60.125,False,88.05882352941177,4259509.5
2026-06-28 13:50:47.373274,4f:bb:00:00:02:0f,23.3125,60.3125,False,88.08823529411765,4260766.0
2026-06-28 14:11:47.454830,4f:bb:00:00:02:0f,23.5,60.375,False,88.05882352941177,4262029.5
2026-06-28 14:32:47.543874,4f:bb:00:00:02:0f,23.625,60.5625,False,88.05882352941177,4263286.5
2026-06-28 14:53:47.598532,4f:bb:00:00:02:0f,23.6875,60.625,False,88.05882352941177,4264546.0
2026-06-28 15:14:47.706840,4f:bb:00:00:02:0f,23.8125,60.625,False,88.05882352941177,4265806.5
2026-06-28 15:35:47.728717,4f:bb:00:00:02:0f,23.9375,60.625,False,88.08823529411765,4267069.0
2026-06-28 15:56:47.846728,4f:bb:00:00:02:0f,23.9375,60.625,False,88.07352941176471,4268328.0
2026-06-28 16:17:47.907612,4f:bb:00:00:02:0f,24.0,60.6875,False,88.05882352941177,4269587.0
2026-06-28 16:38:48.004205,4f:bb:00:00:02:0f,24.0,60.6875,False,88.05882352941177,4270850.0
2026-06-28 16:59:48.123011,4f:bb:00:00:02:0f,24.0625,60.75,False,88.05882352941177,4272106.5
2026-06-28 17:20:48.154341,4f:bb:00:00:02:0f,24.1875,60.75,False,88.08823529411765,4273367.0
2026-06-28 17:41:48.178573,4f:bb:00:00:02:0f,24.25,60.75,False,88.07352941176471,4274628.0
2026-06-28 18:02:48.252901,4f:bb:00:00:02:0f,24.25,60.6875,False,88.05882352941177,4275889.0
2026-06-28 18:23:48.380453,4f:bb:00:00:02:0f,24.1875,60.625,False,88.08823529411765,4277149.5
2026-06-28 18:44:48.401421,4f:bb:00:00:02:0f,24.0625,60.5625,False,88.05882352941177,4278412.0
2026-06-28 19:05:48.524466,4f:bb:00:00:02:0f,24.0,60.625,False,88.05882352941177,4279669.0
2026-06-28 19:26:48.605249,4f:bb:00:00:02:0f,24.0,60.6875,False,88.05882352941177,4280930.0
2026-06-28 19:47:48.681066,4f:bb:00:00:02:0f,24.0625,60.75,False,88.05882352941177,4282189.0
2026-06-28 20:08:48.690018,4f:bb:00:00:02:0f,24.125,60.75,False,88.05882352941177,4283450.0
2026-06-28 20:29:48.803240,4f:bb:00:00:02:0f,24.125,60.75,False,88.05882352941177,4284710.0
2026-06-28 20:50:48.898340,4f:bb:00:00:02:0f,24.1875,60.75,False,88.05882352941177,4285973.0
2026-06-28 21:11:48.984205,4f:bb:00:00:02:0f,24.1875,60.75,False,88.02941176470588,4287232.0
2026-06-28 21:32:49.067055,4f:bb:00:00:02:0f,24.25,60.75,False,88.02941176470588,4288490.0
2026-06-28 21:53:49.207114,4f:bb:00:00:02:0f,24.25,60.75,False,88.02941176470588,4289750.0
2026-06-28 22:14:49.252496,4f:bb:00:00:02:0f,24.25,60.75,False,88.05882352941177,4291012.0
2026-06-28 22:35:49.335386,4f:bb:00:00:02:0f,24.25,60.75,False,88.02941176470588,4292269.5
2026-06-28 22:56:49.443263,4f:bb:00:00:02:0f,24.3125,60.75,False,88.02941176470588,4293530.0
2026-06-28 23:17:49.571416,4f:bb:00:00:02:0f,24.3125,60.75,False,88.02941176470588,4294790.0
2026-06-28 23:38:49.666784,4f:bb:00:00:02:0f,24.25,60.6875,False,88.05882352941177,4296051.0
2026-06-28 23:59:49.692994,4f:bb:00:00:02:0f,24.1875,60.625,False,88.02941176470588,4297313.0
2026-06-29 00:20:49.762632,4f:bb:00:00:02:0f,24.0625,60.5625,False,88.02941176470588,4298569.5
2026-06-29 00:41:49.879971,4f:bb:00:00:02:0f,24.0,60.5,False,88.0,4299832.0
2026-06-29 01:02:49.923128,4f:bb:00:00:02:0f,23.8125,60.4375,False,88.02941176470588,4301097.5
2026-06-29 01:23:50.031064,4f:bb:00:00:02:0f,23.6875,60.375,False,88.0,4302351.0
2026-06-29 01:44:50.117709,4f:bb:00:00:02:0f,23.625,60.3125,False,88.02941176470588,4303612.5
2026-06-29 02:05:50.185226,4f:bb:00:00:02:0f,23.5,60.0625,False,88.0,4304873.0
2026-06-29 02:26:50.246041,4f:bb:00:00:02:0f,23.4375,60.0625,False,88.0,4306129.0
2026-06-29 02:47:50.259009,4f:bb:00:00:02:0f,23.3125,60.0625,False,88.0,4307392.5
2026-06-29 03:08:50.307785,4f:bb:00:00:02:0f,23.25,60.0,False,88.0,4308654.0
2026-06-29 03:29:50.422499,4f:bb:00:00:02:0f,23.1875,60.0,False,87.97058823529412,4309912.0
2026-06-29 03:50:50.507611,4f:bb:00:00:02:0f,23.125,59.9375,False,87.95588235294117,4311174.0
2026-06-29 04:11:50.581460,4f:bb:00:00:02:0f,23.0,59.9375,False,87.94117647058823,4312433.0
2026-06-29 04:32:50.713301,4f:bb:00:00:02:0f,22.9375,59.875,False,87.97058823529412,4313693.0
2026-06-29 04:53:50.781866,4f:bb:00:00:02:0f,22.875,59.875,False,87.97058823529412,4314955.0
2026-06-29 05:14:50.869338,4f:bb:00:00:02:0f,22.75,59.8125,False,87.94117647058823,4316212.0
2026-06-29 05:35:50.886012,4f:bb:00:00:02:0f,22.6875,59.5625,False,87.94117647058823,4317472.0
2026-06-29 05:56:50.958568,4f:bb:00:00:02:0f,22.5625,59.5,False,87.94117647058823,4318735.0
2026-06-29 06:17:51.095781,4f:bb:00:00:02:0f,22.5,59.5,False,87.94117647058823,4319994.0
2026-06-29 06:38:51.150413,4f:bb:00:00:02:0f,22.375,59.4375,False,87.91176470588235,4321255.0
2026-06-29 06:59:51.214245,4f:bb:00:00:02:0f,22.375,59.4375,False,87.91176470588235,4322513.0
2026-06-29 07:20:51.245688,4f:bb:00:00:02:0f,22.25,59.375,False,87.91176470588235,4323774.0
2026-06-29 07:41:51.255740,4f:bb:00:00:02:0f,22.25,59.375,False,87.91176470588235,4325033.0
2026-06-29 08:02:51.303963,4f:bb:00:00:02:0f,22.1875,59.375,False,87.91176470588235,4326295.0
2026-06-29 08:23:51.306501,4f:bb:00:00:02:0f,22.1875,59.375,False,87.91176470588235,4327556.0
2026-06-29 08:44:51.416806,4f:bb:00:00:02:0f,22.1875,59.4375,False,87.8970588235294,4328814.0
2026-06-29 09:05:51.514157,4f:bb:00:00:02:0f,22.3125,59.4375,False,87.88235294117646,4330075.5
2026-06-29 09:26:51.618583,4f:bb:00:00:02:0f,22.4375,59.4375,False,87.88235294117646,4331336.0
2026-06-29 09:47:51.693347,4f:bb:00:00:02:0f,22.5625,59.4375,False,87.88235294117646,4332593.0
2026-06-29 10:08:51.770351,4f:bb:00:00:02:0f,22.75,59.4375,False,87.88235294117646,4333856.0
2026-06-29 10:29:51.819218,4f:bb:00:00:02:0f,22.875,59.625,False,87.88235294117646,4335112.5
2026-06-29 10:50:51.952227,4f:bb:00:00:02:0f,23.0,59.625,False,87.91176470588235,4336375.0
2026-06-29 11:11:51.993849,4f:bb:00:00:02:0f,23.1875,59.625,False,87.91176470588235,4337636.0
2026-06-29 11:32:52.094421,4f:bb:00:00:02:0f,23.3125,59.625,False,87.91176470588235,4338895.5
2026-06-29 11:53:52.181178,4f:bb:00:00:02:0f,23.4375,59.5625,False,87.91176470588235,4340158.5
2026-06-29 12:14:52.283241,4f:bb:00:00:02:0f,23.5625,59.5625,False,87.91176470588235,4341417.5
2026-06-29 12:35:52.412909,4f:bb:00:00:02:0f,23.6875,59.8125,False,87.91176470588235,4342676.0
2026-06-29 12:56:52.488555,4f:bb:00:00:02:0f,23.75,59.8125,False,87.91176470588235,4343937.0
2026-06-29 13:17:52.553955,4f:bb:00:00:02:0f,23.875,59.875,False,87.91176470588235,4345196.0
2026-06-29 13:38:52.583631,4f:bb:00:00:02:0f,23.9375,59.875,False,87.91176470588235,4346458.5
2026-06-29 13:59:52.675219,4f:bb:00:00:02:0f,24.0,59.875,False,87.91176470588235,4347717.0
2026-06-29 14:20:52.726234,4f:bb:00:00:02:0f,24.0625,59.9375,False,87.91176470588235,4348976.0
2026-06-29 14:41:52.832639,4f:bb:00:00:02:0f,24.1875,60.0,False,87.91176470588235,4350237.0
2026-06-29 15:02:52.911022,4f:bb:00:00:02:0f,24.1875,60.0,False,87.94117647058823,4351497.0
2026-06-29 15:23:53.022658,4f:bb:00:00:02:0f,24.25,59.9375,False,87.91176470588235,4352756.0
2026-06-29 15:44:53.099476,4f:bb:00:00:02:0f,24.3125,60.0,False,87.91176470588235,4354018.0
2026-06-29 16:05:53.230338,4f:bb:00:00:02:0f,24.3125,60.0,False,87.94117647058823,4355279.0
2026-06-29 16:26:53.237927,4f:bb:00:00:02:0f,24.3125,60.0,False,87.91176470588235,4356537.0
2026-06-29 16:47:53.272783,4f:bb:00:00:02:0f,24.375,60.0,False,87.94117647058823,4357799.0
2026-06-29 17:08:53.389380,4f:bb:00:00:02:0f,24.4375,60.0625,False,87.91176470588235,4359057.5
2026-06-29 17:29:53.472798,4f:bb:00:00:02:0f,24.4375,60.3125,False,87.94117647058823,4360317.0
2026-06-29 17:50:53.572288,4f:bb:00:00:02:0f,24.5,60.3125,False,87.91176470588235,4361581.5
2026-06-29 18:11:53.667360,4f:bb:00:00:02:0f,24.5625,60.3125,False,87.94117647058823,4362838.0
2026-06-29 18:32:53.765447,4f:bb:00:00:02:0f,24.5625,60.25,False,87.94117647058823,4364102.0
2026-06-29 18:53:53.874008,4f:bb:00:00:02:0f,24.5625,60.25,False,87.92647058823529,4365360.0
2026-06-29 19:14:53.978631,4f:bb:00:00:02:0f,24.5,60.25,False,87.94117647058823,4366618.0
2026-06-29 19:35:54.104118,4f:bb:00:00:02:0f,24.5,60.25,False,87.94117647058823,4367881.5
2026-06-29 19:56:54.129222,4f:bb:00:00:02:0f,24.4375,60.1875,False,87.91176470588235,4369138.5
2026-06-29 20:17:54.234242,4f:bb:00:00:02:0f,24.4375,60.0,False,87.94117647058823,4370401.0
2026-06-29 20:38:54.246281,4f:bb:00:00:02:0f,24.4375,60.0,False,87.94117647058823,4371660.0
2026-06-29 20:59:54.341494,4f:bb:00:00:02:0f,24.375,60.0,False,87.94117647058823,4372921.5
2026-06-29 21:20:54.404989,4f:bb:00:00:02:0f,24.375,60.0,False,87.91176470588235,4374179.0
2026-06-29 21:41:54.468687,4f:bb:00:00:02:0f,24.3125,59.9375,False,87.94117647058823,4375439.0
2026-06-29 22:02:54.542307,4f:bb:00:00:02:0f,24.3125,59.9375,False,87.91176470588235,4376701.5
2026-06-29 22:23:54.660997,4f:bb:00:00:02:0f,24.3125,59.9375,False,87.97058823529412,4377959.0
2026-06-29 22:44:54.768931,4f:bb:00:00:02:0f,24.25,59.9375,False,87.94117647058823,4379221.5
2026-06-29 23:05:54.811531,4f:bb:00:00:02:0f,24.25,59.9375,False,87.94117647058823,4380480.0
2026-06-29 23:26:54.908309,4f:bb:00:00:02:0f,24.1875,59.9375,False,87.94117647058823,4381739.0
2026-06-29 23:47:55.011974,4f:bb:00:00:02:0f,24.1875,59.9375,False,87.94117647058823,4383001.5
2026-06-30 00:08:55.147491,4f:bb:00:00:02:0f,24.125,59.875,False,87.94117647058823,4384261.0
2026-06-30 00:29:55.219264,4f:bb:00:00:02:0f,24.0625,59.875,False,87.91176470588235,4385521.5
2026-06-30 00:50:55.285441,4f:bb:00:00:02:0f,24.0625,59.875,False,87.91176470588235,4386779.0
2026-06-30 01:11:55.373604,4f:bb:00:00:02:0f,24.0,59.875,False,87.91176470588235,4388042.0
2026-06-30 01:32:55.453135,4f:bb:00:00:02:0f,23.9375,59.8125,False,87.91176470588235,4389299.5
2026-06-30 01:53:55.554059,4f:bb:00:00:02:0f,23.875,59.8125,False,87.91176470588235,4390562.0
2026-06-30 02:14:55.663374,4f:bb:00:00:02:0f,23.8125,59.8125,False,87.91176470588235,4391821.0
2026-06-30 02:35:55.675014,4f:bb:00:00:02:0f,23.75,59.75,False,87.91176470588235,4393082.0
2026-06-30 02:56:55.776205,4f:bb:00:00:02:0f,23.6875,59.75,False,87.91176470588235,4394343.0
2026-06-30 03:17:55.868323,4f:bb:00:00:02:0f,23.625,59.6875,False,87.91176470588235,4395601.0
2026-06-30 03:38:55.898757,4f:bb:00:00:02:0f,23.5625,59.4375,False,87.88235294117646,4396864.0
2026-06-30 03:59:55.979767,4f:bb:00:00:02:0f,23.5,59.4375,False,87.91176470588235,4398122.0
2026-06-30 04:20:56.089138,4f:bb:00:00:02:0f,23.4375,59.375,False,87.91176470588235,4399385.0
2026-06-30 04:41:56.113097,4f:bb:00:00:02:0f,23.375,59.375,False,87.91176470588235,4400643.0
2026-06-30 05:02:56.215578,4f:bb:00:00:02:0f,23.3125,59.3125,False,87.88235294117646,4401903.0
2026-06-30 05:23:56.310826,4f:bb:00:00:02:0f,23.25,59.25,False,87.88235294117646,4403161.0
2026-06-30 05:44:56.406262,4f:bb:00:00:02:0f,23.1875,59.25,False,87.88235294117646,4404425.0
2026-06-30 06:05:56.417532,4f:bb:00:00:02:0f,23.125,59.1875,False,87.88235294117646,4405681.5
2026-06-30 06:26:56.497316,4f:bb:00:00:02:0f,23.0,59.1875,False,87.88235294117646,4406941.5
2026-06-30 06:47:56.598341,4f:bb:00:00:02:0f,23.0,59.125,False,87.88235294117646,4408205.0
2026-06-30 07:08:56.721514,4f:bb:00:00:02:0f,22.875,59.125,False,87.88235294117646,4409462.0
2026-06-30 07:29:56.809641,4f:bb:00:00:02:0f,22.875,59.125,False,87.88235294117646,4410723.0
2026-06-30 07:50:56.908011,4f:bb:00:00:02:0f,22.8125,59.125,False,87.8529411764706,4411985.0
2026-06-30 08:11:56.936404,4f:bb:00:00:02:0f,22.8125,59.125,False,87.8529411764706,4413244.0
2026-06-30 08:32:56.976773,4f:bb:00:00:02:0f,22.8125,59.125,False,87.8529411764706,4414506.0
2026-06-30 08:53:57.074735,4f:bb:00:00:02:0f,22.8125,59.125,False,87.82352941176471,4415766.0
2026-06-30 09:14:57.184573,4f:bb:00:00:02:0f,22.8125,59.0625,False,87.8529411764706,4417024.5
2026-06-30 09:35:57.250999,4f:bb:00:00:02:0f,22.75,59.0625,False,87.82352941176471,4418285.0
2026-06-30 09:56:57.255005,4f:bb:00:00:02:0f,22.75,58.8125,False,87.8529411764706,4419546.0
2026-06-30 10:17:57.317413,4f:bb:00:00:02:0f,22.75,58.8125,False,87.8529411764706,4420804.5
2026-06-30 10:38:57.372372,4f:bb:00:00:02:0f,22.75,58.8125,False,87.82352941176471,4422068.0
2026-06-30 10:59:57.458666,4f:bb:00:00:02:0f,22.75,59.0,False,87.82352941176471,4423326.0
2026-06-30 11:20:57.467584,4f:bb:00:00:02:0f,22.75,58.8125,False,87.82352941176471,4424587.0
2026-06-30 11:41:57.493593,4f:bb:00:00:02:0f,22.75,58.8125,False,87.82352941176471,4425847.0
2026-06-30 12:02:57.505628,4f:bb:00:00:02:0f,22.8125,59.0625,False,87.79411764705883,4427105.0
2026-06-30 12:23:57.568460,4f:bb:00:00:02:0f,22.8125,59.0625,False,87.8529411764706,4428368.0
2026-06-30 12:44:57.722738,4f:bb:00:00:02:0f,22.875,59.0625,False,87.82352941176471,4429627.0
2026-06-30 13:05:57.782919,4f:bb:00:00:02:0f,22.9375,59.0625,False,87.82352941176471,4430887.0
2026-06-30 13:26:57.831273,4f:bb:00:00:02:0f,23.0,59.0625,False,87.82352941176471,4432144.5
2026-06-30 13:47:57.952317,4f:bb:00:00:02:0f,23.125,59.0625,False,87.82352941176471,4433407.5
2026-06-30 14:08:57.970957,4f:bb:00:00:02:0f,23.125,59.0625,False,87.82352941176471,4434667.0
2026-06-30 14:29:57.989389,4f:bb:00:00:02:0f,23.25,59.0625,False,87.8529411764706,4435925.0
2026-06-30 14:50:58.085887,4f:bb:00:00:02:0f,23.3125,59.0625,False,87.82352941176471,4437187.0
2026-06-30 15:11:58.204317,4f:bb:00:00:02:0f,23.375,59.0625,False,87.82352941176471,4438445.5
2026-06-30 15:32:58.256224,4f:bb:00:00:02:0f,23.4375,59.0625,False,87.82352941176471,4439705.0
2026-06-30 15:53:58.331310,4f:bb:00:00:02:0f,23.5,59.0625,False,87.82352941176471,4440968.0
2026-06-30 16:14:58.451777,4f:bb:00:00:02:0f,23.625,59.3125,False,87.82352941176471,4442225.0
2026-06-30 16:35:58.546321,4f:bb:00:00:02:0f,23.6875,59.375,False,87.8529411764706,4443488.0
2026-06-30 16:56:58.636378,4f:bb:00:00:02:0f,23.8125,59.375,False,87.8529411764706,4444747.5
2026-06-30 17:17:58.710762,4f:bb:00:00:02:0f,23.9375,59.375,False,87.8529411764706,4446007.0
2026-06-30 17:38:58.737260,4f:bb:00:00:02:0f,24.0,59.375,False,87.88235294117646,4447271.0
2026-06-30 17:59:58.844592,4f:bb:00:00:02:0f,24.0625,59.375,False,87.8529411764706,4448527.5
2026-06-30 18:20:58.888699,4f:bb:00:00:02:0f,24.125,59.375,False,87.8529411764706,4449790.5
2026-06-30 18:41:59.002092,4f:bb:00:00:02:0f,24.1875,59.375,False,87.82352941176471,4451047.0
2026-06-30 19:02:59.103344,4f:bb:00:00:02:0f,24.25,59.375,False,87.88235294117646,4452311.0
2026-06-30 19:23:59.142517,4f:bb:00:00:02:0f,24.3125,59.375,False,87.8970588235294,4453569.0
2026-06-30 19:44:59.182469,4f:bb:00:00:02:0f,24.3125,59.375,False,87.88235294117646,4454830.0
2026-06-30 20:05:59.186874,4f:bb:00:00:02:0f,24.3125,59.4375,False,87.86764705882354,4456087.5
2026-06-30 20:26:59.259266,4f:bb:00:00:02:0f,24.375,59.4375,False,87.88235294117646,4457352.0
2026-06-30 20:47:59.362274,4f:bb:00:00:02:0f,24.375,59.4375,False,87.88235294117646,4458610.0
2026-06-30 21:08:59.435175,4f:bb:00:00:02:0f,24.375,59.4375,False,87.88235294117646,4459870.5
2026-06-30 21:29:59.514414,4f:bb:00:00:02:0f,24.375,59.4375,False,87.88235294117646,4461127.0
2026-06-30 21:50:59.578759,4f:bb:00:00:02:0f,24.375,59.4375,False,87.91176470588235,4462387.5
2026-06-30 22:11:59.662788,4f:bb:00:00:02:0f,24.375,59.4375,False,87.91176470588235,4463649.0
2026-06-30 22:32:59.733769,4f:bb:00:00:02:0f,24.375,59.4375,False,87.88235294117646,4464908.0
2026-06-30 22:53:59.845889,4f:bb:00:00:02:0f,24.375,59.375,False,87.91176470588235,4466168.0
2026-06-30 23:14:59.915259,4f:bb:00:00:02:0f,24.3125,59.375,False,87.88235294117646,4467429.0
2026-06-30 23:35:59.968924,4f:bb:00:00:02:0f,24.3125,59.375,False,87.88235294117646,4468691.0
2026-06-30 23:57:00.069484,4f:bb:00:00:02:0f,24.3125,59.375,False,87.88235294117646,4469950.0
2026-07-01 00:18:00.200191,4f:bb:00:00:02:0f,24.25,59.375,False,87.91176470588235,4471212.0
2026-07-01 00:39:00.214334,4f:bb:00:00:02:0f,24.1875,59.375,False,87.88235294117646,4472472.5
2026-07-01 01:00:00.323942,4f:bb:00:00:02:0f,24.1875,59.375,False,87.88235294117646,4473730.0
2026-07-01 01:21:00.430155,4f:bb:00:00:02:0f,24.125,59.375,False,87.88235294117646,4474990.5
2026-07-01 01:42:00.492985,4f:bb:00:00:02:0f,24.0625,59.375,False,87.88235294117646,4476248.0
2026-07-01 02:03:00.618276,4f:bb:00:00:02:0f,24.0625,59.375,False,87.88235294117646,4477513.0
2026-07-01 02:24:00.682046,4f:bb:00:00:02:0f,24.0,59.3125,False,87.8529411764706,4478772.5
2026-07-01 02:45:00.772574,4f:bb:00:00:02:0f,23.9375,59.3125,False,87.88235294117646,4480030.0
2026-07-01 03:06:00.893477,4f:bb:00:00:02:0f,23.875,59.25,False,87.8529411764706,4481293.0
2026-07-01 03:27:00.952294,4f:bb:00:00:02:0f,23.8125,59.25,False,87.88235294117646,4482553.5
2026-07-01 03:48:01.043242,4f:bb:00:00:02:0f,23.75,59.1875,False,87.88235294117646,4483810.0
2026-07-01 04:09:01.088686,4f:bb:00:00:02:0f,23.6875,59.125,False,87.8529411764706,4485073.0
2026-07-01 04:30:01.105357,4f:bb:00:00:02:0f,23.5625,58.875,False,87.88235294117646,4486333.5
2026-07-01 04:51:01.148520,4f:bb:00:00:02:0f,23.5,58.875,False,87.88235294117646,4487591.5
2026-07-01 05:12:01.253086,4f:bb:00:00:02:0f,23.375,58.8125,False,87.8529411764706,4488853.0
2026-07-01 05:33:01.341802,4f:bb:00:00:02:0f,23.3125,58.75,False,87.88235294117646,4490111.0
2026-07-01 05:54:01.412305,4f:bb:00:00:02:0f,23.25,58.75,False,87.8529411764706,4491371.0
2026-07-01 06:15:01.524688,4f:bb:00:00:02:0f,23.125,58.75,False,87.8529411764706,4492634.0
2026-07-01 06:36:01.633568,4f:bb:00:00:02:0f,23.125,58.6875,False,87.8529411764706,4493893.0
2026-07-01 06:57:01.656783,4f:bb:00:00:02:0f,23.0625,58.6875,False,87.82352941176471,4495154.5
2026-07-01 07:18:01.759029,4f:bb:00:00:02:0f,23.0,58.6875,False,87.8529411764706,4496413.0
2026-07-01 07:39:01.781389,4f:bb:00:00:02:0f,23.0,58.6875,False,87.83823529411765,4497674.0
2026-07-01 08:00:01.881014,4f:bb:00:00:02:0f,23.0,58.6875,False,87.8529411764706,4498933.5
2026-07-01 08:21:01.921420,4f:bb:00:00:02:0f,22.9375,58.6875,False,87.8529411764706,4500193.5
2026-07-01 08:42:01.982098,4f:bb:00:00:02:0f,23.0,58.75,False,87.83823529411765,4501455.0
2026-07-01 09:03:02.066445,4f:bb:00:00:02:0f,23.0625,58.75,False,87.8529411764706,4502716.0
2026-07-01 09:24:02.153607,4f:bb:00:00:02:0f,23.1875,58.75,False,87.82352941176471,4503973.5
2026-07-01 09:45:02.101917,4f:bb:00:00:02:0f,23.3125,58.75,False,87.82352941176471,4505235.0
2026-07-01 10:06:02.221426,4f:bb:00:00:02:0f,23.4375,58.6875,False,87.82352941176471,4506493.5
2026-07-01 10:27:02.221340,4f:bb:00:00:02:0f,23.5,58.6875,False,87.82352941176471,4507756.5
2026-07-01 10:48:02.357742,4f:bb:00:00:02:0f,23.5625,58.6875,False,87.82352941176471,4509015.0
2026-07-01 11:09:02.402848,4f:bb:00:00:02:0f,23.5625,58.6875,False,87.83823529411765,4510276.5
2026-07-01 11:30:02.516567,4f:bb:00:00:02:0f,23.5625,58.6875,False,87.82352941176471,4511533.5
2026-07-01 11:51:02.609640,4f:bb:00:00:02:0f,23.625,58.9375,False,87.8529411764706,4512795.0
2026-07-01 12:12:02.742434,4f:bb:00:00:02:0f,23.625,58.9375,False,87.82352941176471,4514057.0
2026-07-01 12:33:02.856407,4f:bb:00:00:02:0f,23.6875,58.9375,False,87.8529411764706,4515314.0
2026-07-01 12:54:02.918874,4f:bb:00:00:02:0f,23.6875,58.9375,False,87.8529411764706,4516575.0
2026-07-01 13:15:03.022338,4f:bb:00:00:02:0f,23.6875,58.9375,False,87.82352941176471,4517833.5
2026-07-01 13:36:03.096441,4f:bb:00:00:02:0f,23.6875,59.0,False,87.8529411764706,4519096.0
2026-07-01 13:57:03.094488,4f:bb:00:00:02:0f,23.75,59.0,False,87.82352941176471,4520356.0
2026-07-01 14:18:03.213970,4f:bb:00:00:02:0f,23.875,59.0625,False,87.8529411764706,4521613.0
2026-07-01 14:39:03.254193,4f:bb:00:00:02:0f,23.9375,59.0625,False,87.82352941176471,4522876.0
2026-07-01 15:00:03.265034,4f:bb:00:00:02:0f,24.0,59.0625,False,87.8529411764706,4524138.0
2026-07-01 15:21:03.392619,4f:bb:00:00:02:0f,24.0625,59.125,False,87.8529411764706,4525393.5
2026-07-01 15:42:03.482325,4f:bb:00:00:02:0f,24.1875,59.125,False,87.8529411764706,4526654.0
2026-07-01 16:03:03.474328,4f:bb:00:00:02:0f,24.25,59.125,False,87.8529411764706,4527917.0
2026-07-01 16:24:03.592884,4f:bb:00:00:02:0f,24.3125,59.125,False,87.8529411764706,4529174.0
2026-07-01 16:45:03.714076,4f:bb:00:00:02:0f,24.375,59.125,False,87.8529411764706,4530439.0
2026-07-01 17:06:03.769846,4f:bb:00:00:02:0f,24.4375,59.375,False,87.88235294117646,4531699.5
2026-07-01 17:27:03.864188,4f:bb:00:00:02:0f,24.5,59.375,False,87.88235294117646,4532956.5
2026-07-01 17:48:03.991108,4f:bb:00:00:02:0f,24.5625,59.375,False,87.88235294117646,4534219.5
2026-07-01 18:09:04.042554,4f:bb:00:00:02:0f,24.625,59.4375,False,87.88235294117646,4535480.0
2026-07-01 18:30:04.146391,4f:bb:00:00:02:0f,24.6875,59.4375,False,87.88235294117646,4536739.5
2026-07-01 18:51:04.226182,4f:bb:00:00:02:0f,24.6875,59.4375,False,87.8529411764706,4537998.0
2026-07-01 19:12:04.356891,4f:bb:00:00:02:0f,24.75,59.4375,False,87.88235294117646,4539256.5
2026-07-01 19:33:04.443634,4f:bb:00:00:02:0f,24.8125,59.5,False,87.91176470588235,4540520.0
2026-07-01 19:54:04.588112,4f:bb:00:00:02:0f,24.8125,59.5,False,87.88235294117646,4541776.5
2026-07-01 20:15:04.698825,4f:bb:00:00:02:0f,24.875,59.5,False,87.88235294117646,4543036.5
2026-07-01 20:36:04.793165,4f:bb:00:00:02:0f,24.9375,59.5625,False,87.91176470588235,4544300.0
2026-07-01 20:57:04.801080,4f:bb:00:00:02:0f,25.0,59.5625,False,87.91176470588235,4545558.0
2026-07-01 21:18:04.871194,4f:bb:00:00:02:0f,25.0625,59.5625,False,87.88235294117646,4546818.0
2026-07-01 21:39:04.984282,4f:bb:00:00:02:0f,25.125,59.5625,False,87.88235294117646,4548076.5
2026-07-01 22:00:05.120631,4f:bb:00:00:02:0f,25.125,59.5625,False,87.91176470588235,4549339.0
2026-07-01 22:21:05.174360,4f:bb:00:00:02:0f,25.1875,59.5625,False,87.91176470588235,4550601.0
2026-07-01 22:42:05.251948,4f:bb:00:00:02:0f,25.1875,59.5625,False,87.91176470588235,4551857.0
2026-07-01 23:03:05.342528,4f:bb:00:00:02:0f,25.1875,59.5625,False,87.91176470588235,4553120.0
2026-07-01 23:24:05.456024,4f:bb:00:00:02:0f,25.0625,59.4375,False,87.91176470588235,4554381.0
2026-07-01 23:45:05.497122,4f:bb:00:00:02:0f,24.9375,59.375,False,87.94117647058823,4555640.0
2026-07-02 00:06:05.602195,4f:bb:00:00:02:0f,24.8125,59.375,False,87.91176470588235,4556900.0
2026-07-02 00:27:05.722462,4f:bb:00:00:02:0f,24.75,59.375,False,87.88235294117646,4558159.5
2026-07-02 00:48:05.718950,4f:bb:00:00:02:0f,24.6875,59.375,False,87.94117647058823,4559422.5
2026-07-02 01:09:05.720388,4f:bb:00:00:02:0f,24.625,59.375,False,87.88235294117646,4560681.0
2026-07-02 01:30:05.833611,4f:bb:00:00:02:0f,24.5625,59.375,False,87.91176470588235,4561941.0
2026-07-02 01:51:05.873787,4f:bb:00:00:02:0f,24.5,59.3125,False,87.91176470588235,4563201.0
2026-07-02 02:12:05.898496,4f:bb:00:00:02:0f,24.375,59.0625,False,87.91176470588235,4564459.5
2026-07-02 02:33:06.004367,4f:bb:00:00:02:0f,24.3125,59.0625,False,87.91176470588235,4565721.0
2026-07-02 02:54:06.033747,4f:bb:00:00:02:0f,24.25,59.0,False,87.8970588235294,4566981.0
2026-07-02 03:15:06.148542,4f:bb:00:00:02:0f,24.1875,59.0,False,87.8970588235294,4568243.0
2026-07-02 03:36:06.238714,4f:bb:00:00:02:0f,24.0625,58.9375,False,87.91176470588235,4569499.5
2026-07-02 03:57:06.308394,4f:bb:00:00:02:0f,24.0,58.9375,False,87.91176470588235,4570762.0
2026-07-02 04:18:06.300713,4f:bb:00:00:02:0f,23.9375,58.875,False,87.88235294117646,4572023.0
2026-07-02 04:39:06.407860,4f:bb:00:00:02:0f,23.8125,58.8125,False,87.88235294117646,4573282.0
2026-07-02 05:00:06.486555,4f:bb:00:00:02:0f,23.6875,58.8125,False,87.88235294117646,4574544.0
2026-07-02 05:21:06.583972,4f:bb:00:00:02:0f,23.625,58.75,False,87.88235294117646,4575799.0
2026-07-02 05:42:06.612501,4f:bb:00:00:02:0f,23.5,58.5,False,87.88235294117646,4577063.0
2026-07-02 06:03:06.701224,4f:bb:00:00:02:0f,23.4375,58.5,False,87.91176470588235,4578321.0
2026-07-02 06:24:06.787123,4f:bb:00:00:02:0f,23.375,58.4375,False,87.88235294117646,4579582.5
2026-07-02 06:45:06.917507,4f:bb:00:00:02:0f,23.25,58.4375,False,87.91176470588235,4580841.0
2026-07-02 07:06:06.962835,4f:bb:00:00:02:0f,23.25,58.4375,False,87.88235294117646,4582102.5
2026-07-02 07:27:07.005224,4f:bb:00:00:02:0f,23.1875,58.4375,False,87.8529411764706,4583365.0
2026-07-02 07:48:07.079387,4f:bb:00:00:02:0f,23.125,58.4375,False,87.88235294117646,4584621.0
2026-07-02 08:09:07.198067,4f:bb:00:00:02:0f,23.125,58.4375,False,87.88235294117646,4585884.0
2026-07-02 08:30:07.217759,4f:bb:00:00:02:0f,23.0625,58.4375,False,87.8529411764706,4587142.5
2026-07-02 08:51:07.317639,4f:bb:00:00:02:0f,23.125,58.5,False,87.8529411764706,4588402.0
2026-07-02 09:12:07.335987,4f:bb:00:00:02:0f,23.1875,58.5,False,87.8529411764706,4589664.0
2026-07-02 09:33:07.438207,4f:bb:00:00:02:0f,23.3125,58.5,False,87.8529411764706,4590922.0
2026-07-02 09:54:07.505194,4f:bb:00:00:02:0f,23.375,58.5,False,87.88235294117646,4592188.0
2026-07-02 10:15:07.534193,4f:bb:00:00:02:0f,23.4375,58.5,False,87.88235294117646,4593444.0
2026-07-02 10:36:07.574734,4f:bb:00:00:02:0f,23.5625,58.5,False,87.8529411764706,4594706.0
2026-07-02 10:57:07.643871,4f:bb:00:00:02:0f,23.75,58.75,False,87.88235294117646,4595962.5
2026-07-02 11:18:07.748866,4f:bb:00:00:02:0f,23.875,58.6875,False,87.88235294117646,4597225.5
2026-07-02 11:39:07.774144,4f:bb:00:00:02:0f,24.0,58.6875,False,87.88235294117646,4598484.0
2026-07-02 12:00:07.810717,4f:bb:00:00:02:0f,24.0625,58.6875,False,87.88235294117646,4599741.0
2026-07-02 12:21:07.932094,4f:bb:00:00:02:0f,24.1875,58.6875,False,87.88235294117646,4601005.5
2026-07-02 12:42:07.938851,4f:bb:00:00:02:0f,24.25,58.6875,False,87.88235294117646,4602263.0
2026-07-02 13:03:08.005429,4f:bb:00:00:02:0f,24.25,58.6875,False,87.88235294117646,4603526.0
2026-07-02 13:24:08.085436,4f:bb:00:00:02:0f,24.3125,58.75,False,87.88235294117646,4604784.0
2026-07-02 13:45:08.186572,4f:bb:00:00:02:0f,24.375,58.75,False,87.91176470588235,4606045.0
2026-07-02 14:06:08.215935,4f:bb:00:00:02:0f,24.4375,58.75,False,87.88235294117646,4607305.5
2026-07-02 14:27:08.349890,4f:bb:00:00:02:0f,24.5,59.0625,False,87.88235294117646,4608565.5
2026-07-02 14:48:08.458574,4f:bb:00:00:02:0f,24.5625,59.0625,False,87.88235294117646,4609829.0
2026-07-02 15:09:08.466132,4f:bb:00:00:02:0f,24.625,59.125,False,87.91176470588235,4611083.0
2026-07-02 15:30:08.614609,4f:bb:00:00:02:0f,24.75,59.1875,False,87.91176470588235,4612347.0
2026-07-02 15:51:08.712411,4f:bb:00:00:02:0f,24.875,59.25,False,87.88235294117646,4613605.5
2026-07-02 16:12:08.762015,4f:bb:00:00:02:0f,25.0,59.25,False,87.91176470588235,4614869.0
2026-07-02 16:33:08.887026,4f:bb:00:00:02:0f,25.125,59.3125,False,87.91176470588235,4616123.5
2026-07-02 16:54:08.959368,4f:bb:00:00:02:0f,25.3125,59.375,False,87.94117647058823,4617388.0
2026-07-02 17:15:08.992286,4f:bb:00:00:02:0f,25.4375,59.625,False,87.91176470588235,4618646.5
2026-07-02 17:36:09.105877,4f:bb:00:00:02:0f,25.5625,59.625,False,87.91176470588235,4619908.0
2026-07-02 17:57:09.190405,4f:bb:00:00:02:0f,25.625,59.625,False,87.94117647058823,4621168.0
2026-07-02 18:18:09.219055,4f:bb:00:00:02:0f,25.75,59.6875,False,87.94117647058823,4622425.0
2026-07-02 18:39:09.329113,4f:bb:00:00:02:0f,25.8125,59.625,False,87.94117647058823,4623688.5
2026-07-02 19:00:09.387830,4f:bb:00:00:02:0f,25.875,59.625,False,87.97058823529412,4624945.5
2026-07-02 19:21:09.478128,4f:bb:00:00:02:0f,25.875,59.625,False,87.97058823529412,4626208.0
2026-07-02 19:42:09.577297,4f:bb:00:00:02:0f,25.9375,59.6875,False,87.97058823529412,4627465.0
2026-07-02 20:03:09.575511,4f:bb:00:00:02:0f,25.9375,59.625,False,87.97058823529412,4628728.5
2026-07-02 20:24:09.687066,4f:bb:00:00:02:0f,25.9375,59.625,False,87.97058823529412,4629985.0
2026-07-02 20:45:09.701279,4f:bb:00:00:02:0f,25.9375,59.625,False,88.0,4631246.0
2026-07-02 21:06:09.796224,4f:bb:00:00:02:0f,25.875,59.5625,False,87.97058823529412,4632507.0
2026-07-02 21:27:09.864736,4f:bb:00:00:02:0f,25.8125,59.5625,False,87.97058823529412,4633766.0
2026-07-02 21:48:09.863638,4f:bb:00:00:02:0f,25.75,59.5625,False,87.94117647058823,4635028.0
2026-07-02 22:09:09.964522,4f:bb:00:00:02:0f,25.6875,59.5,False,87.97058823529412,4636287.0
2026-07-02 22:30:10.030625,4f:bb:00:00:02:0f,25.625,59.5,False,87.97058823529412,4637548.5
2026-07-02 22:51:10.135713,4f:bb:00:00:02:0f,25.5625,59.5,False,87.97058823529412,4638807.0
2026-07-02 23:12:10.228030,4f:bb:00:00:02:0f,25.5,59.5,False,87.97058823529412,4640071.0
2026-07-02 23:33:10.315993,4f:bb:00:00:02:0f,25.4375,59.5,False,87.97058823529412,4641328.5
2026-07-02 23:54:10.445367,4f:bb:00:00:02:0f,25.375,59.4375,False,87.97058823529412,4642588.0
2026-07-03 00:15:10.519771,4f:bb:00:00:02:0f,25.3125,59.4375,False,87.97058823529412,4643849.0
2026-07-03 00:36:10.634796,4f:bb:00:00:02:0f,25.25,59.1875,False,87.97058823529412,4645111.0
2026-07-03 00:57:10.663773,4f:bb:00:00:02:0f,25.1875,59.125,False,87.97058823529412,4646369.0
2026-07-03 01:18:10.708560,4f:bb:00:00:02:0f,25.0625,59.0625,False,87.98529411764706,4647632.0
2026-07-03 01:39:10.794554,4f:bb:00:00:02:0f,24.9375,59.0,False,87.97058823529412,4648888.5
2026-07-03 02:00:10.843063,4f:bb:00:00:02:0f,24.8125,58.9375,False,87.97058823529412,4650150.0
2026-07-03 02:21:10.959505,4f:bb:00:00:02:0f,24.6875,58.875,False,88.0,4651411.0
2026-07-03 02:42:11.019783,4f:bb:00:00:02:0f,24.5625,58.8125,False,87.97058823529412,4652669.0
2026-07-03 03:03:11.051569,4f:bb:00:00:02:0f,24.4375,58.5,False,87.97058823529412,4653929.0
2026-07-03 03:24:11.153089,4f:bb:00:00:02:0f,24.3125,58.4375,False,87.94117647058823,4655191.5
2026-07-03 03:45:11.188677,4f:bb:00:00:02:0f,24.1875,58.375,False,87.97058823529412,4656450.0
2026-07-03 04:06:11.200902,4f:bb:00:00:02:0f,24.0,58.3125,False,87.97058823529412,4657710.0
2026-07-03 04:27:11.211851,4f:bb:00:00:02:0f,23.875,58.3125,False,87.94117647058823,4658971.0
2026-07-03 04:48:11.286212,4f:bb:00:00:02:0f,23.75,58.25,False,87.94117647058823,4660231.5
2026-07-03 05:09:11.321941,4f:bb:00:00:02:0f,23.625,58.1875,False,87.94117647058823,4661491.0
2026-07-03 05:30:11.397984,4f:bb:00:00:02:0f,23.5,57.9375,False,87.94117647058823,4662751.0
2026-07-03 05:51:11.511690,4f:bb:00:00:02:0f,23.34375,57.875,False,87.94117647058823,4664008.5
2026-07-03 06:12:11.631969,4f:bb:00:00:02:0f,23.25,57.8125,False,87.91176470588235,4665270.0
2026-07-03 06:33:11.641426,4f:bb:00:00:02:0f,23.125,57.8125,False,87.91176470588235,4666532.0
2026-07-03 06:54:11.667109,4f:bb:00:00:02:0f,23.0,57.75,False,87.88235294117646,4667792.0
2026-07-03 07:15:11.749490,4f:bb:00:00:02:0f,22.875,57.75,False,87.91176470588235,4669049.0
2026-07-03 07:36:11.844435,4f:bb:00:00:02:0f,22.8125,57.75,False,87.88235294117646,4670313.0
2026-07-03 07:57:11.888927,4f:bb:00:00:02:0f,22.75,57.5,False,87.88235294117646,4671573.0
2026-07-03 08:18:11.928256,4f:bb:00:00:02:0f,22.6875,57.5,False,87.88235294117646,4672830.0
2026-07-03 08:39:12.019072,4f:bb:00:00:02:0f,22.6875,57.5,False,87.88235294117646,4674093.0
2026-07-03 09:00:12.013656,4f:bb:00:00:02:0f,22.6875,57.5,False,87.8529411764706,4675351.0
2026-07-03 09:21:12.081039,4f:bb:00:00:02:0f,22.75,57.5,False,87.8529411764706,4676612.0
2026-07-03 09:42:12.169374,4f:bb:00:00:02:0f,22.8125,57.6875,False,87.8529411764706,4677872.0
2026-07-03 10:03:12.260353,4f:bb:00:00:02:0f,22.875,57.6875,False,87.88235294117646,4679131.0
2026-07-03 10:24:12.269399,4f:bb:00:00:02:0f,22.9375,57.6875,False,87.8529411764706,4680392.5
2026-07-03 10:45:12.369482,4f:bb:00:00:02:0f,23.0,57.6875,False,87.88235294117646,4681654.0
2026-07-03 11:06:12.538427,4f:bb:00:00:02:0f,23.125,57.6875,False,87.8529411764706,4682911.5
2026-07-03 11:27:12.540966,4f:bb:00:00:02:0f,23.1875,57.6875,False,87.8529411764706,4684174.0
2026-07-03 11:48:12.577766,4f:bb:00:00:02:0f,23.25,57.6875,False,87.88235294117646,4685435.0
2026-07-03 12:09:12.688454,4f:bb:00:00:02:0f,23.3125,57.6875,False,87.8529411764706,4686693.0
2026-07-03 12:30:12.719807,4f:bb:00:00:02:0f,23.375,57.6875,False,87.88235294117646,4687954.0
2026-07-03 12:51:12.760356,4f:bb:00:00:02:0f,23.375,57.6875,False,87.88235294117646,4689212.0
2026-07-03 13:12:12.743560,4f:bb:00:00:02:0f,23.4375,57.6875,False,87.88235294117646,4690475.0
2026-07-03 13:33:12.894705,4f:bb:00:00:02:0f,23.5,57.6875,False,87.88235294117646,4691731.0
2026-07-03 13:54:12.984731,4f:bb:00:00:02:0f,23.5625,57.75,False,87.8529411764706,4692994.0
2026-07-03 14:15:13.077926,4f:bb:00:00:02:0f,23.6875,58.0,False,87.8529411764706,4694256.5
2026-07-03 14:36:13.147764,4f:bb:00:00:02:0f,23.75,58.0,False,87.88235294117646,4695514.0
2026-07-03 14:57:13.165142,4f:bb:00:00:02:0f,23.875,58.0,False,87.88235294117646,4696774.5
2026-07-03 15:18:13.253110,4f:bb:00:00:02:0f,23.9375,58.0625,False,87.8529411764706,4698036.0
2026-07-03 15:39:13.348894,4f:bb:00:00:02:0f,24.0625,58.0625,False,87.88235294117646,4699294.5
2026-07-03 16:00:13.453125,4f:bb:00:00:02:0f,24.1875,58.0625,False,87.88235294117646,4700557.0
2026-07-03 16:21:13.508352,4f:bb:00:00:02:0f,24.25,58.125,False,87.88235294117646,4701815.0
2026-07-03 16:42:13.493335,4f:bb:00:00:02:0f,24.375,58.125,False,87.88235294117646,4703075.0
2026-07-03 17:03:13.546584,4f:bb:00:00:02:0f,24.5,58.375,False,87.91176470588235,4704337.0
2026-07-03 17:24:13.667526,4f:bb:00:00:02:0f,24.5625,58.375,False,87.91176470588235,4705597.0
2026-07-03 17:45:13.712392,4f:bb:00:00:02:0f,24.6875,58.4375,False,87.91176470588235,4706858.0
2026-07-03 18:06:13.800856,4f:bb:00:00:02:0f,24.8125,58.4375,False,87.91176470588235,4708114.5
2026-07-03 18:27:13.909745,4f:bb:00:00:02:0f,24.875,58.4375,False,87.91176470588235,4709375.0
2026-07-03 18:48:13.976486,4f:bb:00:00:02:0f,24.9375,58.4375,False,87.91176470588235,4710637.0
2026-07-03 19:09:14.084329,4f:bb:00:00:02:0f,25.0,58.5,False,87.94117647058823,4711895.0
2026-07-03 19:30:14.132921,4f:bb:00:00:02:0f,25.0625,58.5,False,87.94117647058823,4713155.0
2026-07-03 19:51:14.249659,4f:bb:00:00:02:0f,25.0625,58.46875,False,87.94117647058823,4714414.5
2026-07-03 20:12:14.321886,4f:bb:00:00:02:0f,25.125,58.4375,False,87.91176470588235,4715674.5
2026-07-03 20:33:14.409431,4f:bb:00:00:02:0f,25.125,58.4375,False,87.91176470588235,4716937.0
2026-07-03 20:54:14.470986,4f:bb:00:00:02:0f,25.125,58.4375,False,87.91176470588235,4718195.0
2026-07-03 21:15:14.642764,4f:bb:00:00:02:0f,25.125,58.4375,False,87.91176470588235,4719458.0
2026-07-03 21:36:14.716108,4f:bb:00:00:02:0f,25.0625,58.375,False,87.91176470588235,4720717.5
2026-07-03 21:57:14.787258,4f:bb:00:00:02:0f,25.0,58.3125,False,87.94117647058823,4721977.0
2026-07-03 22:18:14.895897,4f:bb:00:00:02:0f,24.9375,58.25,False,87.94117647058823,4723238.0
2026-07-03 22:39:14.994424,4f:bb:00:00:02:0f,24.8125,58.25,False,87.91176470588235,4724497.0
2026-07-03 23:00:15.084928,4f:bb:00:00:02:0f,24.6875,58.25,False,87.91176470588235,4725757.0
2026-07-03 23:21:15.192729,4f:bb:00:00:02:0f,24.625,58.25,False,87.91176470588235,4727020.5
2026-07-03 23:42:15.294431,4f:bb:00:00:02:0f,24.5625,58.25,False,87.91176470588235,4728280.0
2026-07-04 00:03:15.362786,4f:bb:00:00:02:0f,24.4375,57.8125,False,87.91176470588235,4729537.0
2026-07-04 00:24:15.450936,4f:bb:00:00:02:0f,24.25,57.8125,False,87.94117647058823,4730800.5
2026-07-04 00:45:15.552316,4f:bb:00:00:02:0f,24.1875,57.8125,False,87.91176470588235,4732060.0
2026-07-04 01:06:15.651796,4f:bb:00:00:02:0f,24.0625,57.8125,False,87.91176470588235,4733318.0
2026-07-04 01:27:15.763939,4f:bb:00:00:02:0f,23.9375,57.75,False,87.91176470588235,4734580.0
2026-07-04 01:48:15.835386,4f:bb:00:00:02:0f,23.8125,57.6875,False,87.91176470588235,4735840.0
2026-07-04 02:09:15.916057,4f:bb:00:00:02:0f,23.75,57.6875,False,87.91176470588235,4737099.0
2026-07-04 02:30:16.061390,4f:bb:00:00:02:0f,23.5625,57.375,False,87.91176470588235,4738358.0
2026-07-04 02:51:16.141118,4f:bb:00:00:02:0f,23.4375,57.3125,False,87.91176470588235,4739621.0
2026-07-04 03:12:16.225360,4f:bb:00:00:02:0f,23.3125,57.25,False,87.88235294117646,4740881.5
2026-07-04 03:33:16.333308,4f:bb:00:00:02:0f,23.125,57.1875,False,87.88235294117646,4742138.0
2026-07-04 03:54:16.392841,4f:bb:00:00:02:0f,23.0,57.125,False,87.88235294117646,4743401.0
2026-07-04 04:15:16.405981,4f:bb:00:00:02:0f,22.875,57.0625,False,87.8529411764706,4744660.0
2026-07-04 04:36:16.522509,4f:bb:00:00:02:0f,22.6875,56.8125,False,87.8529411764706,4745920.0
2026-07-04 04:57:16.612943,4f:bb:00:00:02:0f,22.5625,56.8125,False,87.8529411764706,4747181.0
2026-07-04 05:18:16.669608,4f:bb:00:00:02:0f,22.4375,56.75,False,87.8529411764706,4748439.0
2026-07-04 05:39:16.770665,4f:bb:00:00:02:0f,22.375,56.75,False,87.8529411764706,4749703.0
2026-07-04 06:00:16.848845,4f:bb:00:00:02:0f,22.25,56.75,False,87.8529411764706,4750962.0
2026-07-04 06:21:17.001222,4f:bb:00:00:02:0f,22.1875,56.75,False,87.8529411764706,4752220.5
2026-07-04 06:42:17.040337,4f:bb:00:00:02:0f,22.125,56.75,False,87.82352941176471,4753483.0
2026-07-04 07:03:17.138736,4f:bb:00:00:02:0f,22.125,56.75,False,87.8529411764706,4754741.0
2026-07-04 07:24:17.220189,4f:bb:00:00:02:0f,22.0625,56.8125,False,87.82352941176471,4756004.0
2026-07-04 07:45:17.363871,4f:bb:00:00:02:0f,22.0,56.8125,False,87.82352941176471,4757262.0
2026-07-04 08:06:17.423202,4f:bb:00:00:02:0f,22.0,56.8125,False,87.82352941176471,4758523.5
2026-07-04 08:27:17.452364,4f:bb:00:00:02:0f,22.0,56.8125,False,87.82352941176471,4759782.5
2026-07-04 08:48:17.536257,4f:bb:00:00:02:0f,22.0,56.8125,False,87.82352941176471,4761043.0
2026-07-04 09:09:17.582955,4f:bb:00:00:02:0f,22.0,56.8125,False,87.82352941176471,4762303.0
2026-07-04 09:30:17.742527,4f:bb:00:00:02:0f,22.0,56.8125,False,87.79411764705883,4763561.0
2026-07-04 09:51:17.762799,4f:bb:00:00:02:0f,22.0625,56.8125,False,87.79411764705883,4764823.5
2026-07-04 10:12:17.870760,4f:bb:00:00:02:0f,22.1875,56.8125,False,87.82352941176471,4766080.0
2026-07-04 10:33:17.939501,4f:bb:00:00:02:0f,22.25,56.8125,False,87.79411764705883,4767344.0
2026-07-04 10:54:18.035012,4f:bb:00:00:02:0f,22.3125,56.8125,False,87.79411764705883,4768603.5
2026-07-04 11:15:18.098882,4f:bb:00:00:02:0f,22.3125,56.75,False,87.79411764705883,4769864.0
2026-07-04 11:36:18.107048,4f:bb:00:00:02:0f,22.375,56.8125,False,87.79411764705883,4771124.0
2026-07-04 11:57:18.217261,4f:bb:00:00:02:0f,22.4375,56.8125,False,87.79411764705883,4772383.0
2026-07-04 12:18:18.322011,4f:bb:00:00:02:0f,22.5625,56.8125,False,87.79411764705883,4773643.0
2026-07-04 12:39:18.396538,4f:bb:00:00:02:0f,22.6875,56.8125,False,87.79411764705883,4774905.0
2026-07-04 13:00:18.412103,4f:bb:00:00:02:0f,22.8125,57.0625,False,87.79411764705883,4776163.0
2026-07-04 13:21:18.447940,4f:bb:00:00:02:0f,22.875,57.0625,False,87.82352941176471,4777424.0
2026-07-04 13:42:18.443630,4f:bb:00:00:02:0f,22.9375,57.125,False,87.82352941176471,4778683.0
2026-07-04 14:03:18.559019,4f:bb:00:00:02:0f,23.0625,57.125,False,87.79411764705883,4779947.0
2026-07-04 14:24:18.672338,4f:bb:00:00:02:0f,23.1875,57.125,False,87.79411764705883,4781202.0
2026-07-04 14:45:18.746261,4f:bb:00:00:02:0f,23.25,57.1875,False,87.79411764705883,4782464.0
2026-07-04 15:06:18.818941,4f:bb:00:00:02:0f,23.4375,57.25,False,87.79411764705883,4783727.0
2026-07-04 15:27:18.890603,4f:bb:00:00:02:0f,23.625,57.5625,False,87.82352941176471,4784985.0
2026-07-04 15:48:18.986775,4f:bb:00:00:02:0f,23.8125,57.625,False,87.8529411764706,4786244.0
2026-07-04 16:09:18.978137,4f:bb:00:00:02:0f,24.0625,57.625,False,87.82352941176471,4787506.0
2026-07-04 16:30:19.118541,4f:bb:00:00:02:0f,24.25,57.6875,False,87.82352941176471,4788764.0
2026-07-04 16:51:19.204511,4f:bb:00:00:02:0f,24.4375,58.0,False,87.8529411764706,4790027.0
2026-07-04 17:12:19.236059,4f:bb:00:00:02:0f,24.6875,58.0625,False,87.8529411764706,4791283.5
2026-07-04 17:33:19.383362,4f:bb:00:00:02:0f,24.875,58.1875,False,87.88235294117646,4792546.5
2026-07-04 17:54:19.484157,4f:bb:00:00:02:0f,25.0625,58.1875,False,87.88235294117646,4793804.5
2026-07-04 18:15:19.541122,4f:bb:00:00:02:0f,25.1875,58.25,False,87.83823529411765,4795065.5
2026-07-04 18:36:19.498105,4f:bb:00:00:02:0f,25.3125,58.5625,False,87.88235294117646,4796323.5
2026-07-04 18:57:19.604779,4f:bb:00:00:02:0f,25.4375,58.5625,False,87.8529411764706,4797587.0
2026-07-04 19:18:19.686067,4f:bb:00:00:02:0f,25.5625,58.625,False,87.88235294117646,4798845.0
2026-07-04 19:39:19.783077,4f:bb:00:00:02:0f,25.5625,58.625,False,87.91176470588235,4800106.0
2026-07-04 20:00:19.873295,4f:bb:00:00:02:0f,25.625,58.625,False,87.91176470588235,4801366.0
2026-07-04 20:21:19.979773,4f:bb:00:00:02:0f,25.6875,58.625,False,87.8970588235294,4802625.0
2026-07-04 20:42:20.032456,4f:bb:00:00:02:0f,25.6875,58.625,False,87.94117647058823,4803887.0
2026-07-04 21:03:20.083745,4f:bb:00:00:02:0f,25.75,58.6875,False,87.94117647058823,4805145.0
2026-07-04 21:24:20.210199,4f:bb:00:00:02:0f,25.75,58.6875,False,87.94117647058823,4806407.0
2026-07-04 21:45:20.222711,4f:bb:00:00:02:0f,25.8125,58.6875,False,87.91176470588235,4807668.0
2026-07-04 22:06:20.312226,4f:bb:00:00:02:0f,25.8125,58.75,False,87.94117647058823,4808925.5
2026-07-04 22:27:20.385798,4f:bb:00:00:02:0f,25.875,58.75,False,87.94117647058823,4810188.0
2026-07-04 22:48:20.504786,4f:bb:00:00:02:0f,25.9375,58.8125,False,87.94117647058823,4811446.5
2026-07-04 23:09:20.492673,4f:bb:00:00:02:0f,26.0,58.8125,False,87.94117647058823,4812709.0
2026-07-04 23:30:20.557229,4f:bb:00:00:02:0f,26.0625,58.8125,False,87.94117647058823,4813969.0
2026-07-04 23:51:20.628066,4f:bb:00:00:02:0f,26.0625,58.75,False,87.94117647058823,4815226.5
2026-07-05 00:12:20.715196,4f:bb:00:00:02:0f,26.0,58.625,False,87.97058823529412,4816489.0
2026-07-05 00:33:20.773163,4f:bb:00:00:02:0f,25.875,58.625,False,87.97058823529412,4817749.0
2026-07-05 00:54:20.845777,4f:bb:00:00:02:0f,25.75,58.5625,False,87.94117647058823,4819007.0
2026-07-05 01:15:20.931152,4f:bb:00:00:02:0f,25.6875,58.5625,False,87.97058823529412,4820269.5
2026-07-05 01:36:20.984545,4f:bb:00:00:02:0f,25.5625,58.5625,False,87.95588235294117,4821525.0
2026-07-05 01:57:21.117746,4f:bb:00:00:02:0f,25.5,58.5,False,87.94117647058823,4822789.0
2026-07-05 02:18:21.203155,4f:bb:00:00:02:0f,25.375,58.5,False,87.97058823529412,4824047.0
2026-07-05 02:39:21.313128,4f:bb:00:00:02:0f,25.3125,58.4375,False,87.97058823529412,4825309.0
2026-07-05 03:00:21.348192,4f:bb:00:00:02:0f,25.1875,58.1875,False,87.97058823529412,4826566.0
2026-07-05 03:21:21.452085,4f:bb:00:00:02:0f,25.125,58.125,False,87.94117647058823,4827829.0
2026-07-05 03:42:21.542120,4f:bb:00:00:02:0f,25.0,58.125,False,87.97058823529412,4829091.0
2026-07-05 04:03:21.601038,4f:bb:00:00:02:0f,24.9375,58.0625,False,87.94117647058823,4830349.0
2026-07-05 04:24:21.701643,4f:bb:00:00:02:0f,24.8125,58.0,False,87.94117647058823,4831612.5
2026-07-05 04:45:21.720426,4f:bb:00:00:02:0f,24.6875,58.0,False,87.91176470588235,4832869.5
2026-07-05 05:06:21.728612,4f:bb:00:00:02:0f,24.625,57.9375,False,87.97058823529412,4834130.0
2026-07-05 05:27:21.759247,4f:bb:00:00:02:0f,24.5,57.9375,False,87.94117647058823,4835392.0
2026-07-05 05:48:21.883512,4f:bb:00:00:02:0f,24.4375,57.6875,False,87.94117647058823,4836650.0
2026-07-05 06:09:21.938903,4f:bb:00:00:02:0f,24.3125,57.625,False,87.94117647058823,4837911.0
2026-07-05 06:30:22.026845,4f:bb:00:00:02:0f,24.25,57.5625,False,87.94117647058823,4839171.0
2026-07-05 06:51:22.095933,4f:bb:00:00:02:0f,24.125,57.5625,False,87.94117647058823,4840434.0
2026-07-05 07:12:22.172742,4f:bb:00:00:02:0f,24.0,57.5,False,87.91176470588235,4841689.0
2026-07-05 07:33:22.222771,4f:bb:00:00:02:0f,23.875,57.4375,False,87.94117647058823,4842951.0
2026-07-05 07:54:22.322421,4f:bb:00:00:02:0f,23.75,57.4375,False,87.91176470588235,4844210.0
2026-07-05 08:15:22.383675,4f:bb:00:00:02:0f,23.6875,57.4375,False,87.91176470588235,4845472.0
2026-07-05 08:36:22.494754,4f:bb:00:00:02:0f,23.625,57.5,False,87.91176470588235,4846732.5
2026-07-05 08:57:22.581628,4f:bb:00:00:02:0f,23.625,57.5,False,87.94117647058823,4847989.0
2026-07-05 09:18:22.607102,4f:bb:00:00:02:0f,23.625,57.5,False,87.91176470588235,4849252.5
2026-07-05 09:39:22.647854,4f:bb:00:00:02:0f,23.625,57.5,False,87.88235294117646,4850511.0
2026-07-05 10:00:22.718971,4f:bb:00:00:02:0f,23.625,57.5625,False,87.91176470588235,4851769.5
2026-07-05 10:21:22.851045,4f:bb:00:00:02:0f,23.625,57.5625,False,87.91176470588235,4853033.0
2026-07-05 10:42:22.919567,4f:bb:00:00:02:0f,23.6875,57.5625,False,87.91176470588235,4854290.0
2026-07-05 11:03:23.029611,4f:bb:00:00:02:0f,23.6875,57.8125,False,87.88235294117646,4855552.5
2026-07-05 11:24:23.106049,4f:bb:00:00:02:0f,23.75,59.75,False,87.88235294117646,4856813.0
2026-07-05 11:45:23.208088,4f:bb:00:00:02:0f,23.8125,60.8125,False,87.91176470588235,4858070.0
2026-07-05 12:06:23.240149,4f:bb:00:00:02:0f,23.875,61.625,False,87.91176470588235,4859335.0
2026-07-05 12:27:23.261068,4f:bb:00:00:02:0f,23.875,62.3125,False,87.91176470588235,4860592.0
2026-07-05 12:48:23.357157,4f:bb:00:00:02:0f,23.875,62.75,False,87.91176470588235,4861852.0
2026-07-05 13:09:23.456006,4f:bb:00:00:02:0f,23.9375,63.0625,False,87.8970588235294,4863115.5
2026-07-05 13:30:23.542351,4f:bb:00:00:02:0f,23.9375,63.3125,False,87.91176470588235,4864373.0
2026-07-05 13:51:23.629355,4f:bb:00:00:02:0f,24.0,63.5625,False,87.88235294117646,4865634.5
2026-07-05 14:12:23.738718,4f:bb:00:00:02:0f,24.0625,63.6875,False,87.91176470588235,4866896.0
2026-07-05 14:33:23.778463,4f:bb:00:00:02:0f,24.125,63.875,False,87.91176470588235,4868154.0
2026-07-05 14:54:23.833698,4f:bb:00:00:02:0f,24.1875,64.0,False,87.91176470588235,4869414.0
2026-07-05 15:15:23.952117,4f:bb:00:00:02:0f,24.25,64.125,False,87.91176470588235,4870672.0
2026-07-05 15:36:23.977277,4f:bb:00:00:02:0f,24.375,64.25,False,87.91176470588235,4871932.5
2026-07-05 15:57:24.074820,4f:bb:00:00:02:0f,24.5,64.625,False,87.91176470588235,4873194.0
2026-07-05 16:18:24.079022,4f:bb:00:00:02:0f,24.6875,64.6875,False,87.94117647058823,4874452.5
2026-07-05 16:39:24.166165,4f:bb:00:00:02:0f,24.875,64.8125,False,87.91176470588235,4875713.0
2026-07-05 17:00:24.240196,4f:bb:00:00:02:0f,25.0,64.875,False,87.91176470588235,4876974.0
2026-07-05 17:21:24.325813,4f:bb:00:00:02:0f,25.1875,64.875,False,87.91176470588235,4878234.0
2026-07-05 17:42:24.366995,4f:bb:00:00:02:0f,25.3125,65.1875,False,87.94117647058823,4879496.0
2026-07-05 18:03:24.465770,4f:bb:00:00:02:0f,25.4375,65.1875,False,87.94117647058823,4880752.5
2026-07-05 18:24:24.575293,4f:bb:00:00:02:0f,25.5625,65.25,False,87.97058823529412,4882014.0
2026-07-05 18:45:24.674135,4f:bb:00:00:02:0f,25.6875,65.25,False,87.94117647058823,4883276.0
2026-07-05 19:06:24.723976,4f:bb:00:00:02:0f,25.8125,65.3125,False,87.97058823529412,4884533.0
2026-07-05 19:27:24.737256,4f:bb:00:00:02:0f,25.875,65.25,False,87.97058823529412,4885796.0
2026-07-05 19:48:24.745414,4f:bb:00:00:02:0f,26.0,65.25,False,87.97058823529412,4887056.0
2026-07-05 20:09:24.848606,4f:bb:00:00:02:0f,26.0625,65.25,False,87.97058823529412,4888315.0
2026-07-05 20:30:24.888536,4f:bb:00:00:02:0f,26.125,65.25,False,87.97058823529412,4889575.5
2026-07-05 20:51:24.916059,4f:bb:00:00:02:0f,26.125,65.25,False,87.97058823529412,4890835.5
2026-07-05 21:12:24.992283,4f:bb:00:00:02:0f,26.125,65.25,False,88.0,4892095.0
2026-07-05 21:33:25.013397,4f:bb:00:00:02:0f,26.1875,65.5,False,88.0,4893358.0
2026-07-05 21:54:25.125256,4f:bb:00:00:02:0f,26.1875,65.5,False,88.0,4894615.5
2026-07-05 22:15:25.221517,4f:bb:00:00:02:0f,26.1875,65.1875,False,88.0,4895875.0
2026-07-05 22:36:25.307302,4f:bb:00:00:02:0f,26.1875,65.4375,False,88.02941176470588,4897138.0
2026-07-05 22:57:25.348902,4f:bb:00:00:02:0f,26.1875,65.5625,False,88.0,4898396.0
2026-07-05 23:18:25.450785,4f:bb:00:00:02:0f,26.1875,65.625,False,88.0,4899656.0
2026-07-05 23:39:25.572044,4f:bb:00:00:02:0f,26.1875,65.6875,False,88.0,4900918.5
2026-07-06 00:00:25.816546,4f:bb:00:00:02:0f,26.125,65.5,False,88.02941176470588,4902175.0
2026-07-06 00:21:25.767436,4f:bb:00:00:02:0f,26.125,65.5625,False,88.02941176470588,4903437.0
2026-07-06 00:42:25.868184,4f:bb:00:00:02:0f,26.0625,65.5,False,88.0,4904699.0
2026-07-06 01:03:25.935330,4f:bb:00:00:02:0f,25.8125,65.375,False,88.0,4905958.0
2026-07-06 01:24:25.939049,4f:bb:00:00:02:0f,25.6875,65.5,False,88.0,4907216.0
2026-07-06 01:45:25.959493,4f:bb:00:00:02:0f,25.5625,65.625,False,88.0,4908478.0
2026-07-06 02:06:25.985855,4f:bb:00:00:02:0f,25.5,65.625,False,87.98529411764706,4909738.5
2026-07-06 02:27:26.070742,4f:bb:00:00:02:0f,25.4375,65.6875,False,88.0,4910996.0
2026-07-06 02:48:26.154156,4f:bb:00:00:02:0f,25.3125,65.6875,False,87.97058823529412,4912258.0
2026-07-06 03:09:26.193829,4f:bb:00:00:02:0f,25.25,65.4375,False,88.0,4913519.0
2026-07-06 03:30:26.242621,4f:bb:00:00:02:0f,25.1875,65.5,False,88.0,4914778.0
2026-07-06 03:51:26.263997,4f:bb:00:00:02:0f,25.125,65.5,False,87.97058823529412,4916039.0
2026-07-06 04:12:26.321454,4f:bb:00:00:02:0f,25.0625,65.5,False,88.0,4917301.5
2026-07-06 04:33:26.359560,4f:bb:00:00:02:0f,24.9375,65.5,False,88.0,4918558.0
2026-07-06 04:54:26.474971,4f:bb:00:00:02:0f,24.875,65.5,False,87.97058823529412,4919821.0
2026-07-06 05:15:26.566523,4f:bb:00:00:02:0f,24.8125,65.5,False,88.0,4921078.0
2026-07-06 05:36:26.665668,4f:bb:00:00:02:0f,24.6875,65.5625,False,88.0,4922341.0
2026-07-06 05:57:26.753774,4f:bb:00:00:02:0f,24.625,65.5625,False,87.97058823529412,4923599.0
2026-07-06 06:18:26.780820,4f:bb:00:00:02:0f,24.5625,65.5625,False,87.97058823529412,4924858.0
2026-07-06 06:39:26.906094,4f:bb:00:00:02:0f,24.5,65.5625,False,87.97058823529412,4926120.0
2026-07-06 07:00:26.975466,4f:bb:00:00:02:0f,24.4375,65.3125,False,87.97058823529412,4927380.0
2026-07-06 07:21:27.055028,4f:bb:00:00:02:0f,24.375,65.25,False,87.97058823529412,4928641.5
2026-07-06 07:42:27.068628,4f:bb:00:00:02:0f,24.3125,65.25,False,87.94117647058823,4929899.0
2026-07-06 08:03:27.142412,4f:bb:00:00:02:0f,24.3125,65.25,False,87.94117647058823,4931157.0
2026-07-06 08:24:27.161990,4f:bb:00:00:02:0f,24.3125,65.25,False,87.97058823529412,4932418.5
2026-07-06 08:45:27.240073,4f:bb:00:00:02:0f,24.375,65.25,False,87.97058823529412,4933682.0
2026-07-06 09:06:27.357263,4f:bb:00:00:02:0f,24.5,65.5,False,87.97058823529412,4934941.0
2026-07-06 09:27:27.438422,4f:bb:00:00:02:0f,24.6875,65.4375,False,87.97058823529412,4936201.5
2026-07-06 09:48:27.558670,4f:bb:00:00:02:0f,24.875,65.375,False,88.0,4937461.0
2026-07-06 10:09:27.670243,4f:bb:00:00:02:0f,25.0625,65.1875,False,88.0,4938721.0
2026-07-06 10:30:27.680278,4f:bb:00:00:02:0f,25.25,65.125,False,87.97058823529412,4939976.0
2026-07-06 10:51:27.812061,4f:bb:00:00:02:0f,25.4375,65.3125,False,87.97058823529412,4941242.0
2026-07-06 11:12:27.874528,4f:bb:00:00:02:0f,25.6875,65.375,False,87.97058823529412,4942498.5
2026-07-06 11:33:28.026293,4f:bb:00:00:02:0f,26.0,65.3125,False,88.0,4943762.0
2026-07-06 11:54:28.004252,4f:bb:00:00:02:0f,26.25,65.5,False,88.0,4945022.0
2026-07-06 12:15:28.077177,4f:bb:00:00:02:0f,26.5,65.4375,False,88.0,4946281.0
2026-07-06 12:36:28.131218,4f:bb:00:00:02:0f,26.6875,65.4375,False,88.0,4947541.0
2026-07-06 12:57:28.123973,4f:bb:00:00:02:0f,26.875,65.4375,False,88.02941176470588,4948803.0
2026-07-06 13:18:28.156756,4f:bb:00:00:02:0f,27.0625,65.625,False,88.05882352941177,4950061.5
2026-07-06 13:39:28.256845,4f:bb:00:00:02:0f,27.25,65.625,False,88.05882352941177,4951322.0
2026-07-06 14:00:28.356976,4f:bb:00:00:02:0f,27.3125,65.625,False,88.05882352941177,4952584.0
2026-07-06 14:21:28.442295,4f:bb:00:00:02:0f,27.5,65.625,False,88.05882352941177,4953840.0
2026-07-06 14:42:28.570864,4f:bb:00:00:02:0f,27.625,65.75,False,88.08823529411765,4955102.0
2026-07-06 15:03:28.584010,4f:bb:00:00:02:0f,27.8125,65.8125,False,88.08823529411765,4956365.0
2026-07-06 15:24:28.691764,4f:bb:00:00:02:0f,28.0625,66.0625,False,88.11764705882354,4957623.0
2026-07-06 15:45:28.784591,4f:bb:00:00:02:0f,28.25,66.0625,False,88.11764705882354,4958884.5
2026-07-06 16:06:28.891676,4f:bb:00:00:02:0f,28.4375,66.0625,False,88.11764705882354,4960144.5
2026-07-06 16:27:28.996758,4f:bb:00:00:02:0f,28.6875,66.125,False,88.1470588235294,4961403.0
2026-07-06 16:48:29.063142,4f:bb:00:00:02:0f,28.875,66.3125,False,88.11764705882354,4962666.0
2026-07-06 17:09:29.148628,4f:bb:00:00:02:0f,29.0625,66.3125,False,88.1470588235294,4963921.5
2026-07-06 17:30:29.204689,4f:bb:00:00:02:0f,29.25,66.3125,False,88.17647058823529,4965185.0
2026-07-06 17:51:29.326152,4f:bb:00:00:02:0f,29.375,66.3125,False,88.16176470588235,4966446.0
2026-07-06 18:12:29.390820,4f:bb:00:00:02:0f,29.5,66.25,False,88.17647058823529,4967702.0
2026-07-06 18:33:29.483320,4f:bb:00:00:02:0f,29.5625,66.4375,False,88.20588235294117,4968965.0
2026-07-06 18:54:29.569504,4f:bb:00:00:02:0f,29.625,66.375,False,88.20588235294117,4970223.0
2026-07-06 19:15:29.614412,4f:bb:00:00:02:0f,29.625,66.3125,False,88.17647058823529,4971483.0
2026-07-06 19:36:29.720911,4f:bb:00:00:02:0f,29.5625,66.25,False,88.20588235294117,4972744.0
2026-07-06 19:57:29.709187,4f:bb:00:00:02:0f,29.5,65.9375,False,88.20588235294117,4974005.0
2026-07-06 20:18:29.832541,4f:bb:00:00:02:0f,29.375,65.875,False,88.20588235294117,4975264.5
2026-07-06 20:39:29.939900,4f:bb:00:00:02:0f,29.25,65.75,False,88.20588235294117,4976524.5
2026-07-06 21:00:30.011153,4f:bb:00:00:02:0f,29.125,65.6875,False,88.23529411764706,4977785.0
2026-07-06 21:21:30.093564,4f:bb:00:00:02:0f,29.0,65.625,False,88.23529411764706,4979045.0
2026-07-06 21:42:30.134360,4f:bb:00:00:02:0f,28.8125,65.5625,False,88.23529411764706,4980304.5
2026-07-06 22:03:30.279581,4f:bb:00:00:02:0f,28.625,65.25,False,88.23529411764706,4981564.0
2026-07-06 22:24:30.351920,4f:bb:00:00:02:0f,28.4375,65.1875,False,88.20588235294117,4982825.0
2026-07-06 22:45:30.486880,4f:bb:00:00:02:0f,28.25,65.1875,False,88.23529411764706,4984088.0
2026-07-06 23:06:30.519242,4f:bb:00:00:02:0f,28.0625,65.1875,False,88.20588235294117,4985344.5
2026-07-06 23:27:30.669195,4f:bb:00:00:02:0f,27.8125,64.875,False,88.20588235294117,4986607.0
2026-07-06 23:48:30.743641,4f:bb:00:00:02:0f,27.5625,64.8125,False,88.23529411764706,4987866.0
2026-07-07 00:09:30.802584,4f:bb:00:00:02:0f,27.25,64.6875,False,88.23529411764706,4989125.0
2026-07-07 00:30:30.869263,4f:bb:00:00:02:0f,27.0,64.375,False,88.23529411764706,4990383.0
2026-07-07 00:51:30.934165,4f:bb:00:00:02:0f,26.6875,64.375,False,88.20588235294117,4991644.5
2026-07-07 01:12:31.052638,4f:bb:00:00:02:0f,26.5,64.375,False,88.20588235294117,4992907.0
2026-07-07 01:33:31.142168,4f:bb:00:00:02:0f,26.375,64.375,False,88.20588235294117,4994165.0
2026-07-07 01:54:31.250981,4f:bb:00:00:02:0f,26.1875,64.375,False,88.20588235294117,4995427.0
2026-07-07 02:15:31.320414,4f:bb:00:00:02:0f,26.0625,64.0625,False,88.20588235294117,4996687.0
2026-07-07 02:36:31.394972,4f:bb:00:00:02:0f,25.9375,64.0625,False,88.17647058823529,4997947.5
2026-07-07 02:57:31.449988,4f:bb:00:00:02:0f,25.75,64.0,False,88.17647058823529,4999206.0
2026-07-07 03:18:31.544056,4f:bb:00:00:02:0f,25.625,63.9375,False,88.17647058823529,5000470.5
2026-07-07 03:39:31.659945,4f:bb:00:00:02:0f,25.5,63.9375,False,88.17647058823529,5001727.5
2026-07-07 04:00:31.758162,4f:bb:00:00:02:0f,25.375,63.875,False,88.17647058823529,5002990.0
2026-07-07 04:21:31.828180,4f:bb:00:00:02:0f,25.1875,63.5625,False,88.17647058823529,5004247.0
2026-07-07 04:42:31.927223,4f:bb:00:00:02:0f,25.0,63.5,False,88.17647058823529,5005508.0
2026-07-07 05:03:31.991948,4f:bb:00:00:02:0f,24.8125,63.375,False,88.1470588235294,5006766.0
2026-07-07 05:24:32.121851,4f:bb:00:00:02:0f,24.5,63.1875,False,88.1470588235294,5008027.0
2026-07-07 05:45:32.176552,4f:bb:00:00:02:0f,24.0,62.6875,False,88.11764705882354,5009291.0
2026-07-07 06:06:32.221429,4f:bb:00:00:02:0f,23.5,62.3125,False,88.11764705882354,5010550.5
2026-07-07 06:27:32.313471,4f:bb:00:00:02:0f,23.0625,62.1875,False,88.05882352941177,5011807.0
2026-07-07 06:48:32.410106,4f:bb:00:00:02:0f,22.6875,61.9375,False,88.05882352941177,5013070.5
2026-07-07 07:09:32.508746,4f:bb:00:00:02:0f,22.375,61.9375,False,88.05882352941177,5014329.5
2026-07-07 07:30:32.615096,4f:bb:00:00:02:0f,22.1875,61.9375,False,88.02941176470588,5015589.0
2026-07-07 07:51:32.702078,4f:bb:00:00:02:0f,22.0625,61.9375,False,88.02941176470588,5016849.0
2026-07-07 08:12:32.792653,4f:bb:00:00:02:0f,22.0625,62.0625,False,88.02941176470588,5018108.0
2026-07-07 08:33:32.874163,4f:bb:00:00:02:0f,22.125,62.0625,False,88.02941176470588,5019370.5
2026-07-07 08:54:32.975683,4f:bb:00:00:02:0f,22.25,62.125,False,88.02941176470588,5020630.0
2026-07-07 09:15:33.072144,4f:bb:00:00:02:0f,22.5,62.125,False,88.0,5021891.0
2026-07-07 09:36:33.084747,4f:bb:00:00:02:0f,22.6875,62.125,False,88.0,5023149.0
2026-07-07 09:57:33.188473,4f:bb:00:00:02:0f,22.9375,62.3125,False,88.02941176470588,5024410.5
2026-07-07 10:18:33.275254,4f:bb:00:00:02:0f,23.1875,62.3125,False,88.02941176470588,5025672.0
2026-07-07 10:39:33.383058,4f:bb:00:00:02:0f,23.4375,62.25,False,88.0,5026931.0
2026-07-07 11:00:33.508683,4f:bb:00:00:02:0f,23.75,62.4375,False,88.02941176470588,5028190.0
2026-07-07 11:21:33.569119,4f:bb:00:00:02:0f,24.0,62.375,False,88.02941176470588,5029453.5
2026-07-07 11:42:33.650832,4f:bb:00:00:02:0f,24.25,62.375,False,88.02941176470588,5030709.0
2026-07-07 12:03:33.771220,4f:bb:00:00:02:0f,24.5,62.625,False,88.02941176470588,5031973.0
2026-07-07 12:24:33.877339,4f:bb:00:00:02:0f,24.8125,62.625,False,88.02941176470588,5033232.0
2026-07-07 12:45:33.996425,4f:bb:00:00:02:0f,25.0625,62.625,False,88.08823529411765,5034490.5
2026-07-07 13:06:34.098148,4f:bb:00:00:02:0f,25.3125,62.9375,False,88.05882352941177,5035751.0
2026-07-07 13:27:34.110041,4f:bb:00:00:02:0f,25.625,63.0625,False,88.05882352941177,5037010.0
2026-07-07 13:48:34.273609,4f:bb:00:00:02:0f,25.875,63.0625,False,88.05882352941177,5038273.5
2026-07-07 14:09:34.336880,4f:bb:00:00:02:0f,26.1875,63.375,False,88.05882352941177,5039533.0
2026-07-07 14:30:34.424316,4f:bb:00:00:02:0f,26.5,63.4375,False,88.08823529411765,5040790.0
2026-07-07 14:51:34.548883,4f:bb:00:00:02:0f,26.6875,63.375,False,88.08823529411765,5042053.5
2026-07-07 15:12:34.587136,4f:bb:00:00:02:0f,26.9375,63.4375,False,88.11764705882354,5043312.0
2026-07-07 15:33:34.621970,4f:bb:00:00:02:0f,27.1875,63.6875,False,88.11764705882354,5044572.5
2026-07-07 15:54:34.718694,4f:bb:00:00:02:0f,27.4375,63.75,False,88.11764705882354,5045833.0
2026-07-07 16:15:34.744743,4f:bb:00:00:02:0f,27.6875,63.8125,False,88.11764705882354,5047093.0
2026-07-07 16:36:34.754437,4f:bb:00:00:02:0f,27.875,64.0,False,88.1470588235294,5048350.5
2026-07-07 16:57:34.885277,4f:bb:00:00:02:0f,28.0625,64.0,False,88.1470588235294,5049614.0
2026-07-07 17:18:34.977274,4f:bb:00:00:02:0f,28.25,64.0625,False,88.13235294117646,5050872.0
2026-07-07 17:39:35.065800,4f:bb:00:00:02:0f,28.5,64.125,False,88.1470588235294,5052134.0
2026-07-07 18:00:35.173305,4f:bb:00:00:02:0f,28.75,64.375,False,88.17647058823529,5053395.0
2026-07-07 18:21:35.193831,4f:bb:00:00:02:0f,28.9375,64.375,False,88.17647058823529,5054656.0
2026-07-07 18:42:35.218466,4f:bb:00:00:02:0f,29.0625,64.3125,False,88.17647058823529,5055913.5
2026-07-07 19:03:35.309637,4f:bb:00:00:02:0f,29.1875,64.3125,False,88.20588235294117,5057175.0
2026-07-07 19:24:35.357516,4f:bb:00:00:02:0f,29.1875,64.25,False,88.20588235294117,5058433.5
2026-07-07 19:45:35.433394,4f:bb:00:00:02:0f,29.25,64.1875,False,88.20588235294117,5059697.0
2026-07-07 20:06:35.485768,4f:bb:00:00:02:0f,29.25,64.1875,False,88.20588235294117,5060954.0
2026-07-07 20:27:35.621962,4f:bb:00:00:02:0f,29.1875,64.125,False,88.20588235294117,5062214.5
2026-07-07 20:48:35.736674,4f:bb:00:00:02:0f,29.125,64.0625,False,88.23529411764706,5063476.0
2026-07-07 21:09:35.827151,4f:bb:00:00:02:0f,29.0625,64.0,False,88.20588235294117,5064734.0
2026-07-07 21:30:35.830313,4f:bb:00:00:02:0f,28.9375,63.9375,False,88.23529411764706,5065995.0
2026-07-07 21:51:35.953756,4f:bb:00:00:02:0f,28.8125,63.875,False,88.26470588235294,5067259.0
2026-07-07 22:12:36.001683,4f:bb:00:00:02:0f,28.6875,63.625,False,88.23529411764706,5068515.0
2026-07-07 22:33:36.133042,4f:bb:00:00:02:0f,28.5625,63.625,False,88.23529411764706,5069777.0
2026-07-07 22:54:36.239485,4f:bb:00:00:02:0f,28.5,63.625,False,88.25,5071033.5
2026-07-07 23:15:36.252781,4f:bb:00:00:02:0f,28.375,63.625,False,88.23529411764706,5072298.0
2026-07-07 23:36:36.307829,4f:bb:00:00:02:0f,28.25,63.5625,False,88.23529411764706,5073555.0
2026-07-07 23:57:36.432170,4f:bb:00:00:02:0f,28.125,63.625,False,88.23529411764706,5074816.0
2026-07-08 00:18:36.513358,4f:bb:00:00:02:0f,27.9375,63.625,False,88.23529411764706,5076074.0
2026-07-08 00:39:36.606602,4f:bb:00:00:02:0f,27.8125,63.375,False,88.23529411764706,5077339.0
2026-07-08 01:00:36.694142,4f:bb:00:00:02:0f,27.6875,63.375,False,88.23529411764706,5078596.0
2026-07-08 01:21:36.772454,4f:bb:00:00:02:0f,27.5,63.3125,False,88.23529411764706,5079854.0
2026-07-08 01:42:36.859183,4f:bb:00:00:02:0f,27.3125,63.25,False,88.26470588235294,5081119.0
2026-07-08 02:03:37.001616,4f:bb:00:00:02:0f,27.0625,63.1875,False,88.23529411764706,5082376.0
2026-07-08 02:24:37.015989,4f:bb:00:00:02:0f,26.875,62.875,False,88.23529411764706,5083636.5
2026-07-08 02:45:37.071770,4f:bb:00:00:02:0f,26.625,62.8125,False,88.23529411764706,5084896.0
2026-07-08 03:06:37.150986,4f:bb:00:00:02:0f,26.4375,62.75,False,88.23529411764706,5086159.5
2026-07-08 03:27:37.152221,4f:bb:00:00:02:0f,26.1875,62.6875,False,88.20588235294117,5087416.5
2026-07-08 03:48:37.251440,4f:bb:00:00:02:0f,25.9375,62.375,False,88.20588235294117,5088680.0
2026-07-08 04:09:37.364008,4f:bb:00:00:02:0f,25.6875,62.28125,False,88.20588235294117,5089936.5
2026-07-08 04:30:37.442234,4f:bb:00:00:02:0f,25.4375,62.1875,False,88.17647058823529,5091200.0
2026-07-08 04:51:37.532742,4f:bb:00:00:02:0f,25.1875,61.875,False,88.17647058823529,5092458.0
2026-07-08 05:12:37.628699,4f:bb:00:00:02:0f,24.9375,61.8125,False,88.17647058823529,5093719.0
2026-07-08 05:33:37.744883,4f:bb:00:00:02:0f,24.6875,61.75,False,88.1470588235294,5094978.0
2026-07-08 05:54:37.818681,4f:bb:00:00:02:0f,24.4375,61.5,False,88.1470588235294,5096239.0
2026-07-08 06:15:37.907014,4f:bb:00:00:02:0f,24.25,61.4375,False,88.11764705882354,5097500.0
2026-07-08 06:36:38.013254,4f:bb:00:00:02:0f,24.0625,61.4375,False,88.1470588235294,5098757.0
2026-07-08 06:57:38.115485,4f:bb:00:00:02:0f,23.9375,61.4375,False,88.1470588235294,5100019.0
2026-07-08 07:18:38.125741,4f:bb:00:00:02:0f,23.875,61.4375,False,88.1470588235294,5101279.0
2026-07-08 07:39:38.253061,4f:bb:00:00:02:0f,23.75,61.4375,False,88.1470588235294,5102539.5
2026-07-08 08:00:38.303032,4f:bb:00:00:02:0f,23.6875,61.4375,False,88.11764705882354,5103800.0
2026-07-08 08:21:38.391689,4f:bb:00:00:02:0f,23.6875,61.4375,False,88.11764705882354,5105058.5
2026-07-08 08:42:38.497893,4f:bb:00:00:02:0f,23.6875,61.4375,False,88.11764705882354,5106319.5
2026-07-08 09:03:38.567065,4f:bb:00:00:02:0f,23.75,61.4375,False,88.11764705882354,5107579.0
2026-07-08 09:24:38.638412,4f:bb:00:00:02:0f,23.9375,61.4375,False,88.08823529411765,5108840.0
2026-07-08 09:45:38.723414,4f:bb:00:00:02:0f,24.125,61.4375,False,88.08823529411765,5110099.0
2026-07-08 10:06:38.776348,4f:bb:00:00:02:0f,24.3125,61.375,False,88.11764705882354,5111363.0
2026-07-08 10:27:38.863715,4f:bb:00:00:02:0f,24.5625,61.625,False,88.11764705882354,5112619.0
2026-07-08 10:48:38.942892,4f:bb:00:00:02:0f,24.875,61.625,False,88.08823529411765,5113881.0
2026-07-08 11:09:39.091128,4f:bb:00:00:02:0f,25.125,61.6875,False,88.11764705882354,5115139.0
2026-07-08 11:30:39.242690,4f:bb:00:00:02:0f,25.5,62.0,False,88.11764705882354,5116400.0
2026-07-08 11:51:39.268669,4f:bb:00:00:02:0f,25.8125,62.0,False,88.1470588235294,5117660.0
2026-07-08 12:12:39.356559,4f:bb:00:00:02:0f,26.125,62.0,False,88.1470588235294,5118920.0
2026-07-08 12:33:39.424540,4f:bb:00:00:02:0f,26.4375,62.25,False,88.1470588235294,5120179.5
2026-07-08 12:54:39.505658,4f:bb:00:00:02:0f,26.75,62.25,False,88.1470588235294,5121442.5
2026-07-08 13:15:39.561623,4f:bb:00:00:02:0f,27.0,62.5625,False,88.1470588235294,5122700.0
2026-07-08 13:36:39.660037,4f:bb:00:00:02:0f,27.3125,62.625,False,88.17647058823529,5123960.0
2026-07-08 13:57:39.739620,4f:bb:00:00:02:0f,27.625,62.75,False,88.17647058823529,5125222.5
2026-07-08 14:18:39.765166,4f:bb:00:00:02:0f,27.9375,63.0625,False,88.17647058823529,5126482.0
2026-07-08 14:39:39.818886,4f:bb:00:00:02:0f,28.25,63.1875,False,88.17647058823529,5127742.0
2026-07-08 15:00:39.924631,4f:bb:00:00:02:0f,28.5625,63.25,False,88.1470588235294,5128999.5
2026-07-08 15:21:39.956975,4f:bb:00:00:02:0f,28.8125,63.4375,False,88.20588235294117,5130263.0
2026-07-08 15:42:40.091251,4f:bb:00:00:02:0f,29.0,63.5,False,88.23529411764706,5131522.5
2026-07-08 16:03:40.172674,4f:bb:00:00:02:0f,29.1875,63.5,False,88.23529411764706,5132782.0
2026-07-08 16:24:40.249435,4f:bb:00:00:02:0f,29.3125,63.5,False,88.23529411764706,5134043.0
2026-07-08 16:45:40.305993,4f:bb:00:00:02:0f,29.4375,63.625,False,88.23529411764706,5135302.0
2026-07-08 17:06:40.336517,4f:bb:00:00:02:0f,29.625,63.8125,False,88.23529411764706,5136563.0
2026-07-08 17:27:40.455810,4f:bb:00:00:02:0f,29.6875,63.8125,False,88.26470588235294,5137824.0
2026-07-08 17:48:40.528268,4f:bb:00:00:02:0f,29.75,63.8125,False,88.26470588235294,5139084.0
2026-07-08 18:09:40.611008,4f:bb:00:00:02:0f,29.8125,63.75,False,88.26470588235294,5140345.0
2026-07-08 18:30:40.697592,4f:bb:00:00:02:0f,29.875,63.8125,False,88.26470588235294,5141604.0
2026-07-08 18:51:40.762265,4f:bb:00:00:02:0f,29.9375,63.875,False,88.29411764705883,5142862.0
2026-07-08 19:12:40.827829,4f:bb:00:00:02:0f,30.0,63.8125,False,88.29411764705883,5144124.0
2026-07-08 19:33:40.837522,4f:bb:00:00:02:0f,30.0,63.6875,False,88.29411764705883,5145383.0
2026-07-08 19:54:40.921118,4f:bb:00:00:02:0f,29.8125,63.3125,False,88.29411764705883,5146647.0
2026-07-08 20:15:41.034712,4f:bb:00:00:02:0f,29.5,63.0,False,88.29411764705883,5147905.0
2026-07-08 20:36:41.107815,4f:bb:00:00:02:0f,29.1875,62.8125,False,88.32352941176471,5149163.5
2026-07-08 20:57:41.145216,4f:bb:00:00:02:0f,28.71875,62.5,False,88.29411764705883,5150424.5
2026-07-08 21:18:41.152783,4f:bb:00:00:02:0f,28.1875,62.0625,False,88.32352941176471,5151683.0
2026-07-08 21:39:41.178902,4f:bb:00:00:02:0f,27.75,62.125,False,88.29411764705883,5152944.0
2026-07-08 22:00:41.269475,4f:bb:00:00:02:0f,27.5,62.1875,False,88.29411764705883,5154203.5
2026-07-08 22:21:41.288717,4f:bb:00:00:02:0f,27.3125,62.1875,False,88.29411764705883,5155462.5
2026-07-08 22:42:41.402423,4f:bb:00:00:02:0f,27.1875,62.125,False,88.29411764705883,5156726.0
2026-07-08 23:03:41.501938,4f:bb:00:00:02:0f,27.0,62.125,False,88.29411764705883,5157985.0
2026-07-08 23:24:41.580852,4f:bb:00:00:02:0f,26.875,61.875,False,88.29411764705883,5159243.0
2026-07-08 23:45:41.623205,4f:bb:00:00:02:0f,26.75,61.8125,False,88.29411764705883,5160505.0
2026-07-09 00:06:41.688913,4f:bb:00:00:02:0f,26.5625,61.75,False,88.29411764705883,5161765.0
2026-07-09 00:27:41.738024,4f:bb:00:00:02:0f,26.375,61.6875,False,88.26470588235294,5163024.0
2026-07-09 00:48:41.806194,4f:bb:00:00:02:0f,26.25,61.75,False,88.26470588235294,5164286.0
2026-07-09 01:09:41.880991,4f:bb:00:00:02:0f,26.125,61.5,False,88.23529411764706,5165548.0
2026-07-09 01:30:41.962898,4f:bb:00:00:02:0f,26.0625,61.5,False,88.25,5166804.5
2026-07-09 01:51:42.032914,4f:bb:00:00:02:0f,25.9375,61.5,False,88.23529411764706,5168065.0
2026-07-09 02:12:42.140380,4f:bb:00:00:02:0f,25.8125,61.4375,False,88.23529411764706,5169328.5
2026-07-09 02:33:42.226481,4f:bb:00:00:02:0f,25.75,61.4375,False,88.23529411764706,5170586.5
2026-07-09 02:54:42.322833,4f:bb:00:00:02:0f,25.6875,61.375,False,88.23529411764706,5171847.0
2026-07-09 03:15:42.431021,4f:bb:00:00:02:0f,25.5625,61.375,False,88.23529411764706,5173112.5
2026-07-09 03:36:42.526512,4f:bb:00:00:02:0f,25.4375,61.3125,False,88.23529411764706,5174366.0
2026-07-09 03:57:42.634053,4f:bb:00:00:02:0f,25.3125,61.3125,False,88.23529411764706,5175625.5
2026-07-09 04:18:42.656544,4f:bb:00:00:02:0f,25.1875,61.0,False,88.20588235294117,5176889.0
2026-07-09 04:39:42.734404,4f:bb:00:00:02:0f,25.0625,61.0,False,88.20588235294117,5178145.5
2026-07-09 05:00:42.745490,4f:bb:00:00:02:0f,25.0,61.0,False,88.17647058823529,5179406.0
2026-07-09 05:21:42.855892,4f:bb:00:00:02:0f,24.875,61.0,False,88.20588235294117,5180667.0
2026-07-09 05:42:42.944853,4f:bb:00:00:02:0f,24.8125,60.9375,False,88.17647058823529,5181928.0
2026-07-09 06:03:42.965476,4f:bb:00:00:02:0f,24.6875,60.9375,False,88.17647058823529,5183188.0
2026-07-09 06:24:43.102357,4f:bb:00:00:02:0f,24.625,60.9375,False,88.17647058823529,5184449.0
2026-07-09 06:45:43.180160,4f:bb:00:00:02:0f,24.5625,61.0,False,88.17647058823529,5185707.0
2026-07-09 07:06:43.246712,4f:bb:00:00:02:0f,24.5,61.0,False,88.17647058823529,5186966.0
2026-07-09 07:27:43.280145,4f:bb:00:00:02:0f,24.4375,60.8125,False,88.17647058823529,5188229.0
2026-07-09 07:48:43.376166,4f:bb:00:00:02:0f,24.4375,60.875,False,88.1470588235294,5189487.0
2026-07-09 08:09:43.462595,4f:bb:00:00:02:0f,24.5,61.1875,False,88.1470588235294,5190750.0
2026-07-09 08:30:43.502487,4f:bb:00:00:02:0f,24.5625,61.1875,False,88.1470588235294,5192007.0
2026-07-09 08:51:43.526549,4f:bb:00:00:02:0f,24.75,61.25,False,88.1470588235294,5193269.0
2026-07-09 09:12:43.633668,4f:bb:00:00:02:0f,25.0625,61.3125,False,88.17647058823529,5194528.0
2026-07-09 09:33:43.735827,4f:bb:00:00:02:0f,25.375,61.5625,False,88.16176470588235,5195790.0
2026-07-09 09:54:43.820749,4f:bb:00:00:02:0f,25.6875,61.5625,False,88.17647058823529,5197051.0
2026-07-09 10:15:43.919822,4f:bb:00:00:02:0f,25.9375,61.5,False,88.1470588235294,5198309.0
2026-07-09 10:36:44.023301,4f:bb:00:00:02:0f,26.25,61.75,False,88.17647058823529,5199571.0
2026-07-09 10:57:44.136717,4f:bb:00:00:02:0f,26.5,61.75,False,88.17647058823529,5200831.0
2026-07-09 11:18:44.197706,4f:bb:00:00:02:0f,26.8125,61.8125,False,88.20588235294117,5202091.5
2026-07-09 11:39:44.226936,4f:bb:00:00:02:0f,27.125,62.0625,False,88.20588235294117,5203348.5
2026-07-09 12:00:44.357220,4f:bb:00:00:02:0f,27.375,62.0625,False,88.20588235294117,5204610.0
2026-07-09 12:21:44.381047,4f:bb:00:00:02:0f,27.75,62.1875,False,88.23529411764706,5205870.0
2026-07-09 12:42:44.415860,4f:bb:00:00:02:0f,28.0625,62.4375,False,88.22058823529412,5207128.5
2026-07-09 13:03:44.445402,4f:bb:00:00:02:0f,28.3125,62.4375,False,88.23529411764706,5208392.0
2026-07-09 13:24:44.496623,4f:bb:00:00:02:0f,28.5625,62.5,False,88.23529411764706,5209651.0
2026-07-09 13:45:44.575637,4f:bb:00:00:02:0f,28.8125,62.8125,False,88.23529411764706,5210909.0
2026-07-09 14:06:44.618783,4f:bb:00:00:02:0f,28.9375,62.8125,False,88.26470588235294,5212172.0
2026-07-09 14:27:44.654255,4f:bb:00:00:02:0f,29.0,62.75,False,88.23529411764706,5213431.0
2026-07-09 14:48:44.719109,4f:bb:00:00:02:0f,29.0,62.8125,False,88.26470588235294,5214690.0
2026-07-09 15:09:44.830033,4f:bb:00:00:02:0f,29.0625,62.875,False,88.26470588235294,5215952.0
2026-07-09 15:30:44.931983,4f:bb:00:00:02:0f,29.125,62.875,False,88.26470588235294,5217211.0
2026-07-09 15:51:45.043985,4f:bb:00:00:02:0f,29.125,62.875,False,88.26470588235294,5218468.0
2026-07-09 16:12:45.118866,4f:bb:00:00:02:0f,29.1875,62.9375,False,88.26470588235294,5219734.0
2026-07-09 16:33:45.187916,4f:bb:00:00:02:0f,29.25,62.875,False,88.29411764705883,5220991.0
2026-07-09 16:54:45.319405,4f:bb:00:00:02:0f,29.1875,62.875,False,88.29411764705883,5222254.0
2026-07-09 17:15:45.337915,4f:bb:00:00:02:0f,29.1875,62.8125,False,88.29411764705883,5223511.5
2026-07-09 17:36:45.428322,4f:bb:00:00:02:0f,29.125,62.75,False,88.29411764705883,5224771.5
2026-07-09 17:57:45.537394,4f:bb:00:00:02:0f,29.0625,62.75,False,88.27941176470588,5226035.0
2026-07-09 18:18:45.576626,4f:bb:00:00:02:0f,28.9375,62.6875,False,88.29411764705883,5227292.0
2026-07-09 18:39:45.665976,4f:bb:00:00:02:0f,28.875,62.6875,False,88.29411764705883,5228551.0
2026-07-09 19:00:45.729046,4f:bb:00:00:02:0f,28.75,62.625,False,88.32352941176471,5229813.0
2026-07-09 19:21:45.835559,4f:bb:00:00:02:0f,28.625,62.3125,False,88.32352941176471,5231074.0
2026-07-09 19:42:45.878000,4f:bb:00:00:02:0f,28.4375,62.1875,False,88.29411764705883,5232332.0
2026-07-09 20:03:45.954005,4f:bb:00:00:02:0f,28.25,62.125,False,88.29411764705883,5233594.0
2026-07-09 20:24:46.052722,4f:bb:00:00:02:0f,28.0,62.0,False,88.32352941176471,5234851.5
2026-07-09 20:45:46.139820,4f:bb:00:00:02:0f,27.75,61.75,False,88.29411764705883,5236111.5
2026-07-09 21:06:46.236227,4f:bb:00:00:02:0f,27.5625,61.6875,False,88.32352941176471,5237372.0
2026-07-09 21:27:46.300303,4f:bb:00:00:02:0f,27.3125,61.625,False,88.29411764705883,5238631.0
2026-07-09 21:48:46.368932,4f:bb:00:00:02:0f,27.125,61.625,False,88.29411764705883,5239895.0
2026-07-09 22:09:46.396251,4f:bb:00:00:02:0f,26.9375,61.3125,False,88.29411764705883,5241153.0
2026-07-09 22:30:46.390327,4f:bb:00:00:02:0f,26.75,61.25,False,88.29411764705883,5242412.0
2026-07-09 22:51:46.486393,4f:bb:00:00:02:0f,26.5625,61.1875,False,88.29411764705883,5243675.0
2026-07-09 23:12:46.632032,4f:bb:00:00:02:0f,26.375,61.25,False,88.29411764705883,5244932.0
2026-07-09 23:33:46.710906,4f:bb:00:00:02:0f,26.25,61.3125,False,88.29411764705883,5246195.0
2026-07-09 23:54:46.763756,4f:bb:00:00:02:0f,26.25,61.3125,False,88.26470588235294,5247454.5
2026-07-10 00:15:46.892098,4f:bb:00:00:02:0f,26.1875,61.375,False,88.26470588235294,5248714.0
2026-07-10 00:36:46.886200,4f:bb:00:00:02:0f,26.1875,61.375,False,88.23529411764706,5249974.5
2026-07-10 00:57:46.991546,4f:bb:00:00:02:0f,26.125,61.1875,False,88.26470588235294,5251237.5
2026-07-10 01:18:47.077488,4f:bb:00:00:02:0f,26.0625,61.125,False,88.23529411764706,5252497.0
2026-07-10 01:39:47.172421,4f:bb:00:00:02:0f,26.0,61.125,False,88.23529411764706,5253753.0
2026-07-10 02:00:47.242043,4f:bb:00:00:02:0f,25.9375,61.0625,False,88.23529411764706,5255014.0
2026-07-10 02:21:47.372704,4f:bb:00:00:02:0f,25.8125,61.0625,False,88.23529411764706,5256278.0
2026-07-10 02:42:47.355065,4f:bb:00:00:02:0f,25.75,61.0,False,88.23529411764706,5257537.0
2026-07-10 03:03:47.476793,4f:bb:00:00:02:0f,25.6875,61.0,False,88.23529411764706,5258794.5
2026-07-10 03:24:47.505589,4f:bb:00:00:02:0f,25.5625,60.9375,False,88.20588235294117,5260056.0
2026-07-10 03:45:47.601049,4f:bb:00:00:02:0f,25.4375,60.9375,False,88.20588235294117,5261314.5
2026-07-10 04:06:47.696685,4f:bb:00:00:02:0f,25.3125,60.875,False,88.20588235294117,5262577.5
2026-07-10 04:27:47.727744,4f:bb:00:00:02:0f,25.1875,60.625,False,88.17647058823529,5263837.0
2026-07-10 04:48:47.791388,4f:bb:00:00:02:0f,25.0625,60.5625,False,88.20588235294117,5265094.0
2026-07-10 05:09:47.779066,4f:bb:00:00:02:0f,24.9375,60.5625,False,88.20588235294117,5266355.0
2026-07-10 05:30:47.879469,4f:bb:00:00:02:0f,24.8125,60.5,False,88.17647058823529,5267617.5
2026-07-10 05:51:48.005446,4f:bb:00:00:02:0f,24.6875,60.4375,False,88.17647058823529,5268876.0
2026-07-10 06:12:48.013307,4f:bb:00:00:02:0f,24.5625,60.4375,False,88.20588235294117,5270134.0
2026-07-10 06:33:48.098598,4f:bb:00:00:02:0f,24.4375,60.1875,False,88.20588235294117,5271397.0
2026-07-10 06:54:48.218462,4f:bb:00:00:02:0f,24.375,60.1875,False,88.17647058823529,5272657.0
2026-07-10 07:15:48.218948,4f:bb:00:00:02:0f,24.3125,60.1875,False,88.17647058823529,5273917.5
2026-07-10 07:36:48.235814,4f:bb:00:00:02:0f,24.25,60.1875,False,88.1470588235294,5275178.0
2026-07-10 07:57:48.330287,4f:bb:00:00:02:0f,24.1875,60.1875,False,88.1470588235294,5276440.0
2026-07-10 08:18:48.401934,4f:bb:00:00:02:0f,24.1875,60.1875,False,88.1470588235294,5277695.0
2026-07-10 08:39:48.411735,4f:bb:00:00:02:0f,24.25,60.3125,False,88.1470588235294,5278957.0
2026-07-10 09:00:48.498374,4f:bb:00:00:02:0f,24.4375,60.3125,False,88.1470588235294,5280220.5
2026-07-10 09:21:48.549932,4f:bb:00:00:02:0f,24.5625,60.5625,False,88.1470588235294,5281475.0
2026-07-10 09:42:48.602323,4f:bb:00:00:02:0f,24.75,60.625,False,88.1470588235294,5282739.0
2026-07-10 10:03:48.667831,4f:bb:00:00:02:0f,24.9375,60.625,False,88.1470588235294,5283998.0
2026-07-10 10:24:48.777430,4f:bb:00:00:02:0f,25.1875,60.6875,False,88.1470588235294,5285258.0
2026-07-10 10:45:48.822237,4f:bb:00:00:02:0f,25.5,61.0,False,88.1470588235294,5286519.0
2026-07-10 11:06:48.801859,4f:bb:00:00:02:0f,25.8125,61.0,False,88.16176470588235,5287779.0
2026-07-10 11:27:48.872076,4f:bb:00:00:02:0f,26.0,61.0,False,88.17647058823529,5289040.5
2026-07-10 11:48:48.960840,4f:bb:00:00:02:0f,26.1875,61.25,False,88.17647058823529,5290299.0
2026-07-10 12:09:49.073149,4f:bb:00:00:02:0f,26.375,61.3125,False,88.19117647058823,5291558.0
2026-07-10 12:30:49.245695,4f:bb:00:00:02:0f,26.625,61.375,False,88.17647058823529,5292820.0
2026-07-10 12:51:49.248819,4f:bb:00:00:02:0f,26.90625,61.4375,False,88.17647058823529,5294077.5
2026-07-10 13:12:49.312001,4f:bb:00:00:02:0f,27.125,61.6875,False,88.17647058823529,5295338.0
2026-07-10 13:33:49.419474,4f:bb:00:00:02:0f,27.3125,61.6875,False,88.20588235294117,5296601.0
2026-07-10 13:54:49.487538,4f:bb:00:00:02:0f,27.4375,61.75,False,88.20588235294117,5297860.0
2026-07-10 14:15:49.607701,4f:bb:00:00:02:0f,27.5,61.75,False,88.23529411764706,5299119.0
2026-07-10 14:36:49.633514,4f:bb:00:00:02:0f,27.5625,61.75,False,88.20588235294117,5300379.0
2026-07-10 14:57:49.660087,4f:bb:00:00:02:0f,27.6875,61.8125,False,88.20588235294117,5301638.0
2026-07-10 15:18:49.788665,4f:bb:00:00:02:0f,27.75,61.875,False,88.20588235294117,5302902.0
2026-07-10 15:39:49.862354,4f:bb:00:00:02:0f,27.875,62.125,False,88.23529411764706,5304161.0
2026-07-10 16:00:49.902356,4f:bb:00:00:02:0f,27.875,62.0,False,88.23529411764706,5305422.0
2026-07-10 16:21:50.014928,4f:bb:00:00:02:0f,27.75,61.6875,False,88.23529411764706,5306682.0
2026-07-10 16:42:50.099262,4f:bb:00:00:02:0f,27.6875,61.625,False,88.23529411764706,5307941.0
2026-07-10 17:03:50.163804,4f:bb:00:00:02:0f,27.5625,61.5625,False,88.23529411764706,5309201.0
2026-07-10 17:24:50.290045,4f:bb:00:00:02:0f,27.4375,61.4375,False,88.23529411764706,5310460.0
2026-07-10 17:45:50.399339,4f:bb:00:00:02:0f,27.25,61.3125,False,88.20588235294117,5311721.0
2026-07-10 18:06:50.513156,4f:bb:00:00:02:0f,27.0,61.25,False,88.23529411764706,5312983.0
2026-07-10 18:27:50.557912,4f:bb:00:00:02:0f,26.8125,61.0,False,88.20588235294117,5314241.0
2026-07-10 18:48:50.520866,4f:bb:00:00:02:0f,26.625,61.0,False,88.20588235294117,5315503.5
2026-07-10 19:09:50.547073,4f:bb:00:00:02:0f,26.5,61.0625,False,88.20588235294117,5316758.0
2026-07-10 19:30:50.678537,4f:bb:00:00:02:0f,26.3125,60.9375,False,88.20588235294117,5318023.0
2026-07-10 19:51:50.689332,4f:bb:00:00:02:0f,26.1875,60.9375,False,88.20588235294117,5319283.0
2026-07-10 20:12:50.713617,4f:bb:00:00:02:0f,26.0,60.625,False,88.20588235294117,5320541.0
2026-07-10 20:33:50.789456,4f:bb:00:00:02:0f,25.8125,60.5625,False,88.20588235294117,5321801.0
2026-07-10 20:54:50.861196,4f:bb:00:00:02:0f,25.625,60.4375,False,88.17647058823529,5323062.0
2026-07-10 21:15:50.998603,4f:bb:00:00:02:0f,25.375,60.3125,False,88.17647058823529,5324323.0
2026-07-10 21:36:51.002844,4f:bb:00:00:02:0f,25.125,60.0625,False,88.17647058823529,5325583.0
2026-07-10 21:57:51.117475,4f:bb:00:00:02:0f,24.9375,60.125,False,88.17647058823529,5326840.0
2026-07-10 22:18:51.232685,4f:bb:00:00:02:0f,24.8125,60.125,False,88.17647058823529,5328103.0
2026-07-10 22:39:51.308680,4f:bb:00:00:02:0f,24.8125,60.25,False,88.1470588235294,5329364.0
2026-07-10 23:00:51.424848,4f:bb:00:00:02:0f,24.9375,60.375,False,88.1470588235294,5330623.0
2026-07-10 23:21:51.454353,4f:bb:00:00:02:0f,25.0,60.375,False,88.17647058823529,5331883.5
2026-07-10 23:42:51.564492,4f:bb:00:00:02:0f,25.0625,60.375,False,88.17647058823529,5333144.0
2026-07-11 00:03:51.650359,4f:bb:00:00:02:0f,25.0625,60.375,False,88.1470588235294,5334402.0
2026-07-11 00:24:51.733604,4f:bb:00:00:02:0f,25.0,60.3125,False,88.1470588235294,5335664.0
2026-07-11 00:45:51.727576,4f:bb:00:00:02:0f,24.9375,60.3125,False,88.1470588235294,5336924.0
2026-07-11 01:06:51.849633,4f:bb:00:00:02:0f,24.875,60.25,False,88.1470588235294,5338184.0
2026-07-11 01:27:51.862810,4f:bb:00:00:02:0f,24.8125,60.1875,False,88.11764705882354,5339442.0
2026-07-11 01:48:51.953752,4f:bb:00:00:02:0f,24.6875,60.125,False,88.11764705882354,5340703.5
2026-07-11 02:09:52.088893,4f:bb:00:00:02:0f,24.5625,60.125,False,88.11764705882354,5341963.0
2026-07-11 02:30:52.204928,4f:bb:00:00:02:0f,24.4375,59.875,False,88.08823529411765,5343226.5
2026-07-11 02:51:52.294926,4f:bb:00:00:02:0f,24.25,59.625,False,88.13235294117646,5344483.5
2026-07-11 03:12:52.321958,4f:bb:00:00:02:0f,24.0,59.5,False,88.08823529411765,5345746.0
2026-07-11 03:33:52.452751,4f:bb:00:00:02:0f,23.6875,59.375,False,88.08823529411765,5347003.5
2026-07-11 03:54:52.463659,4f:bb:00:00:02:0f,23.4375,59.125,False,88.05882352941177,5348267.0
2026-07-11 04:15:52.463287,4f:bb:00:00:02:0f,23.25,59.125,False,88.05882352941177,5349526.5
2026-07-11 04:36:52.486497,4f:bb:00:00:02:0f,23.0625,59.125,False,88.02941176470588,5350783.5
2026-07-11 04:57:52.575962,4f:bb:00:00:02:0f,22.875,59.0625,False,88.02941176470588,5352046.5
2026-07-11 05:18:52.708966,4f:bb:00:00:02:0f,22.6875,58.8125,False,88.02941176470588,5353307.0
2026-07-11 05:39:52.765731,4f:bb:00:00:02:0f,22.5,58.75,False,88.05882352941177,5354563.0
2026-07-11 06:00:52.784471,4f:bb:00:00:02:0f,22.375,58.75,False,88.02941176470588,5355828.5
2026-07-11 06:21:52.877383,4f:bb:00:00:02:0f,22.25,58.8125,False,88.02941176470588,5357083.0
2026-07-11 06:42:52.978805,4f:bb:00:00:02:0f,22.1875,58.8125,False,88.0,5358348.0
2026-07-11 07:03:52.979170,4f:bb:00:00:02:0f,22.125,58.75,False,88.0,5359606.0
2026-07-11 07:24:53.036465,4f:bb:00:00:02:0f,22.0,58.625,False,87.97058823529412,5360867.0
2026-07-11 07:45:53.143578,4f:bb:00:00:02:0f,21.8125,58.4375,False,87.97058823529412,5362126.0
2026-07-11 08:06:53.263788,4f:bb:00:00:02:0f,21.8125,58.5625,False,87.97058823529412,5363388.0
2026-07-11 08:27:53.240223,4f:bb:00:00:02:0f,21.875,58.625,False,87.97058823529412,5364647.0
2026-07-11 08:48:53.308242,4f:bb:00:00:02:0f,22.0625,59.0,False,87.97058823529412,5365906.0
2026-07-11 09:09:53.424301,4f:bb:00:00:02:0f,22.3125,59.0,False,87.97058823529412,5367167.0
2026-07-11 09:30:53.450245,4f:bb:00:00:02:0f,22.625,59.0,False,87.97058823529412,5368429.5
2026-07-11 09:51:53.488608,4f:bb:00:00:02:0f,22.875,59.1875,False,87.97058823529412,5369686.5
2026-07-11 10:12:53.563087,4f:bb:00:00:02:0f,23.0,59.125,False,87.94117647058823,5370947.0
2026-07-11 10:33:53.685060,4f:bb:00:00:02:0f,23.1875,59.1875,False,87.97058823529412,5372206.5
2026-07-11 10:54:53.741242,4f:bb:00:00:02:0f,23.3125,59.1875,False,87.97058823529412,5373467.0
2026-07-11 11:15:53.786697,4f:bb:00:00:02:0f,23.5,59.1875,False,87.97058823529412,5374729.5
2026-07-11 11:36:53.852090,4f:bb:00:00:02:0f,23.6875,59.5,False,87.97058823529412,5375988.0
2026-07-11 11:57:53.941999,4f:bb:00:00:02:0f,23.875,59.5625,False,87.97058823529412,5377247.0
2026-07-11 12:18:53.952124,4f:bb:00:00:02:0f,24.0625,59.5625,False,88.0,5378508.0
2026-07-11 12:39:53.992453,4f:bb:00:00:02:0f,24.1875,59.625,False,88.0,5379767.0
2026-07-11 13:00:53.998845,4f:bb:00:00:02:0f,24.375,59.625,False,88.0,5381027.0
2026-07-11 13:21:54.093019,4f:bb:00:00:02:0f,24.5,59.9375,False,88.0,5382286.0
2026-07-11 13:42:54.175441,4f:bb:00:00:02:0f,24.625,60.0,False,88.0,5383548.0
2026-07-11 14:03:54.286334,4f:bb:00:00:02:0f,24.75,60.0625,False,88.0,5384810.0
2026-07-11 14:24:54.378153,4f:bb:00:00:02:0f,24.875,60.125,False,88.0,5386069.0
2026-07-11 14:45:54.437363,4f:bb:00:00:02:0f,25.0625,60.1875,False,88.0,5387328.0
2026-07-11 15:06:54.538312,4f:bb:00:00:02:0f,25.1875,60.25,False,88.0,5388592.0
2026-07-11 15:27:54.645592,4f:bb:00:00:02:0f,25.3125,60.5625,False,88.0,5389848.0
2026-07-11 15:48:54.763269,4f:bb:00:00:02:0f,25.5625,60.625,False,88.02941176470588,5391109.0
2026-07-11 16:09:54.802978,4f:bb:00:00:02:0f,25.6875,60.6875,False,88.02941176470588,5392368.0
2026-07-11 16:30:54.810702,4f:bb:00:00:02:0f,25.875,60.75,False,88.0,5393631.0
2026-07-11 16:51:54.935197,4f:bb:00:00:02:0f,26.0625,60.75,False,88.02941176470588,5394889.0
2026-07-11 17:12:54.982762,4f:bb:00:00:02:0f,26.1875,61.0,False,88.02941176470588,5396153.0
2026-07-11 17:33:55.027874,4f:bb:00:00:02:0f,26.3125,61.0,False,88.02941176470588,5397409.5
2026-07-11 17:54:55.132055,4f:bb:00:00:02:0f,26.375,61.0,False,88.02941176470588,5398672.0
2026-07-11 18:15:55.280432,4f:bb:00:00:02:0f,26.4375,61.0625,False,88.02941176470588,5399929.5
2026-07-11 18:36:55.317876,4f:bb:00:00:02:0f,26.5,61.0,False,88.05882352941177,5401191.0
2026-07-11 18:57:55.446527,4f:bb:00:00:02:0f,26.4375,61.0,False,88.04411764705883,5402451.0
2026-07-11 19:18:55.495141,4f:bb:00:00:02:0f,26.375,60.9375,False,88.05882352941177,5403712.5
2026-07-11 19:39:55.579354,4f:bb:00:00:02:0f,26.3125,60.875,False,88.05882352941177,5404969.5
2026-07-11 20:00:55.685890,4f:bb:00:00:02:0f,26.1875,60.875,False,88.05882352941177,5406232.0
2026-07-11 20:21:55.746760,4f:bb:00:00:02:0f,26.0,60.5625,False,88.05882352941177,5407492.5
2026-07-11 20:42:55.865899,4f:bb:00:00:02:0f,25.75,60.4375,False,88.05882352941177,5408752.0
2026-07-11 21:03:55.948633,4f:bb:00:00:02:0f,25.5,60.375,False,88.02941176470588,5410011.0
2026-07-11 21:24:56.017545,4f:bb:00:00:02:0f,25.25,60.125,False,88.02941176470588,5411271.0
2026-07-11 21:45:56.115142,4f:bb:00:00:02:0f,25.0,60.0,False,88.02941176470588,5412532.0
2026-07-11 22:06:56.238108,4f:bb:00:00:02:0f,24.6875,59.9375,False,88.0,5413792.0
2026-07-11 22:27:56.302615,4f:bb:00:00:02:0f,24.46875,59.9375,False,88.05882352941177,5415054.0
2026-07-11 22:48:56.389735,4f:bb:00:00:02:0f,24.25,59.6875,False,88.02941176470588,5416312.0
2026-07-11 23:09:56.490927,4f:bb:00:00:02:0f,24.0625,59.6875,False,88.0,5417570.0
2026-07-11 23:30:56.607075,4f:bb:00:00:02:0f,23.9375,59.6875,False,88.0,5418833.0
2026-07-11 23:51:56.678636,4f:bb:00:00:02:0f,23.75,59.625,False,88.0,5420095.0
2026-07-12 00:12:56.783749,4f:bb:00:00:02:0f,23.5625,59.375,False,88.0,5421352.5
2026-07-12 00:33:56.885698,4f:bb:00:00:02:0f,23.5,59.375,False,88.0,5422613.0
2026-07-12 00:54:56.981810,4f:bb:00:00:02:0f,23.4375,59.375,False,88.0,5423874.0
2026-07-12 01:15:57.068233,4f:bb:00:00:02:0f,23.375,59.375,False,87.97058823529412,5425133.5
2026-07-12 01:36:57.167708,4f:bb:00:00:02:0f,23.375,59.4375,False,87.97058823529412,5426393.0
2026-07-12 01:57:57.236464,4f:bb:00:00:02:0f,23.3125,59.4375,False,87.97058823529412,5427652.5
2026-07-12 02:18:57.365880,4f:bb:00:00:02:0f,23.3125,59.375,False,87.95588235294117,5428914.0
2026-07-12 02:39:57.371936,4f:bb:00:00:02:0f,23.25,59.375,False,87.97058823529412,5430175.5
2026-07-12 03:00:57.432241,4f:bb:00:00:02:0f,23.125,59.375,False,87.94117647058823,5431432.5
2026-07-12 03:21:57.483978,4f:bb:00:00:02:0f,23.125,59.3125,False,87.97058823529412,5432694.0
2026-07-12 03:42:57.518575,4f:bb:00:00:02:0f,23.0,59.3125,False,87.97058823529412,5433953.0
2026-07-12 04:03:57.609113,4f:bb:00:00:02:0f,22.9375,59.3125,False,87.94117647058823,5435212.0
2026-07-12 04:24:57.713579,4f:bb:00:00:02:0f,22.8125,59.25,False,87.94117647058823,5436474.0
2026-07-12 04:45:57.809099,4f:bb:00:00:02:0f,22.75,59.25,False,87.94117647058823,5437736.0
2026-07-12 05:06:57.938857,4f:bb:00:00:02:0f,22.6875,59.0,False,87.94117647058823,5438995.0
2026-07-12 05:27:58.011401,4f:bb:00:00:02:0f,22.625,59.0,False,87.97058823529412,5440255.0
2026-07-12 05:48:58.059335,4f:bb:00:00:02:0f,22.5,59.0,False,87.94117647058823,5441515.0
2026-07-12 06:09:58.142268,4f:bb:00:00:02:0f,22.4375,58.9375,False,87.91176470588235,5442777.0
2026-07-12 06:30:58.219838,4f:bb:00:00:02:0f,22.375,58.9375,False,87.94117647058823,5444035.0
2026-07-12 06:51:58.257827,4f:bb:00:00:02:0f,22.3125,59.0,False,87.94117647058823,5445296.0
2026-07-12 07:12:58.251099,4f:bb:00:00:02:0f,22.3125,59.0,False,87.91176470588235,5446555.5
2026-07-12 07:33:58.380438,4f:bb:00:00:02:0f,22.25,59.0,False,87.8529411764706,5447816.0
2026-07-12 07:54:58.479613,4f:bb:00:00:02:0f,22.25,58.9375,False,87.88235294117646,5449078.5
2026-07-12 08:15:58.545617,4f:bb:00:00:02:0f,22.25,58.9375,False,87.88235294117646,5450333.0
2026-07-12 08:36:58.615702,4f:bb:00:00:02:0f,22.1875,58.9375,False,87.91176470588235,5451598.0
2026-07-12 08:57:58.711056,4f:bb:00:00:02:0f,22.125,58.875,False,87.88235294117646,5452858.5
2026-07-12 09:18:58.832625,4f:bb:00:00:02:0f,22.125,58.875,False,87.88235294117646,5454115.5
2026-07-12 09:39:58.937235,4f:bb:00:00:02:0f,22.25,58.9375,False,87.88235294117646,5455377.0
2026-07-12 10:00:58.999023,4f:bb:00:00:02:0f,22.5,59.0625,False,87.88235294117646,5456638.0
2026-07-12 10:21:59.060201,4f:bb:00:00:02:0f,22.75,59.0625,False,87.88235294117646,5457898.0
2026-07-12 10:42:59.159172,4f:bb:00:00:02:0f,23.0,59.4375,False,87.88235294117646,5459156.0
2026-07-12 11:03:59.218177,4f:bb:00:00:02:0f,23.375,59.5625,False,87.88235294117646,5460415.0
2026-07-12 11:24:59.277484,4f:bb:00:00:02:0f,23.8125,59.875,False,87.91176470588235,5461676.0
2026-07-12 11:45:59.300262,4f:bb:00:00:02:0f,24.3125,60.0,False,87.91176470588235,5462936.0
2026-07-12 12:06:59.362484,4f:bb:00:00:02:0f,24.6875,60.25,False,87.91176470588235,5464195.0
2026-07-12 12:27:59.450028,4f:bb:00:00:02:0f,25.0,60.25,False,87.94117647058823,5465455.5
2026-07-12 12:48:59.551908,4f:bb:00:00:02:0f,25.1875,59.9375,False,87.61764705882354,5466718.5
2026-07-12 13:09:59.660449,4f:bb:00:00:02:0f,25.625,61.9375,False,87.67647058823529,5467981.0
2026-07-12 13:30:59.745600,4f:bb:00:00:02:0f,25.875,62.4375,False,87.70588235294117,5469237.0
2026-07-12 13:51:59.755058,4f:bb:00:00:02:0f,26.0,62.8125,False,87.70588235294117,5470498.0
2026-07-12 14:12:59.853457,4f:bb:00:00:02:0f,26.0625,63.0625,False,87.70588235294117,5471759.0
2026-07-12 14:33:59.972827,4f:bb:00:00:02:0f,26.0625,63.25,False,87.70588235294117,5473020.0
2026-07-12 14:54:59.962865,4f:bb:00:00:02:0f,26.0,63.4375,False,87.70588235294117,5474278.0
2026-07-12 15:16:00.061162,4f:bb:00:00:02:0f,26.0,63.6875,False,87.70588235294117,5475539.0
2026-07-12 15:37:00.112940,4f:bb:00:00:02:0f,25.9375,63.875,False,87.70588235294117,5476799.0
2026-07-12 15:58:00.184266,4f:bb:00:00:02:0f,25.9375,64.0625,False,87.70588235294117,5478060.0
2026-07-12 16:19:00.330675,4f:bb:00:00:02:0f,26.0,64.25,False,87.73529411764706,5479320.0
2026-07-12 16:40:00.397234,4f:bb:00:00:02:0f,26.0,64.375,False,87.70588235294117,5480581.5
2026-07-12 17:01:00.427783,4f:bb:00:00:02:0f,26.0,64.4375,False,87.73529411764706,5481839.0
2026-07-12 17:22:00.484582,4f:bb:00:00:02:0f,26.0,64.5,False,87.73529411764706,5483099.0
2026-07-12 17:43:00.496062,4f:bb:00:00:02:0f,25.875,64.5,False,87.70588235294117,5484361.5
2026-07-12 18:04:00.527732,4f:bb:00:00:02:0f,25.75,64.5,False,87.70588235294117,5485618.0
2026-07-12 18:25:00.650100,4f:bb:00:00:02:0f,25.5625,64.4375,False,87.70588235294117,5486880.0
2026-07-12 18:46:00.703736,4f:bb:00:00:02:0f,25.375,64.4375,False,87.73529411764706,5488140.0
2026-07-12 19:07:00.744510,4f:bb:00:00:02:0f,25.1875,64.25,False,87.70588235294117,5489400.0
2026-07-12 19:28:00.854777,4f:bb:00:00:02:0f,25.0,64.1875,False,87.73529411764706,5490662.0
2026-07-12 19:49:00.948581,4f:bb:00:00:02:0f,24.8125,64.125,False,87.70588235294117,5491922.0
2026-07-12 20:10:00.958237,4f:bb:00:00:02:0f,24.5625,64.125,False,87.70588235294117,5493179.0
2026-07-12 20:31:01.025049,4f:bb:00:00:02:0f,24.3125,63.8125,False,87.70588235294117,5494440.0
2026-07-12 20:52:01.138476,4f:bb:00:00:02:0f,24.0625,63.875,False,87.70588235294117,5495701.5
2026-07-12 21:13:01.159058,4f:bb:00:00:02:0f,23.875,64.125,False,87.70588235294117,5496961.0
2026-07-12 21:34:01.297981,4f:bb:00:00:02:0f,23.875,64.3125,False,87.67647058823529,5498221.5
2026-07-12 21:55:01.382902,4f:bb:00:00:02:0f,23.8125,64.25,False,87.70588235294117,5499481.0
2026-07-12 22:16:01.509604,4f:bb:00:00:02:0f,23.8125,64.25,False,87.67647058823529,5500741.0
2026-07-12 22:37:01.592299,4f:bb:00:00:02:0f,23.8125,64.1875,False,87.70588235294117,5502003.0
2026-07-12 22:58:01.664944,4f:bb:00:00:02:0f,23.8125,64.1875,False,87.70588235294117,5503265.0
2026-07-12 23:19:01.761298,4f:bb:00:00:02:0f,23.8125,64.0625,False,87.70588235294117,5504522.0
2026-07-12 23:40:01.844805,4f:bb:00:00:02:0f,23.6875,64.0,False,87.69117647058823,5505781.5
2026-07-13 00:01:01.956649,4f:bb:00:00:02:0f,23.625,64.0625,False,87.70588235294117,5507045.0
2026-07-13 00:22:01.982182,4f:bb:00:00:02:0f,23.5625,63.8125,False,87.70588235294117,5508302.0
2026-07-13 00:43:02.010304,4f:bb:00:00:02:0f,23.5,63.75,False,87.67647058823529,5509561.5
2026-07-13 01:04:02.117215,4f:bb:00:00:02:0f,23.4375,63.75,False,87.69117647058823,5510825.0
2026-07-13 01:25:02.224190,4f:bb:00:00:02:0f,23.375,63.75,False,87.67647058823529,5512083.0
2026-07-13 01:46:02.332520,4f:bb:00:00:02:0f,23.25,63.75,False,87.70588235294117,5513342.0
2026-07-13 02:07:02.418402,4f:bb:00:00:02:0f,23.1875,63.75,False,87.67647058823529,5514603.0
2026-07-13 02:28:02.486002,4f:bb:00:00:02:0f,23.0625,63.6875,False,87.67647058823529,5515864.5
2026-07-13 02:49:02.602219,4f:bb:00:00:02:0f,22.875,63.5625,False,87.6470588235294,5517123.0
2026-07-13 03:10:02.598017,4f:bb:00:00:02:0f,22.625,63.3125,False,87.61764705882354,5518385.0
2026-07-13 03:31:02.701825,4f:bb:00:00:02:0f,22.4375,63.3125,False,87.58823529411765,5519641.0
2026-07-13 03:52:02.775904,4f:bb:00:00:02:0f,22.25,63.3125,False,87.61764705882354,5520902.0
2026-07-13 04:13:02.792595,4f:bb:00:00:02:0f,22.0625,63.3125,False,87.55882352941177,5522162.0
2026-07-13 04:34:02.876604,4f:bb:00:00:02:0f,21.875,63.0625,False,87.58823529411765,5523422.0
2026-07-13 04:55:02.884074,4f:bb:00:00:02:0f,21.75,63.0625,False,87.58823529411765,5524684.5
2026-07-13 05:16:02.942653,4f:bb:00:00:02:0f,21.625,63.125,False,87.58823529411765,5525943.0
2026-07-13 05:37:03.010370,4f:bb:00:00:02:0f,21.5625,63.125,False,87.55882352941177,5527205.0
2026-07-13 05:58:03.058233,4f:bb:00:00:02:0f,21.5,63.125,False,87.55882352941177,5528464.0
2026-07-13 06:19:03.100234,4f:bb:00:00:02:0f,21.4375,63.125,False,87.58823529411765,5529727.0
2026-07-13 06:40:03.109700,4f:bb:00:00:02:0f,21.4375,63.125,False,87.55882352941177,5530986.0
2026-07-13 07:01:03.247634,4f:bb:00:00:02:0f,21.375,63.125,False,87.52941176470588,5532243.0
2026-07-13 07:22:03.286709,4f:bb:00:00:02:0f,21.375,63.125,False,87.55882352941177,5533504.5
2026-07-13 07:43:03.405298,4f:bb:00:00:02:0f,21.375,63.125,False,87.55882352941177,5534766.0
2026-07-13 08:04:03.513655,4f:bb:00:00:02:0f,21.375,63.0625,False,87.52941176470588,5536027.0
2026-07-13 08:25:03.569357,4f:bb:00:00:02:0f,21.3125,63.0625,False,87.52941176470588,5537287.0
2026-07-13 08:46:03.678219,4f:bb:00:00:02:0f,21.3125,63.0,False,87.5,5538545.0
2026-07-13 09:07:03.777564,4f:bb:00:00:02:0f,21.3125,63.0,False,87.5,5539806.0
2026-07-13 09:28:03.813462,4f:bb:00:00:02:0f,21.25,63.0,False,87.5,5541065.0
2026-07-13 09:49:04.002950,4f:bb:00:00:02:0f,21.25,62.9375,False,87.5,5542327.0
2026-07-13 10:10:04.030146,4f:bb:00:00:02:0f,21.25,62.875,False,87.5,5543586.5
2026-07-13 10:31:04.096241,4f:bb:00:00:02:0f,21.25,62.75,False,87.5,5544846.0
2026-07-13 10:52:04.189161,4f:bb:00:00:02:0f,21.1875,62.625,False,87.5,5546108.0
2026-07-13 11:13:04.264933,4f:bb:00:00:02:0f,21.0625,62.5625,False,87.47058823529412,5547367.5
2026-07-13 11:34:04.270312,4f:bb:00:00:02:0f,20.9375,62.3125,False,87.47058823529412,5548626.0
2026-07-13 11:55:04.341351,4f:bb:00:00:02:0f,21.1875,63.8125,False,88.23529411764706,5549886.0
2026-07-13 12:16:04.486897,4f:bb:00:00:02:0f,21.3125,64.28125,False,88.23529411764706,5551145.5
2026-07-13 12:37:04.532829,4f:bb:00:00:02:0f,21.375,64.8125,False,88.23529411764706,5552408.0
2026-07-13 12:58:04.664132,4f:bb:00:00:02:0f,21.5625,65.3125,False,88.23529411764706,5553671.0
2026-07-13 13:19:04.714655,4f:bb:00:00:02:0f,21.75,65.8125,False,88.23529411764706,5554927.0
2026-07-13 13:40:04.805077,4f:bb:00:00:02:0f,22.0,66.5,False,88.23529411764706,5556186.0
2026-07-13 14:01:04.807861,4f:bb:00:00:02:0f,22.1875,66.9375,False,88.23529411764706,5557449.0
2026-07-13 14:22:04.888150,4f:bb:00:00:02:0f,22.4375,67.3125,False,88.25,5558707.5
2026-07-13 14:43:05.003594,4f:bb:00:00:02:0f,22.6875,67.5625,False,88.26470588235294,5559969.0
2026-07-13 15:04:05.073738,4f:bb:00:00:02:0f,22.875,68.125,False,88.26470588235294,5561229.0
2026-07-13 15:25:05.219857,4f:bb:00:00:02:0f,23.0625,68.3125,False,88.26470588235294,5562488.0
2026-07-13 15:46:05.280942,4f:bb:00:00:02:0f,23.25,68.5,False,88.26470588235294,5563751.0
2026-07-13 16:07:05.323004,4f:bb:00:00:02:0f,23.375,68.625,False,88.27941176470588,5565007.5
2026-07-13 16:28:05.427466,4f:bb:00:00:02:0f,23.4375,68.75,False,88.27941176470588,5566270.0
2026-07-13 16:49:05.540240,4f:bb:00:00:02:0f,23.5,68.8125,False,88.29411764705883,5567529.0
2026-07-13 17:10:05.605037,4f:bb:00:00:02:0f,23.5625,68.875,False,88.29411764705883,5568789.0
2026-07-13 17:31:05.662228,4f:bb:00:00:02:0f,23.5625,68.9375,False,88.29411764705883,5570050.5
2026-07-13 17:52:05.779424,4f:bb:00:00:02:0f,23.5625,68.9375,False,88.29411764705883,5571309.0
2026-07-13 18:13:05.881491,4f:bb:00:00:02:0f,23.5625,69.0,False,88.29411764705883,5572567.0
2026-07-13 18:34:05.902539,4f:bb:00:00:02:0f,23.5,69.0,False,88.29411764705883,5573829.5
2026-07-13 18:55:05.998835,4f:bb:00:00:02:0f,23.4375,68.9375,False,88.29411764705883,5575093.0
2026-07-13 19:16:06.102751,4f:bb:00:00:02:0f,23.375,68.9375,False,88.29411764705883,5576349.0
2026-07-13 19:37:06.129842,4f:bb:00:00:02:0f,23.25,68.875,False,88.26470588235294,5577610.0
2026-07-13 19:58:06.219679,4f:bb:00:00:02:0f,23.125,68.875,False,88.29411764705883,5578869.5
2026-07-13 20:19:06.325225,4f:bb:00:00:02:0f,23.0625,68.875,False,88.29411764705883,5580128.0
2026-07-13 20:40:06.341781,4f:bb:00:00:02:0f,23.0,68.9375,False,88.29411764705883,5581388.0
2026-07-13 21:01:06.434454,4f:bb:00:00:02:0f,23.0625,69.0625,False,88.29411764705883,5582650.0
2026-07-13 21:22:06.450822,4f:bb:00:00:02:0f,23.0625,69.125,False,88.29411764705883,5583913.0
2026-07-13 21:43:06.545424,4f:bb:00:00:02:0f,23.125,69.1875,False,88.29411764705883,5585171.0
2026-07-13 22:04:06.655524,4f:bb:00:00:02:0f,23.25,69.25,False,88.29411764705883,5586430.5
2026-07-13 22:25:06.751653,4f:bb:00:00:02:0f,23.3125,69.3125,False,88.26470588235294,5587694.0
2026-07-13 22:46:06.764448,4f:bb:00:00:02:0f,23.375,69.3125,False,88.29411764705883,5588953.5
2026-07-13 23:07:06.860991,4f:bb:00:00:02:0f,23.4375,69.3125,False,88.29411764705883,5590210.0
2026-07-13 23:28:06.950649,4f:bb:00:00:02:0f,23.4375,69.3125,False,88.29411764705883,5591473.5
2026-07-13 23:49:06.964286,4f:bb:00:00:02:0f,23.4375,69.25,False,88.29411764705883,5592730.5
2026-07-14 00:10:07.082254,4f:bb:00:00:02:0f,23.375,69.25,False,88.29411764705883,5593990.0
2026-07-14 00:31:07.176612,4f:bb:00:00:02:0f,23.375,69.1875,False,88.29411764705883,5595253.5
2026-07-14 00:52:07.187671,4f:bb:00:00:02:0f,23.3125,69.125,False,88.29411764705883,5596511.0
2026-07-14 01:13:07.310377,4f:bb:00:00:02:0f,23.1875,69.0625,False,88.29411764705883,5597770.5
2026-07-14 01:34:07.424069,4f:bb:00:00:02:0f,23.125,69.0625,False,88.29411764705883,5599034.0
2026-07-14 01:55:07.497141,4f:bb:00:00:02:0f,23.0,69.0,False,88.29411764705883,5600292.0
2026-07-14 02:16:07.566819,4f:bb:00:00:02:0f,22.875,68.9375,False,88.26470588235294,5601550.0
2026-07-14 02:37:07.594315,4f:bb:00:00:02:0f,22.8125,68.875,False,88.26470588235294,5602813.5
2026-07-14 02:58:07.698443,4f:bb:00:00:02:0f,22.625,68.5625,False,88.26470588235294,5604072.0
2026-07-14 03:19:07.776109,4f:bb:00:00:02:0f,22.5625,68.5,False,88.26470588235294,5605336.0
2026-07-14 03:40:07.884911,4f:bb:00:00:02:0f,22.4375,68.5,False,88.26470588235294,5606592.0
2026-07-14 04:01:07.909158,4f:bb:00:00:02:0f,22.3125,68.4375,False,88.26470588235294,5607853.0
2026-07-14 04:22:07.998967,4f:bb:00:00:02:0f,22.25,68.4375,False,88.26470588235294,5609114.0
2026-07-14 04:43:08.048504,4f:bb:00:00:02:0f,22.125,68.375,False,88.26470588235294,5610376.0
2026-07-14 05:04:08.135953,4f:bb:00:00:02:0f,22.0625,68.375,False,88.26470588235294,5611634.0
2026-07-14 05:25:08.167724,4f:bb:00:00:02:0f,21.9375,68.3125,False,88.26470588235294,5612895.0
2026-07-14 05:46:08.264507,4f:bb:00:00:02:0f,21.875,68.0625,False,88.26470588235294,5614154.0
2026-07-14 06:07:08.313260,4f:bb:00:00:02:0f,21.8125,68.0625,False,88.26470588235294,5615413.5
2026-07-14 06:28:08.441664,4f:bb:00:00:02:0f,21.75,68.0625,False,88.23529411764706,5616677.0
2026-07-14 06:49:08.525955,4f:bb:00:00:02:0f,21.6875,68.0625,False,88.23529411764706,5617934.0
2026-07-14 07:10:08.618651,4f:bb:00:00:02:0f,21.625,68.0,False,88.20588235294117,5619193.5
2026-07-14 07:31:08.745025,4f:bb:00:00:02:0f,21.5625,68.0,False,88.23529411764706,5620456.5
2026-07-14 07:52:08.805449,4f:bb:00:00:02:0f,21.5625,68.0,False,88.23529411764706,5621713.5
2026-07-14 08:13:08.895181,4f:bb:00:00:02:0f,21.5625,68.0,False,88.23529411764706,5622974.0
2026-07-14 08:34:08.961648,4f:bb:00:00:02:0f,21.5625,68.0625,False,88.20588235294117,5624236.5
2026-07-14 08:55:09.073268,4f:bb:00:00:02:0f,21.625,68.125,False,88.20588235294117,5625495.0
2026-07-14 09:16:09.081403,4f:bb:00:00:02:0f,21.75,68.1875,False,88.20588235294117,5626755.0
2026-07-14 09:37:09.237426,4f:bb:00:00:02:0f,21.875,68.3125,False,88.23529411764706,5628017.0
2026-07-14 09:58:09.264243,4f:bb:00:00:02:0f,22.125,68.6875,False,88.20588235294117,5629276.0
2026-07-14 10:19:09.244554,4f:bb:00:00:02:0f,22.375,68.75,False,88.20588235294117,5630533.0
2026-07-14 10:40:09.378319,4f:bb:00:00:02:0f,22.5625,68.75,False,88.20588235294117,5631798.0
2026-07-14 11:01:09.474027,4f:bb:00:00:02:0f,22.6875,68.75,False,88.23529411764706,5633056.0
2026-07-14 11:22:09.556306,4f:bb:00:00:02:0f,22.8125,69.0625,False,88.23529411764706,5634317.0
2026-07-14 11:43:09.563975,4f:bb:00:00:02:0f,22.9375,69.0625,False,88.23529411764706,5635577.0
2026-07-14 12:04:09.687234,4f:bb:00:00:02:0f,23.0625,69.0625,False,88.25,5636835.0
2026-07-14 12:25:09.757081,4f:bb:00:00:02:0f,23.25,69.125,False,88.26470588235294,5638095.0
2026-07-14 12:46:09.857599,4f:bb:00:00:02:0f,23.4375,69.1875,False,88.26470588235294,5639357.0
2026-07-14 13:07:09.935108,4f:bb:00:00:02:0f,23.6875,69.5625,False,88.23529411764706,5640618.0
2026-07-14 13:28:10.022669,4f:bb:00:00:02:0f,23.875,69.5625,False,88.26470588235294,5641877.0
2026-07-14 13:49:10.103558,4f:bb:00:00:02:0f,24.125,69.625,False,88.26470588235294,5643139.0
2026-07-14 14:10:10.148213,4f:bb:00:00:02:0f,24.375,69.6875,False,88.26470588235294,5644396.5
2026-07-14 14:31:10.217631,4f:bb:00:00:02:0f,24.5625,70.0,False,88.29411764705883,5645658.0
2026-07-14 14:52:10.222800,4f:bb:00:00:02:0f,24.8125,70.0625,False,88.29411764705883,5646918.5
2026-07-14 15:13:10.261045,4f:bb:00:00:02:0f,25.0625,70.0625,False,88.29411764705883,5648179.0
2026-07-14 15:34:10.335453,4f:bb:00:00:02:0f,25.3125,70.4375,False,88.26470588235294,5649435.0
2026-07-14 15:55:10.385695,4f:bb:00:00:02:0f,25.5625,70.4375,False,88.29411764705883,5650701.5
2026-07-14 16:16:10.466990,4f:bb:00:00:02:0f,25.8125,70.4375,False,88.32352941176471,5651958.0
2026-07-14 16:37:10.588128,4f:bb:00:00:02:0f,26.0625,70.4375,False,88.32352941176471,5653218.0
2026-07-14 16:58:10.664817,4f:bb:00:00:02:0f,26.25,70.6875,False,88.32352941176471,5654478.0
2026-07-14 17:19:10.765762,4f:bb:00:00:02:0f,26.4375,70.6875,False,88.33823529411765,5655738.5
2026-07-14 17:40:10.871232,4f:bb:00:00:02:0f,26.5625,70.5625,False,88.3529411764706,5656995.0
2026-07-14 18:01:10.904126,4f:bb:00:00:02:0f,26.625,70.5,False,88.38235294117646,5658256.0
2026-07-14 18:22:11.017634,4f:bb:00:00:02:0f,26.625,70.375,False,88.38235294117646,5659520.0
2026-07-14 18:43:11.132236,4f:bb:00:00:02:0f,26.625,70.3125,False,88.38235294117646,5660779.0
2026-07-14 19:04:11.146876,4f:bb:00:00:02:0f,26.5625,70.125,False,88.38235294117646,5662040.0
2026-07-14 19:25:11.248005,4f:bb:00:00:02:0f,26.4375,70.0,False,88.38235294117646,5663299.5
2026-07-14 19:46:11.376659,4f:bb:00:00:02:0f,26.3125,69.875,False,88.38235294117646,5664558.0
2026-07-14 20:07:11.451893,4f:bb:00:00:02:0f,26.1875,69.8125,False,88.41176470588235,5665819.5
2026-07-14 20:28:11.513375,4f:bb:00:00:02:0f,26.0625,69.4375,False,88.38235294117646,5667080.0
2026-07-14 20:49:11.623459,4f:bb:00:00:02:0f,25.9375,69.3125,False,88.38235294117646,5668341.0
2026-07-14 21:10:11.662265,4f:bb:00:00:02:0f,25.75,69.1875,False,88.36764705882354,5669599.5
2026-07-14 21:31:11.692304,4f:bb:00:00:02:0f,25.625,69.125,False,88.41176470588235,5670860.0
2026-07-14 21:52:11.754507,4f:bb:00:00:02:0f,25.5,69.0,False,88.41176470588235,5672122.0
2026-07-14 22:13:11.778272,4f:bb:00:00:02:0f,25.3125,69.0,False,88.38235294117646,5673379.5
2026-07-14 22:34:11.868591,4f:bb:00:00:02:0f,25.25,68.6875,False,88.38235294117646,5674640.0
2026-07-14 22:55:11.900980,4f:bb:00:00:02:0f,25.1875,68.6875,False,88.41176470588235,5675899.0
2026-07-14 23:16:11.976572,4f:bb:00:00:02:0f,25.1875,68.6875,False,88.38235294117646,5677163.0
2026-07-14 23:37:12.037586,4f:bb:00:00:02:0f,25.125,68.6875,False,88.41176470588235,5678419.0
2026-07-14 23:58:12.130388,4f:bb:00:00:02:0f,25.125,68.6875,False,88.41176470588235,5679682.0
2026-07-15 00:19:12.245894,4f:bb:00:00:02:0f,25.125,68.6875,False,88.38235294117646,5680942.0
2026-07-15 00:40:12.337591,4f:bb:00:00:02:0f,25.125,68.6875,False,88.41176470588235,5682199.0
2026-07-15 01:01:12.386928,4f:bb:00:00:02:0f,25.125,68.625,False,88.3529411764706,5683461.0
2026-07-15 01:22:12.435726,4f:bb:00:00:02:0f,25.125,68.5625,False,88.41176470588235,5684721.0
2026-07-15 01:43:12.498703,4f:bb:00:00:02:0f,25.0,68.375,False,88.3970588235294,5685981.0
2026-07-15 02:04:12.597302,4f:bb:00:00:02:0f,24.8125,68.3125,False,88.38235294117646,5687241.0
2026-07-15 02:25:12.723001,4f:bb:00:00:02:0f,24.6875,68.25,False,88.38235294117646,5688502.0
2026-07-15 02:46:12.724028,4f:bb:00:00:02:0f,24.5,68.15625,False,88.38235294117646,5689762.5
2026-07-15 03:07:12.781650,4f:bb:00:00:02:0f,24.375,67.8125,False,88.41176470588235,5691021.0
2026-07-15 03:28:12.860421,4f:bb:00:00:02:0f,24.1875,67.75,False,88.38235294117646,5692280.0
2026-07-15 03:49:12.875323,4f:bb:00:00:02:0f,24.0,67.5625,False,88.41176470588235,5693541.0
2026-07-15 04:10:12.987530,4f:bb:00:00:02:0f,23.75,67.4375,False,88.38235294117646,5694802.0
2026-07-15 04:31:13.083788,4f:bb:00:00:02:0f,23.5,67.125,False,88.38235294117646,5696062.5
2026-07-15 04:52:13.115776,4f:bb:00:00:02:0f,23.25,67.0625,False,88.3529411764706,5697322.0
2026-07-15 05:13:13.219541,4f:bb:00:00:02:0f,23.0,66.9375,False,88.3529411764706,5698583.0
2026-07-15 05:34:13.287304,4f:bb:00:00:02:0f,22.8125,66.875,False,88.3529411764706,5699845.5
2026-07-15 05:55:13.332704,4f:bb:00:00:02:0f,22.625,66.5625,False,88.3529411764706,5701103.0
2026-07-15 06:16:13.434821,4f:bb:00:00:02:0f,22.4375,66.5625,False,88.32352941176471,5702365.0
2026-07-15 06:37:13.504825,4f:bb:00:00:02:0f,22.25,66.5,False,88.32352941176471,5703624.0
2026-07-15 06:58:13.538126,4f:bb:00:00:02:0f,22.125,66.5,False,88.30882352941177,5704885.5
2026-07-15 07:19:13.664911,4f:bb:00:00:02:0f,22.0,66.5,False,88.32352941176471,5706142.5
2026-07-15 07:40:13.665943,4f:bb:00:00:02:0f,21.875,66.1875,False,88.29411764705883,5707402.0
2026-07-15 08:01:13.749591,4f:bb:00:00:02:0f,21.8125,66.1875,False,88.29411764705883,5708665.5
2026-07-15 08:22:13.829664,4f:bb:00:00:02:0f,21.6875,66.1875,False,88.32352941176471,5709925.0
2026-07-15 08:43:13.845486,4f:bb:00:00:02:0f,21.625,66.1875,False,88.29411764705883,5711183.0
2026-07-15 09:04:13.954230,4f:bb:00:00:02:0f,21.5625,66.1875,False,88.29411764705883,5712444.0
2026-07-15 09:25:13.972214,4f:bb:00:00:02:0f,21.5,66.1875,False,88.29411764705883,5713705.0
2026-07-15 09:46:14.103185,4f:bb:00:00:02:0f,21.5,66.25,False,88.26470588235294,5714964.0
2026-07-15 10:07:14.162452,4f:bb:00:00:02:0f,21.5625,66.3125,False,88.26470588235294,5716226.0
2026-07-15 10:28:14.271685,4f:bb:00:00:02:0f,21.5625,66.375,False,88.29411764705883,5717485.0
2026-07-15 10:49:14.312945,4f:bb:00:00:02:0f,21.6875,66.4375,False,88.29411764705883,5718742.5
2026-07-15 11:10:14.406748,4f:bb:00:00:02:0f,21.875,66.5,False,88.26470588235294,5720006.0
2026-07-15 11:31:14.449549,4f:bb:00:00:02:0f,22.0625,66.875,False,88.26470588235294,5721263.5
2026-07-15 11:52:14.536355,4f:bb:00:00:02:0f,22.3125,67.0,False,88.26470588235294,5722526.0
2026-07-15 12:13:14.592706,4f:bb:00:00:02:0f,22.625,67.125,False,88.29411764705883,5723783.0
2026-07-15 12:34:14.699898,4f:bb:00:00:02:0f,22.9375,67.5,False,88.29411764705883,5725046.0
2026-07-15 12:55:14.814162,4f:bb:00:00:02:0f,23.1875,67.5625,False,88.32352941176471,5726306.0
2026-07-15 13:16:14.864533,4f:bb:00:00:02:0f,23.5,67.625,False,88.29411764705883,5727565.5
2026-07-15 13:37:14.940644,4f:bb:00:00:02:0f,23.75,67.9375,False,88.32352941176471,5728827.0
2026-07-15 13:58:15.071210,4f:bb:00:00:02:0f,24.0,68.0,False,88.29411764705883,5730086.0
2026-07-15 14:19:15.055647,4f:bb:00:00:02:0f,24.1875,68.0,False,88.32352941176471,5731347.0
2026-07-15 14:40:15.087967,4f:bb:00:00:02:0f,24.375,68.0,False,88.3529411764706,5732607.0
2026-07-15 15:01:15.182314,4f:bb:00:00:02:0f,24.5625,68.3125,False,88.3529411764706,5733865.5
2026-07-15 15:22:15.295279,4f:bb:00:00:02:0f,24.6875,68.3125,False,88.32352941176471,5735128.0
2026-07-15 15:43:15.360449,4f:bb:00:00:02:0f,24.8125,68.3125,False,88.3529411764706,5736388.0
2026-07-15 16:04:15.483354,4f:bb:00:00:02:0f,25.0,68.3125,False,88.3529411764706,5737646.5
2026-07-15 16:25:15.533272,4f:bb:00:00:02:0f,25.125,68.3125,False,88.3529411764706,5738908.0
2026-07-15 16:46:15.574368,4f:bb:00:00:02:0f,25.25,68.3125,False,88.3529411764706,5740165.0
2026-07-15 17:07:15.637760,4f:bb:00:00:02:0f,25.375,68.5625,False,88.38235294117646,5741428.0
2026-07-15 17:28:15.759186,4f:bb:00:00:02:0f,25.5,68.5625,False,88.38235294117646,5742685.5
2026-07-15 17:49:15.870390,4f:bb:00:00:02:0f,25.5625,68.5,False,88.38235294117646,5743947.0
2026-07-15 18:10:15.982627,4f:bb:00:00:02:0f,25.5625,68.4375,False,88.3529411764706,5745208.0
2026-07-15 18:31:15.981552,4f:bb:00:00:02:0f,25.5625,68.375,False,88.41176470588235,5746468.5
2026-07-15 18:52:16.036287,4f:bb:00:00:02:0f,25.5,68.25,False,88.38235294117646,5747729.0
2026-07-15 19:13:16.133482,4f:bb:00:00:02:0f,25.375,68.125,False,88.38235294117646,5748988.5
2026-07-15 19:34:16.224724,4f:bb:00:00:02:0f,25.3125,68.0625,False,88.41176470588235,5750250.0
2026-07-15 19:55:16.322806,4f:bb:00:00:02:0f,25.1875,67.6875,False,88.41176470588235,5751506.0
2026-07-15 20:16:16.437887,4f:bb:00:00:02:0f,25.0625,67.625,False,88.41176470588235,5752769.0
2026-07-15 20:37:16.541972,4f:bb:00:00:02:0f,24.9375,67.5,False,88.41176470588235,5754028.0
2026-07-15 20:58:16.595078,4f:bb:00:00:02:0f,24.75,67.4375,False,88.38235294117646,5755290.5
2026-07-15 21:19:16.719817,4f:bb:00:00:02:0f,24.625,67.375,False,88.38235294117646,5756550.0
2026-07-15 21:40:16.744971,4f:bb:00:00:02:0f,24.5,67.3125,False,88.38235294117646,5757811.0
2026-07-15 22:01:16.779948,4f:bb:00:00:02:0f,24.4375,67.0625,False,88.38235294117646,5759068.5
2026-07-15 22:22:16.889411,4f:bb:00:00:02:0f,24.3125,67.0,False,88.38235294117646,5760332.0
2026-07-15 22:43:16.984733,4f:bb:00:00:02:0f,24.25,67.0,False,88.38235294117646,5761590.0
2026-07-15 23:04:17.046508,4f:bb:00:00:02:0f,24.1875,67.0,False,88.38235294117646,5762851.5
2026-07-15 23:25:17.161855,4f:bb:00:00:02:0f,24.1875,67.0,False,88.38235294117646,5764110.0
2026-07-15 23:46:17.256511,4f:bb:00:00:02:0f,24.1875,67.0,False,88.38235294117646,5765371.0
2026-07-16 00:07:17.354641,4f:bb:00:00:02:0f,24.125,66.9375,False,88.38235294117646,5766631.0
2026-07-16 00:28:17.494435,4f:bb:00:00:02:0f,24.0625,66.875,False,88.38235294117646,5767888.5
2026-07-16 00:49:17.581623,4f:bb:00:00:02:0f,24.0,66.8125,False,88.38235294117646,5769151.0
2026-07-16 01:10:17.677883,4f:bb:00:00:02:0f,23.9375,66.8125,False,88.36764705882354,5770410.0
2026-07-16 01:31:17.776469,4f:bb:00:00:02:0f,23.875,66.8125,False,88.38235294117646,5771669.0
2026-07-16 01:52:17.781465,4f:bb:00:00:02:0f,23.8125,66.75,False,88.38235294117646,5772931.0
2026-07-16 02:13:17.835367,4f:bb:00:00:02:0f,23.75,66.75,False,88.38235294117646,5774193.0
2026-07-16 02:34:17.887460,4f:bb:00:00:02:0f,23.6875,66.75,False,88.3529411764706,5775451.0
2026-07-16 02:55:17.926683,4f:bb:00:00:02:0f,23.625,66.6875,False,88.3529411764706,5776711.0
2026-07-16 03:16:17.920841,4f:bb:00:00:02:0f,23.5625,66.375,False,88.38235294117646,5777972.0
2026-07-16 03:37:17.985267,4f:bb:00:00:02:0f,23.5,66.375,False,88.3529411764706,5779232.0
2026-07-16 03:58:18.016931,4f:bb:00:00:02:0f,23.375,66.3125,False,88.3529411764706,5780491.5
2026-07-16 04:19:18.062092,4f:bb:00:00:02:0f,23.3125,66.3125,False,88.3529411764706,5781754.0
2026-07-16 04:40:18.182835,4f:bb:00:00:02:0f,23.25,66.25,False,88.3529411764706,5783013.0
2026-07-16 05:01:18.289093,4f:bb:00:00:02:0f,23.125,66.1875,False,88.38235294117646,5784271.0
2026-07-16 05:22:18.329076,4f:bb:00:00:02:0f,23.0625,66.1875,False,88.3529411764706,5785531.0
2026-07-16 05:43:18.418605,4f:bb:00:00:02:0f,22.9375,66.125,False,88.3529411764706,5786794.5
2026-07-16 06:04:18.473540,4f:bb:00:00:02:0f,22.875,66.125,False,88.32352941176471,5788051.5
2026-07-16 06:25:18.595319,4f:bb:00:00:02:0f,22.8125,66.0625,False,88.32352941176471,5789314.0
2026-07-16 06:46:18.669213,4f:bb:00:00:02:0f,22.6875,65.8125,False,88.3529411764706,5790574.0
2026-07-16 07:07:18.750460,4f:bb:00:00:02:0f,22.625,65.75,False,88.32352941176471,5791832.0
2026-07-16 07:28:18.782274,4f:bb:00:00:02:0f,22.625,65.75,False,88.32352941176471,5793093.0
2026-07-16 07:49:18.804355,4f:bb:00:00:02:0f,22.5625,65.75,False,88.32352941176471,5794353.0
2026-07-16 08:10:18.864401,4f:bb:00:00:02:0f,22.5625,65.75,False,88.32352941176471,5795612.0
2026-07-16 08:31:18.953153,4f:bb:00:00:02:0f,22.5,65.75,False,88.32352941176471,5796875.0
2026-07-16 08:52:19.064166,4f:bb:00:00:02:0f,22.5625,65.8125,False,88.32352941176471,5798132.0
2026-07-16 09:13:19.147857,4f:bb:00:00:02:0f,22.625,65.875,False,88.32352941176471,5799394.0
2026-07-16 09:34:19.228391,4f:bb:00:00:02:0f,22.6875,65.875,False,88.29411764705883,5800654.0
2026-07-16 09:55:19.218549,4f:bb:00:00:02:0f,22.8125,66.1875,False,88.29411764705883,5801914.0
2026-07-16 10:16:19.328467,4f:bb:00:00:02:0f,22.9375,66.1875,False,88.32352941176471,5803175.5
2026-07-16 10:37:19.421686,4f:bb:00:00:02:0f,23.125,66.25,False,88.32352941176471,5804432.0
2026-07-16 10:58:19.433157,4f:bb:00:00:02:0f,23.25,66.3125,False,88.32352941176471,5805694.0
2026-07-16 11:19:19.523194,4f:bb:00:00:02:0f,23.4375,66.375,False,88.32352941176471,5806956.5
2026-07-16 11:40:19.632154,4f:bb:00:00:02:0f,23.6875,66.75,False,88.3529411764706,5808213.0
2026-07-16 12:01:19.725516,4f:bb:00:00:02:0f,24.0,66.8125,False,88.3529411764706,5809474.0
2026-07-16 12:22:19.814058,4f:bb:00:00:02:0f,24.25,66.875,False,88.32352941176471,5810736.5
2026-07-16 12:43:19.909020,4f:bb:00:00:02:0f,24.5,67.1875,False,88.38235294117646,5811995.0
2026-07-16 13:04:19.994282,4f:bb:00:00:02:0f,24.75,67.1875,False,88.3529411764706,5813255.0
2026-07-16 13:25:20.092810,4f:bb:00:00:02:0f,24.9375,67.25,False,88.3529411764706,5814517.5
2026-07-16 13:46:20.155869,4f:bb:00:00:02:0f,25.1875,67.25,False,88.38235294117646,5815775.0
2026-07-16 14:07:20.260984,4f:bb:00:00:02:0f,25.375,67.5625,False,88.3529411764706,5817036.0
2026-07-16 14:28:20.306269,4f:bb:00:00:02:0f,25.5625,67.5625,False,88.38235294117646,5818296.0
2026-07-16 14:49:20.328618,4f:bb:00:00:02:0f,25.6875,67.5625,False,88.41176470588235,5819555.0
2026-07-16 15:10:20.381185,4f:bb:00:00:02:0f,25.875,67.5625,False,88.41176470588235,5820817.5
2026-07-16 15:31:20.474844,4f:bb:00:00:02:0f,26.0,67.625,False,88.41176470588235,5822074.0
2026-07-16 15:52:20.531215,4f:bb:00:00:02:0f,26.125,67.5625,False,88.44117647058823,5823334.5
2026-07-16 16:13:20.668040,4f:bb:00:00:02:0f,26.25,67.8125,False,88.44117647058823,5824596.0
2026-07-16 16:34:20.841812,4f:bb:00:00:02:0f,26.3125,67.8125,False,88.42647058823529,5825854.5
2026-07-16 16:55:20.837395,4f:bb:00:00:02:0f,26.4375,67.75,False,88.42647058823529,5827116.0
2026-07-16 17:16:20.886616,4f:bb:00:00:02:0f,26.5,67.75,False,88.41176470588235,5828378.0
2026-07-16 17:37:20.963729,4f:bb:00:00:02:0f,26.5625,67.6875,False,88.45588235294117,5829636.0
2026-07-16 17:58:21.073255,4f:bb:00:00:02:0f,26.625,67.625,False,88.44117647058823,5830899.0
2026-07-16 18:19:21.162412,4f:bb:00:00:02:0f,26.5625,67.5,False,88.44117647058823,5832157.5
2026-07-16 18:40:21.323667,4f:bb:00:00:02:0f,26.4375,67.375,False,88.47058823529412,5833417.0
2026-07-16 19:01:21.458347,4f:bb:00:00:02:0f,26.375,67.3125,False,88.47058823529412,5834679.0
2026-07-16 19:22:21.444956,4f:bb:00:00:02:0f,26.3125,67.3125,False,88.47058823529412,5835935.0
2026-07-16 19:43:21.555321,4f:bb:00:00:02:0f,26.3125,67.3125,False,88.44117647058823,5837197.0
2026-07-16 20:04:21.611651,4f:bb:00:00:02:0f,26.375,67.25,False,88.45588235294117,5838458.0
2026-07-16 20:25:21.687138,4f:bb:00:00:02:0f,26.375,67.25,False,88.45588235294117,5839720.5
2026-07-16 20:46:21.762393,4f:bb:00:00:02:0f,26.375,67.25,False,88.47058823529412,5840979.0
2026-07-16 21:07:21.762455,4f:bb:00:00:02:0f,26.4375,67.1875,False,88.5,5842238.0
2026-07-16 21:28:21.792868,4f:bb:00:00:02:0f,26.4375,67.1875,False,88.47058823529412,5843501.0
2026-07-16 21:49:21.789986,4f:bb:00:00:02:0f,26.4375,67.125,False,88.5,5844758.0
2026-07-16 22:10:21.817627,4f:bb:00:00:02:0f,26.4375,67.0625,False,88.5,5846020.0
2026-07-16 22:31:21.866511,4f:bb:00:00:02:0f,26.375,67.0,False,88.5,5847278.5
2026-07-16 22:52:21.978771,4f:bb:00:00:02:0f,26.375,67.0,False,88.5,5848539.0
2026-07-16 23:13:22.156046,4f:bb:00:00:02:0f,26.3125,66.9375,False,88.5,5849799.0
2026-07-16 23:34:22.129379,4f:bb:00:00:02:0f,26.25,66.75,False,88.5,5851060.0
2026-07-16 23:55:22.243634,4f:bb:00:00:02:0f,26.0,66.3125,False,88.5,5852320.0
2026-07-17 00:16:22.309185,4f:bb:00:00:02:0f,25.75,66.1875,False,88.5,5853580.0
2026-07-17 00:37:22.349963,4f:bb:00:00:02:0f,25.53125,66.125,False,88.47058823529412,5854839.0
2026-07-17 00:58:22.459165,4f:bb:00:00:02:0f,25.3125,66.0625,False,88.47058823529412,5856101.0
2026-07-17 01:19:22.534084,4f:bb:00:00:02:0f,25.1875,65.6875,False,88.47058823529412,5857358.0
2026-07-17 01:40:22.548249,4f:bb:00:00:02:0f,25.0,65.625,False,88.5,5858620.0
2026-07-17 02:01:22.632582,4f:bb:00:00:02:0f,24.8125,65.5625,False,88.48529411764706,5859879.0
2026-07-17 02:22:22.716113,4f:bb:00:00:02:0f,24.5625,65.5,False,88.47058823529412,5861140.5
2026-07-17 02:43:22.767751,4f:bb:00:00:02:0f,24.375,65.125,False,88.47058823529412,5862400.0
2026-07-17 03:04:22.867928,4f:bb:00:00:02:0f,24.1875,65.125,False,88.47058823529412,5863660.5
2026-07-17 03:25:22.963321,4f:bb:00:00:02:0f,24.0,65.0,False,88.47058823529412,5864915.0
2026-07-17 03:46:22.995063,4f:bb:00:00:02:0f,23.75,64.9375,False,88.47058823529412,5866184.0
2026-07-17 04:07:23.099659,4f:bb:00:00:02:0f,23.5625,64.625,False,88.47058823529412,5867439.0
2026-07-17 04:28:23.209925,4f:bb:00:00:02:0f,23.375,64.5625,False,88.44117647058823,5868703.0
2026-07-17 04:49:23.240072,4f:bb:00:00:02:0f,23.125,64.4375,False,88.44117647058823,5869961.0
2026-07-17 05:10:23.248304,4f:bb:00:00:02:0f,22.875,64.375,False,88.44117647058823,5871223.0
2026-07-17 05:31:23.329769,4f:bb:00:00:02:0f,22.6875,64.0625,False,88.41176470588235,5872483.5
2026-07-17 05:52:23.404010,4f:bb:00:00:02:0f,22.5,64.0,False,88.41176470588235,5873743.5
2026-07-17 06:13:23.453330,4f:bb:00:00:02:0f,22.25,63.9375,False,88.3970588235294,5875002.0
2026-07-17 06:34:23.519066,4f:bb:00:00:02:0f,22.0625,63.875,False,88.38235294117646,5876262.0
2026-07-17 06:55:23.624118,4f:bb:00:00:02:0f,21.875,63.5625,False,88.38235294117646,5877524.0
2026-07-17 07:16:23.719549,4f:bb:00:00:02:0f,21.75,63.5625,False,88.3529411764706,5878780.5
2026-07-17 07:37:23.761542,4f:bb:00:00:02:0f,21.5625,63.5,False,88.38235294117646,5880041.0
2026-07-17 07:58:23.820976,4f:bb:00:00:02:0f,21.4375,63.5,False,88.3529411764706,5881300.0
2026-07-17 08:19:23.865542,4f:bb:00:00:02:0f,21.3125,63.4375,False,88.3529411764706,5882563.5
2026-07-17 08:40:23.907426,4f:bb:00:00:02:0f,21.125,63.375,False,88.3529411764706,5883821.0
2026-07-17 09:01:23.910044,4f:bb:00:00:02:0f,21.0625,63.125,False,88.32352941176471,5885083.5
2026-07-17 09:22:23.990885,4f:bb:00:00:02:0f,20.9375,63.1875,False,88.32352941176471,5886344.0
2026-07-17 09:43:24.012578,4f:bb:00:00:02:0f,20.9375,63.1875,False,88.29411764705883,5887601.0
2026-07-17 10:04:24.076196,4f:bb:00:00:02:0f,21.0,63.25,False,88.29411764705883,5888864.0
2026-07-17 10:25:24.133416,4f:bb:00:00:02:0f,21.0625,63.5,False,88.29411764705883,5890120.5
2026-07-17 10:46:24.233397,4f:bb:00:00:02:0f,21.125,63.5625,False,88.29411764705883,5891385.0
2026-07-17 11:07:24.342263,4f:bb:00:00:02:0f,21.25,63.625,False,88.32352941176471,5892643.0
2026-07-17 11:28:24.425908,4f:bb:00:00:02:0f,21.4375,63.6875,False,88.29411764705883,5893903.5
2026-07-17 11:49:24.516734,4f:bb:00:00:02:0f,21.5625,63.8125,False,88.29411764705883,5895165.5
2026-07-17 12:10:24.669844,4f:bb:00:00:02:0f,21.8125,63.875,False,88.29411764705883,5896422.0
2026-07-17 12:31:24.745648,4f:bb:00:00:02:0f,22.0625,64.3125,False,88.32352941176471,5897684.0
2026-07-17 12:52:24.715595,4f:bb:00:00:02:0f,22.375,64.4375,False,88.32352941176471,5898946.5
2026-07-17 13:13:24.781482,4f:bb:00:00:02:0f,22.6875,64.5,False,88.32352941176471,5900203.0
2026-07-17 13:34:24.806611,4f:bb:00:00:02:0f,23.0,64.875,False,88.32352941176471,5901466.0
2026-07-17 13:55:24.915082,4f:bb:00:00:02:0f,23.3125,64.9375,False,88.33823529411765,5902725.0
2026-07-17 14:16:25.033112,4f:bb:00:00:02:0f,23.5625,65.0,False,88.3529411764706,5903983.5
2026-07-17 14:37:25.049368,4f:bb:00:00:02:0f,23.8125,65.3125,False,88.36764705882354,5905245.0
2026-07-17 14:58:25.127848,4f:bb:00:00:02:0f,24.125,65.375,False,88.3529411764706,5906505.0
2026-07-17 15:19:25.205745,4f:bb:00:00:02:0f,24.375,65.4375,False,88.38235294117646,5907766.0
2026-07-17 15:40:25.311195,4f:bb:00:00:02:0f,24.625,65.6875,False,88.3529411764706,5909026.0
2026-07-17 16:01:25.438784,4f:bb:00:00:02:0f,24.8125,65.75,False,88.3529411764706,5910283.5
2026-07-17 16:22:25.495636,4f:bb:00:00:02:0f,25.0,65.75,False,88.38235294117646,5911544.0
2026-07-17 16:43:25.559624,4f:bb:00:00:02:0f,25.1875,65.75,False,88.41176470588235,5912806.0
2026-07-17 17:04:25.644610,4f:bb:00:00:02:0f,25.375,66.0625,False,88.41176470588235,5914067.0
2026-07-17 17:25:25.720256,4f:bb:00:00:02:0f,25.5,66.0,False,88.41176470588235,5915326.0
2026-07-17 17:46:25.845940,4f:bb:00:00:02:0f,25.625,66.0,False,88.41176470588235,5916585.0
2026-07-17 18:07:25.918186,4f:bb:00:00:02:0f,25.8125,66.0,False,88.41176470588235,5917847.0
2026-07-17 18:28:26.024411,4f:bb:00:00:02:0f,25.875,66.0,False,88.42647058823529,5919106.5
2026-07-17 18:49:26.116506,4f:bb:00:00:02:0f,26.0,66.0,False,88.44117647058823,5920365.0
2026-07-17 19:10:26.229024,4f:bb:00:00:02:0f,26.125,66.0,False,88.44117647058823,5921629.0
2026-07-17 19:31:26.308895,4f:bb:00:00:02:0f,26.1875,66.25,False,88.44117647058823,5922886.0
2026-07-17 19:52:26.333082,4f:bb:00:00:02:0f,26.25,66.1875,False,88.44117647058823,5924143.5
2026-07-17 20:13:26.451230,4f:bb:00:00:02:0f,26.25,66.125,False,88.47058823529412,5925407.0
2026-07-17 20:34:26.448576,4f:bb:00:00:02:0f,26.25,66.0625,False,88.47058823529412,5926669.0
2026-07-17 20:55:26.562352,4f:bb:00:00:02:0f,26.1875,66.0,False,88.47058823529412,5927925.0
2026-07-17 21:16:26.617917,4f:bb:00:00:02:0f,26.125,65.6875,False,88.44117647058823,5929186.0
2026-07-17 21:37:26.700971,4f:bb:00:00:02:0f,26.0625,65.625,False,88.5,5930450.0
2026-07-17 21:58:26.821841,4f:bb:00:00:02:0f,26.0,65.5625,False,88.5,5931706.5
2026-07-17 22:19:26.866295,4f:bb:00:00:02:0f,25.9375,65.5,False,88.5,5932968.0
2026-07-17 22:40:26.937676,4f:bb:00:00:02:0f,25.875,65.5,False,88.47058823529412,5934228.0
2026-07-17 23:01:27.003567,4f:bb:00:00:02:0f,25.8125,65.4375,False,88.47058823529412,5935489.0
2026-07-17 23:22:27.069617,4f:bb:00:00:02:0f,25.75,65.375,False,88.47058823529412,5936749.0
2026-07-17 23:43:27.166171,4f:bb:00:00:02:0f,25.6875,65.375,False,88.47058823529412,5938007.0
2026-07-18 00:04:27.257918,4f:bb:00:00:02:0f,25.625,65.3125,False,88.47058823529412,5939270.0
2026-07-18 00:25:27.332433,4f:bb:00:00:02:0f,25.5,65.1875,False,88.5,5940529.0
2026-07-18 00:46:27.436657,4f:bb:00:00:02:0f,25.4375,65.125,False,88.5,5941784.0
2026-07-18 01:07:27.531869,4f:bb:00:00:02:0f,25.3125,64.8125,False,88.47058823529412,5943046.5
2026-07-18 01:28:27.634399,4f:bb:00:00:02:0f,25.125,64.75,False,88.47058823529412,5944309.5
2026-07-18 01:49:27.719335,4f:bb:00:00:02:0f,24.9375,64.625,False,88.47058823529412,5945569.0
2026-07-18 02:10:27.732632,4f:bb:00:00:02:0f,24.75,64.5625,False,88.47058823529412,5946827.0
2026-07-18 02:31:27.850366,4f:bb:00:00:02:0f,24.5,64.4375,False,88.47058823529412,5948090.0
2026-07-18 02:52:27.949522,4f:bb:00:00:02:0f,24.3125,64.125,False,88.47058823529412,5949349.0
2026-07-18 03:13:28.024153,4f:bb:00:00:02:0f,24.0625,64.0,False,88.47058823529412,5950612.0
2026-07-18 03:34:28.142355,4f:bb:00:00:02:0f,23.8125,63.9375,False,88.44117647058823,5951870.0
2026-07-18 03:55:28.224508,4f:bb:00:00:02:0f,23.625,63.8125,False,88.41176470588235,5953129.5
2026-07-18 04:16:28.331094,4f:bb:00:00:02:0f,23.375,63.5625,False,88.41176470588235,5954391.0
2026-07-18 04:37:28.333782,4f:bb:00:00:02:0f,23.125,63.4375,False,88.38235294117646,5955652.0
2026-07-18 04:58:28.438446,4f:bb:00:00:02:0f,22.875,63.375,False,88.41176470588235,5956908.5
2026-07-18 05:19:28.454815,4f:bb:00:00:02:0f,22.6875,63.0625,False,88.41176470588235,5958169.0
2026-07-18 05:40:28.572449,4f:bb:00:00:02:0f,22.4375,62.9375,False,88.38235294117646,5959431.5
2026-07-18 06:01:28.558865,4f:bb:00:00:02:0f,22.1875,62.875,False,88.3529411764706,5960691.0
2026-07-18 06:22:28.580306,4f:bb:00:00:02:0f,21.9375,62.8125,False,88.3529411764706,5961951.0
2026-07-18 06:43:28.589809,4f:bb:00:00:02:0f,21.6875,62.5,False,88.3529411764706,5963210.0
2026-07-18 07:04:28.625047,4f:bb:00:00:02:0f,21.5,62.4375,False,88.3529411764706,5964472.0
2026-07-18 07:25:28.720258,4f:bb:00:00:02:0f,21.25,62.375,False,88.30882352941177,5965730.5
2026-07-18 07:46:28.792498,4f:bb:00:00:02:0f,21.0625,62.25,False,88.32352941176471,5966991.0
2026-07-18 08:07:28.883031,4f:bb:00:00:02:0f,20.8125,62.0,False,88.32352941176471,5968252.0
2026-07-18 08:28:28.993688,4f:bb:00:00:02:0f,20.6875,61.9375,False,88.32352941176471,5969510.0
2026-07-18 08:49:29.125359,4f:bb:00:00:02:0f,20.625,62.0,False,88.29411764705883,5970773.0
2026-07-18 09:10:29.185596,4f:bb:00:00:02:0f,20.5625,62.0625,False,88.29411764705883,5972031.0
2026-07-18 09:31:29.223458,4f:bb:00:00:02:0f,20.5625,62.0625,False,88.27941176470588,5973292.0
2026-07-18 09:52:29.334008,4f:bb:00:00:02:0f,20.625,62.125,False,88.29411764705883,5974555.0
2026-07-18 10:13:29.382644,4f:bb:00:00:02:0f,20.6875,62.1875,False,88.29411764705883,5975809.0
2026-07-18 10:34:29.465551,4f:bb:00:00:02:0f,20.75,62.1875,False,88.29411764705883,5977072.0
2026-07-18 10:55:29.572991,4f:bb:00:00:02:0f,20.8125,62.25,False,88.26470588235294,5978331.0
2026-07-18 11:16:29.594248,4f:bb:00:00:02:0f,20.875,62.25,False,88.26470588235294,5979592.0
2026-07-18 11:37:29.697408,4f:bb:00:00:02:0f,20.9375,62.25,False,88.26470588235294,5980855.0
2026-07-18 11:58:29.789749,4f:bb:00:00:02:0f,20.9375,62.1875,False,88.23529411764706,5982112.5
2026-07-18 12:19:29.807294,4f:bb:00:00:02:0f,20.8125,62.125,False,88.23529411764706,5983373.0
2026-07-18 12:40:29.898986,4f:bb:00:00:02:0f,20.6875,62.0625,False,88.25,5984635.5
2026-07-18 13:01:30.016245,4f:bb:00:00:02:0f,20.625,62.0625,False,88.23529411764706,5985894.0
2026-07-18 13:22:30.012611,4f:bb:00:00:02:0f,20.625,62.125,False,88.26470588235294,5987154.0
2026-07-18 13:43:30.139763,4f:bb:00:00:02:0f,20.625,62.125,False,88.26470588235294,5988414.0
2026-07-18 14:04:30.205950,4f:bb:00:00:02:0f,20.6875,62.1875,False,88.23529411764706,5989674.0
2026-07-18 14:25:30.288215,4f:bb:00:00:02:0f,20.75,62.25,False,88.23529411764706,5990935.0
2026-07-18 14:46:30.405593,4f:bb:00:00:02:0f,20.8125,62.25,False,88.25,5992194.0
2026-07-18 15:07:30.499826,4f:bb:00:00:02:0f,20.9375,62.25,False,88.20588235294117,5993453.0
2026-07-18 15:28:30.575059,4f:bb:00:00:02:0f,21.0,62.25,False,88.23529411764706,5994715.0
2026-07-18 15:49:30.689373,4f:bb:00:00:02:0f,21.0625,62.5625,False,88.23529411764706,5995975.5
2026-07-18 16:10:30.760045,4f:bb:00:00:02:0f,21.125,62.5625,False,88.20588235294117,5997233.0
2026-07-18 16:31:30.832612,4f:bb:00:00:02:0f,21.1875,62.5625,False,88.23529411764706,5998494.0
2026-07-18 16:52:30.892642,4f:bb:00:00:02:0f,21.25,62.625,False,88.23529411764706,5999756.5
2026-07-18 17:13:30.969518,4f:bb:00:00:02:0f,21.3125,62.625,False,88.20588235294117,6001014.5
2026-07-18 17:34:31.047801,4f:bb:00:00:02:0f,21.375,62.625,False,88.20588235294117,6002276.0
2026-07-18 17:55:31.162844,4f:bb:00:00:02:0f,21.4375,62.625,False,88.20588235294117,6003537.0
2026-07-18 18:16:31.246734,4f:bb:00:00:02:0f,21.4375,62.625,False,88.20588235294117,6004794.0
2026-07-18 18:37:31.300963,4f:bb:00:00:02:0f,21.4375,62.625,False,88.23529411764706,6006056.5
2026-07-18 18:58:31.434103,4f:bb:00:00:02:0f,21.5,62.625,False,88.20588235294117,6007319.0
2026-07-18 19:19:31.457770,4f:bb:00:00:02:0f,21.5625,62.625,False,88.23529411764706,6008577.0
2026-07-18 19:40:31.609926,4f:bb:00:00:02:0f,21.5625,62.625,False,88.23529411764706,6009838.5
2026-07-18 20:01:31.686273,4f:bb:00:00:02:0f,21.625,62.625,False,88.20588235294117,6011096.0
2026-07-18 20:22:31.680107,4f:bb:00:00:02:0f,21.625,62.625,False,88.20588235294117,6012357.0
2026-07-18 20:43:31.787498,4f:bb:00:00:02:0f,21.6875,62.625,False,88.20588235294117,6013616.0
2026-07-18 21:04:31.902153,4f:bb:00:00:02:0f,21.75,62.625,False,88.22058823529412,6014875.0
2026-07-18 21:25:31.935584,4f:bb:00:00:02:0f,21.8125,62.6875,False,88.20588235294117,6016139.0
2026-07-18 21:46:31.969660,4f:bb:00:00:02:0f,21.875,62.6875,False,88.20588235294117,6017395.5
2026-07-18 22:07:32.028495,4f:bb:00:00:02:0f,21.875,62.6875,False,88.23529411764706,6018657.0
2026-07-18 22:28:32.114341,4f:bb:00:00:02:0f,21.9375,62.9375,False,88.20588235294117,6019920.0
2026-07-18 22:49:32.237914,4f:bb:00:00:02:0f,22.0,62.9375,False,88.23529411764706,6021178.0
2026-07-18 23:10:32.347471,4f:bb:00:00:02:0f,22.0,62.875,False,88.20588235294117,6022438.0
2026-07-18 23:31:32.407725,4f:bb:00:00:02:0f,22.0,62.875,False,88.20588235294117,6023695.0
2026-07-18 23:52:32.456664,4f:bb:00:00:02:0f,22.0,62.875,False,88.20588235294117,6024958.0
2026-07-19 00:13:32.500032,4f:bb:00:00:02:0f,22.0,62.875,False,88.23529411764706,6026218.0
2026-07-19 00:34:32.531427,4f:bb:00:00:02:0f,22.0,62.8125,False,88.20588235294117,6027476.0
2026-07-19 00:55:32.659552,4f:bb:00:00:02:0f,21.875,62.5,False,88.20588235294117,6028737.0
2026-07-19 01:16:32.722254,4f:bb:00:00:02:0f,21.75,62.375,False,88.20588235294117,6030001.5
2026-07-19 01:37:32.715256,4f:bb:00:00:02:0f,21.625,62.3125,False,88.20588235294117,6031256.0
2026-07-19 01:58:32.759024,4f:bb:00:00:02:0f,21.4375,62.25,False,88.20588235294117,6032518.0
2026-07-19 02:19:32.881565,4f:bb:00:00:02:0f,21.25,62.125,False,88.20588235294117,6033779.0
2026-07-19 02:40:32.999955,4f:bb:00:00:02:0f,21.0625,62.0625,False,88.20588235294117,6035038.0
2026-07-19 03:01:33.053920,4f:bb:00:00:02:0f,20.875,61.6875,False,88.17647058823529,6036298.5
2026-07-19 03:22:33.165226,4f:bb:00:00:02:0f,20.625,61.625,False,88.17647058823529,6037560.0
2026-07-19 03:43:33.293755,4f:bb:00:00:02:0f,20.375,61.5,False,88.1470588235294,6038819.5
2026-07-19 04:04:33.402379,4f:bb:00:00:02:0f,20.1875,61.1875,False,88.1470588235294,6040084.0
2026-07-19 04:25:33.463244,4f:bb:00:00:02:0f,19.9375,61.1875,False,88.1470588235294,6041340.5
2026-07-19 04:46:33.539633,4f:bb:00:00:02:0f,19.8125,61.125,False,88.1470588235294,6042601.5
2026-07-19 05:07:33.635638,4f:bb:00:00:02:0f,19.6875,61.125,False,88.11764705882354,6043858.5
2026-07-19 05:28:33.726155,4f:bb:00:00:02:0f,19.625,61.125,False,88.11764705882354,6045119.0
2026-07-19 05:49:33.783541,4f:bb:00:00:02:0f,19.5625,61.125,False,88.11764705882354,6046381.0
2026-07-19 06:10:33.824958,4f:bb:00:00:02:0f,19.5,61.125,False,88.11764705882354,6047641.5
2026-07-19 06:31:33.928073,4f:bb:00:00:02:0f,19.4375,61.0625,False,88.11764705882354,6048901.0
2026-07-19 06:52:34.032865,4f:bb:00:00:02:0f,19.375,61.0625,False,88.08823529411765,6050158.5
2026-07-19 07:13:34.124284,4f:bb:00:00:02:0f,19.3125,60.8125,False,88.08823529411765,6051422.0
2026-07-19 07:34:34.120769,4f:bb:00:00:02:0f,19.25,60.8125,False,88.08823529411765,6052678.0
2026-07-19 07:55:34.162354,4f:bb:00:00:02:0f,19.25,60.8125,False,88.08823529411765,6053941.5
2026-07-19 08:16:34.259277,4f:bb:00:00:02:0f,19.1875,60.8125,False,88.05882352941177,6055201.0
2026-07-19 08:37:34.334891,4f:bb:00:00:02:0f,19.1875,60.8125,False,88.08823529411765,6056459.0
2026-07-19 08:58:34.405469,4f:bb:00:00:02:0f,19.25,60.875,False,88.05882352941177,6057722.0
2026-07-19 09:19:34.495599,4f:bb:00:00:02:0f,19.3125,60.875,False,88.05882352941177,6058983.0
2026-07-19 09:40:34.587031,4f:bb:00:00:02:0f,19.375,61.1875,False,88.05882352941177,6060239.0
2026-07-19 10:01:34.602489,4f:bb:00:00:02:0f,19.5,61.1875,False,88.05882352941177,6061502.0
2026-07-19 10:22:34.702398,4f:bb:00:00:02:0f,19.625,61.25,False,88.05882352941177,6062760.0
2026-07-19 10:43:34.724473,4f:bb:00:00:02:0f,19.75,61.3125,False,88.05882352941177,6064025.0
2026-07-19 11:04:34.782879,4f:bb:00:00:02:0f,19.875,61.375,False,88.08823529411765,6065281.0
2026-07-19 11:25:34.825837,4f:bb:00:00:02:0f,20.0625,61.375,False,88.05882352941177,6066542.0
2026-07-19 11:46:34.871092,4f:bb:00:00:02:0f,20.1875,61.4375,False,88.08823529411765,6067805.0
2026-07-19 12:07:34.965813,4f:bb:00:00:02:0f,20.3125,61.75,False,88.08823529411765,6069060.0
2026-07-19 12:28:34.992182,4f:bb:00:00:02:0f,20.5625,61.8125,False,88.08823529411765,6070325.5
2026-07-19 12:49:34.988091,4f:bb:00:00:02:0f,20.75,61.875,False,88.08823529411765,6071581.5
2026-07-19 13:10:35.133337,4f:bb:00:00:02:0f,20.9375,61.9375,False,88.08823529411765,6072845.0
2026-07-19 13:31:35.179977,4f:bb:00:00:02:0f,21.0625,62.1875,False,88.08823529411765,6074102.0
2026-07-19 13:52:35.257091,4f:bb:00:00:02:0f,21.1875,62.1875,False,88.08823529411765,6075361.0
2026-07-19 14:13:35.360881,4f:bb:00:00:02:0f,21.3125,62.25,False,88.11764705882354,6076624.0
2026-07-19 14:34:35.435378,4f:bb:00:00:02:0f,21.4375,62.25,False,88.11764705882354,6077882.0
2026-07-19 14:55:35.552823,4f:bb:00:00:02:0f,21.5625,62.3125,False,88.11764705882354,6079142.0
2026-07-19 15:16:35.532196,4f:bb:00:00:02:0f,21.6875,62.3125,False,88.11764705882354,6080402.0
2026-07-19 15:37:35.642805,4f:bb:00:00:02:0f,21.875,62.375,False,88.13235294117646,6081664.5
2026-07-19 15:58:35.687594,4f:bb:00:00:02:0f,22.0,62.625,False,88.11764705882354,6082922.0
2026-07-19 16:19:35.822394,4f:bb:00:00:02:0f,22.125,62.625,False,88.11764705882354,6084184.5
2026-07-19 16:40:35.908187,4f:bb:00:00:02:0f,22.25,62.6875,False,88.1470588235294,6085444.0
2026-07-19 17:01:35.919881,4f:bb:00:00:02:0f,22.375,62.6875,False,88.1470588235294,6086705.0
2026-07-19 17:22:35.994902,4f:bb:00:00:02:0f,22.5,62.6875,False,88.11764705882354,6087964.0
2026-07-19 17:43:36.048265,4f:bb:00:00:02:0f,22.5625,62.625,False,88.17647058823529,6089226.0
2026-07-19 18:04:36.077948,4f:bb:00:00:02:0f,22.625,62.6875,False,88.1470588235294,6090485.0
2026-07-19 18:25:36.169636,4f:bb:00:00:02:0f,22.6875,62.6875,False,88.1470588235294,6091744.0
2026-07-19 18:46:36.287670,4f:bb:00:00:02:0f,22.8125,62.9375,False,88.17647058823529,6093007.0
2026-07-19 19:07:36.390285,4f:bb:00:00:02:0f,22.875,62.9375,False,88.17647058823529,6094265.0
2026-07-19 19:28:36.511760,4f:bb:00:00:02:0f,22.9375,62.9375,False,88.17647058823529,6095523.0
2026-07-19 19:49:36.500334,4f:bb:00:00:02:0f,23.0,62.9375,False,88.17647058823529,6096787.0
2026-07-19 20:10:36.542937,4f:bb:00:00:02:0f,23.0625,62.9375,False,88.17647058823529,6098047.5
2026-07-19 20:31:36.603334,4f:bb:00:00:02:0f,23.0625,62.875,False,88.20588235294117,6099306.0
2026-07-19 20:52:36.684347,4f:bb:00:00:02:0f,23.125,62.875,False,88.20588235294117,6100567.0
2026-07-19 21:13:36.746184,4f:bb:00:00:02:0f,23.0625,62.8125,False,88.20588235294117,6101827.0
2026-07-19 21:34:36.867801,4f:bb:00:00:02:0f,23.0625,62.75,False,88.20588235294117,6103083.5
2026-07-19 21:55:36.922322,4f:bb:00:00:02:0f,23.0,62.75,False,88.20588235294117,6104348.0
2026-07-19 22:16:36.962817,4f:bb:00:00:02:0f,22.9375,62.6875,False,88.20588235294117,6105604.0
2026-07-19 22:37:37.061938,4f:bb:00:00:02:0f,22.875,62.6875,False,88.20588235294117,6106868.0
2026-07-19 22:58:37.137300,4f:bb:00:00:02:0f,22.875,62.625,False,88.20588235294117,6108127.0
2026-07-19 23:19:37.170213,4f:bb:00:00:02:0f,22.8125,62.5625,False,88.20588235294117,6109387.5
2026-07-19 23:40:37.277493,4f:bb:00:00:02:0f,22.6875,62.25,False,88.17647058823529,6110648.0
2026-07-20 00:01:37.397736,4f:bb:00:00:02:0f,22.625,62.25,False,88.20588235294117,6111904.5
2026-07-20 00:22:37.542472,4f:bb:00:00:02:0f,22.5,62.1875,False,88.17647058823529,6113168.0
2026-07-20 00:43:37.616231,4f:bb:00:00:02:0f,22.4375,62.125,False,88.17647058823529,6114428.0
2026-07-20 01:04:37.726039,4f:bb:00:00:02:0f,22.25,62.0625,False,88.19117647058823,6115687.5
2026-07-20 01:25:37.757080,4f:bb:00:00:02:0f,22.125,62.0,False,88.17647058823529,6116945.0
2026-07-20 01:46:37.873453,4f:bb:00:00:02:0f,22.0,61.9375,False,88.20588235294117,6118210.0
2026-07-20 02:07:37.964117,4f:bb:00:00:02:0f,21.9375,61.9375,False,88.17647058823529,6119467.0
2026-07-20 02:28:37.988148,4f:bb:00:00:02:0f,21.8125,61.625,False,88.20588235294117,6120728.0
2026-07-20 02:49:38.103375,4f:bb:00:00:02:0f,21.6875,61.5625,False,88.17647058823529,6121989.0
2026-07-20 03:10:38.150903,4f:bb:00:00:02:0f,21.5625,61.5625,False,88.11764705882354,6123248.0
2026-07-20 03:31:38.266192,4f:bb:00:00:02:0f,21.5,61.5,False,88.17647058823529,6124509.0
2026-07-20 03:52:38.305992,4f:bb:00:00:02:0f,21.375,61.5,False,88.17647058823529,6125767.0
2026-07-20 04:13:38.426122,4f:bb:00:00:02:0f,21.3125,61.4375,False,88.17647058823529,6127029.0
2026-07-20 04:34:38.519218,4f:bb:00:00:02:0f,21.1875,61.375,False,88.17647058823529,6128288.0
2026-07-20 04:55:38.648194,4f:bb:00:00:02:0f,21.0625,61.375,False,88.17647058823529,6129549.0
2026-07-20 05:16:38.650001,4f:bb:00:00:02:0f,20.9375,61.0625,False,88.1470588235294,6130808.0
2026-07-20 05:37:38.691127,4f:bb:00:00:02:0f,20.875,61.0,False,88.13235294117646,6132070.5
2026-07-20 05:58:38.778467,4f:bb:00:00:02:0f,20.75,61.0,False,88.11764705882354,6133332.0
2026-07-20 06:19:38.902869,4f:bb:00:00:02:0f,20.6875,60.9375,False,88.1470588235294,6134588.0
2026-07-20 06:40:39.008557,4f:bb:00:00:02:0f,20.5625,60.9375,False,88.1470588235294,6135850.5
2026-07-20 07:01:39.065701,4f:bb:00:00:02:0f,20.5,60.9375,False,88.11764705882354,6137110.0
2026-07-20 07:22:39.167966,4f:bb:00:00:02:0f,20.4375,60.875,False,88.11764705882354,6138372.0
2026-07-20 07:43:39.239781,4f:bb:00:00:02:0f,20.3125,60.875,False,88.11764705882354,6139629.0
2026-07-20 08:04:39.283151,4f:bb:00:00:02:0f,20.3125,60.875,False,88.11764705882354,6140890.0
2026-07-20 08:25:39.384460,4f:bb:00:00:02:0f,20.25,60.875,False,88.11764705882354,6142149.0
2026-07-20 08:46:39.449486,4f:bb:00:00:02:0f,20.25,60.875,False,88.08823529411765,6143409.0
2026-07-20 09:07:39.482102,4f:bb:00:00:02:0f,20.25,60.9375,False,88.11764705882354,6144671.0
2026-07-20 09:28:39.591077,4f:bb:00:00:02:0f,20.375,60.9375,False,88.11764705882354,6145929.0
2026-07-20 09:49:39.680179,4f:bb:00:00:02:0f,20.5,61.0,False,88.11764705882354,6147191.0
2026-07-20 10:10:39.709189,4f:bb:00:00:02:0f,20.625,61.0625,False,88.11764705882354,6148453.5
2026-07-20 10:31:39.807289,4f:bb:00:00:02:0f,20.8125,61.125,False,88.11764705882354,6149710.5
2026-07-20 10:52:39.905860,4f:bb:00:00:02:0f,21.0,61.1875,False,88.08823529411765,6150971.0
2026-07-20 11:13:40.006153,4f:bb:00:00:02:0f,21.1875,61.5625,False,88.11764705882354,6152235.0
2026-07-20 11:34:40.040003,4f:bb:00:00:02:0f,21.5,61.6875,False,88.11764705882354,6153493.0
2026-07-20 11:55:40.027708,4f:bb:00:00:02:0f,21.8125,61.8125,False,88.1470588235294,6154752.0
2026-07-20 12:16:40.121355,4f:bb:00:00:02:0f,22.125,62.0625,False,88.1470588235294,6156014.0
2026-07-20 12:37:40.270365,4f:bb:00:00:02:0f,22.375,62.125,False,88.1470588235294,6157270.0
2026-07-20 12:58:40.313219,4f:bb:00:00:02:0f,22.625,62.125,False,88.1470588235294,6158533.0
2026-07-20 13:19:40.438747,4f:bb:00:00:02:0f,22.75,62.375,False,88.1470588235294,6159791.0
2026-07-20 13:40:40.506626,4f:bb:00:00:02:0f,22.9375,62.4375,False,88.17647058823529,6161050.0
2026-07-20 14:01:40.557533,4f:bb:00:00:02:0f,23.0625,62.375,False,88.17647058823529,6162312.0
2026-07-20 14:22:40.654299,4f:bb:00:00:02:0f,23.1875,62.4375,False,88.17647058823529,6163572.0
2026-07-20 14:43:40.739138,4f:bb:00:00:02:0f,23.3125,62.4375,False,88.17647058823529,6164833.0
2026-07-20 15:04:40.827201,4f:bb:00:00:02:0f,23.4375,62.5,False,88.20588235294117,6166093.5
2026-07-20 15:25:40.815600,4f:bb:00:00:02:0f,23.625,62.75,False,88.17647058823529,6167352.0
2026-07-20 15:46:40.790380,4f:bb:00:00:02:0f,23.75,62.8125,False,88.20588235294117,6168613.0
2026-07-20 16:07:40.918412,4f:bb:00:00:02:0f,23.9375,62.875,False,88.20588235294117,6169870.5
2026-07-20 16:28:41.023301,4f:bb:00:00:02:0f,24.125,62.9375,False,88.23529411764706,6171134.0
2026-07-20 16:49:41.093985,4f:bb:00:00:02:0f,24.3125,62.9375,False,88.23529411764706,6172396.0
2026-07-20 17:10:41.179488,4f:bb:00:00:02:0f,24.4375,62.9375,False,88.23529411764706,6173653.0
2026-07-20 17:31:41.269137,4f:bb:00:00:02:0f,24.5,63.125,False,88.23529411764706,6174914.0
2026-07-20 17:52:41.363516,4f:bb:00:00:02:0f,24.5625,63.0625,False,88.23529411764706,6176176.5
2026-07-20 18:13:41.442402,4f:bb:00:00:02:0f,24.5625,63.0,False,88.23529411764706,6177436.0
2026-07-20 18:34:41.525307,4f:bb:00:00:02:0f,24.5625,62.9375,False,88.26470588235294,6178695.0
2026-07-20 18:55:41.586447,4f:bb:00:00:02:0f,24.5,62.875,False,88.26470588235294,6179955.0
2026-07-20 19:16:41.685366,4f:bb:00:00:02:0f,24.4375,62.8125,False,88.26470588235294,6181217.0
2026-07-20 19:37:41.775276,4f:bb:00:00:02:0f,24.4375,62.5625,False,88.26470588235294,6182474.0
2026-07-20 19:58:41.784500,4f:bb:00:00:02:0f,24.3125,62.5,False,88.26470588235294,6183737.0
2026-07-20 20:19:41.873587,4f:bb:00:00:02:0f,24.25,62.4375,False,88.26470588235294,6184996.0
2026-07-20 20:40:41.941917,4f:bb:00:00:02:0f,24.1875,62.375,False,88.26470588235294,6186254.0
2026-07-20 21:01:41.976150,4f:bb:00:00:02:0f,24.0625,62.3125,False,88.23529411764706,6187516.0
2026-07-20 21:22:42.048726,4f:bb:00:00:02:0f,24.0,62.3125,False,88.26470588235294,6188776.0
2026-07-20 21:43:42.072347,4f:bb:00:00:02:0f,24.0,62.3125,False,88.29411764705883,6190032.0
2026-07-20 22:04:42.110235,4f:bb:00:00:02:0f,24.0,62.3125,False,88.26470588235294,6191294.0
2026-07-20 22:25:42.201343,4f:bb:00:00:02:0f,24.0,62.3125,False,88.26470588235294,6192556.0
2026-07-20 22:46:42.321318,4f:bb:00:00:02:0f,24.0,62.3125,False,88.26470588235294,6193816.0
2026-07-20 23:07:42.426715,4f:bb:00:00:02:0f,24.03125,62.3125,False,88.29411764705883,6195073.5
2026-07-20 23:28:42.551891,4f:bb:00:00:02:0f,24.0,62.3125,False,88.29411764705883,6196335.5
2026-07-20 23:49:42.627139,4f:bb:00:00:02:0f,24.0,62.25,False,88.29411764705883,6197597.0
2026-07-21 00:10:42.680102,4f:bb:00:00:02:0f,23.9375,62.25,False,88.26470588235294,6198856.0
2026-07-21 00:31:42.738535,4f:bb:00:00:02:0f,23.9375,62.1875,False,88.29411764705883,6200125.0
2026-07-21 00:52:42.855838,4f:bb:00:00:02:0f,23.75,62.0625,False,88.29411764705883,6201379.0
2026-07-21 01:13:42.912138,4f:bb:00:00:02:0f,23.625,62.0,False,88.26470588235294,6202636.5
2026-07-21 01:34:42.962364,4f:bb:00:00:02:0f,23.5,61.6875,False,88.26470588235294,6203896.5
2026-07-21 01:55:43.026686,4f:bb:00:00:02:0f,23.375,61.6875,False,88.29411764705883,6205159.0
2026-07-21 02:16:43.119262,4f:bb:00:00:02:0f,23.25,61.625,False,88.29411764705883,6206419.0
2026-07-21 02:37:43.135090,4f:bb:00:00:02:0f,23.125,61.5625,False,88.29411764705883,6207678.0
2026-07-21 02:58:43.178557,4f:bb:00:00:02:0f,23.0625,61.5625,False,88.29411764705883,6208939.0
2026-07-21 03:19:43.254209,4f:bb:00:00:02:0f,22.9375,61.5,False,88.26470588235294,6210197.0
2026-07-21 03:40:43.354986,4f:bb:00:00:02:0f,22.8125,61.4375,False,88.29411764705883,6211459.0
2026-07-21 04:01:43.486569,4f:bb:00:00:02:0f,22.75,61.1875,False,88.26470588235294,6212716.5
2026-07-21 04:22:43.527559,4f:bb:00:00:02:0f,22.625,61.125,False,88.26470588235294,6213978.0
2026-07-21 04:43:43.602620,4f:bb:00:00:02:0f,22.5,61.125,False,88.26470588235294,6215238.0
2026-07-21 05:04:43.699222,4f:bb:00:00:02:0f,22.4375,61.0625,False,88.23529411764706,6216497.0
2026-07-21 05:25:43.739521,4f:bb:00:00:02:0f,22.3125,61.0625,False,88.26470588235294,6217760.0
2026-07-21 05:46:43.826870,4f:bb:00:00:02:0f,22.25,61.0,False,88.26470588235294,6219019.5
2026-07-21 06:07:43.898612,4f:bb:00:00:02:0f,22.125,60.9375,False,88.26470588235294,6220279.0
2026-07-21 06:28:44.011362,4f:bb:00:00:02:0f,22.0625,60.9375,False,88.23529411764706,6221538.0
2026-07-21 06:49:44.129017,4f:bb:00:00:02:0f,21.96875,60.9375,False,88.23529411764706,6222799.5
2026-07-21 07:10:44.182840,4f:bb:00:00:02:0f,21.875,60.6875,False,88.23529411764706,6224059.0
2026-07-21 07:31:44.276844,4f:bb:00:00:02:0f,21.8125,60.625,False,88.23529411764706,6225319.0
2026-07-21 07:52:44.387723,4f:bb:00:00:02:0f,21.75,60.625,False,88.23529411764706,6226582.0
2026-07-21 08:13:44.479307,4f:bb:00:00:02:0f,21.6875,60.625,False,88.20588235294117,6227836.5
2026-07-21 08:34:44.616747,4f:bb:00:00:02:0f,21.5625,60.5625,False,88.20588235294117,6229099.0
2026-07-21 08:55:44.612532,4f:bb:00:00:02:0f,21.5625,60.5625,False,88.23529411764706,6230360.0
2026-07-21 09:16:44.722412,4f:bb:00:00:02:0f,21.4375,60.5,False,88.20588235294117,6231620.0
2026-07-21 09:37:44.741681,4f:bb:00:00:02:0f,21.375,60.5,False,88.20588235294117,6232879.0
2026-07-21 09:58:44.765971,4f:bb:00:00:02:0f,21.3125,60.4375,False,88.20588235294117,6234142.0
2026-07-21 10:19:44.856441,4f:bb:00:00:02:0f,21.25,60.4375,False,88.20588235294117,6235400.0
2026-07-21 10:40:44.998171,4f:bb:00:00:02:0f,21.1875,60.4375,False,88.20588235294117,6236658.0
2026-07-21 11:01:45.083822,4f:bb:00:00:02:0f,21.1875,60.4375,False,88.20588235294117,6237921.0
2026-07-21 11:22:45.176636,4f:bb:00:00:02:0f,21.1875,60.4375,False,88.20588235294117,6239182.0
2026-07-21 11:43:45.293037,4f:bb:00:00:02:0f,21.1875,60.4375,False,88.20588235294117,6240439.0
2026-07-21 12:04:45.367367,4f:bb:00:00:02:0f,21.1875,60.5,False,88.17647058823529,6241703.0
2026-07-21 12:25:45.420441,4f:bb:00:00:02:0f,21.25,60.5,False,88.20588235294117,6242960.0
2026-07-21 12:46:45.546562,4f:bb:00:00:02:0f,21.3125,60.5625,False,88.17647058823529,6244219.0
2026-07-21 13:07:45.571573,4f:bb:00:00:02:0f,21.375,60.625,False,88.20588235294117,6245479.5
2026-07-21 13:28:45.599069,4f:bb:00:00:02:0f,21.4375,60.625,False,88.20588235294117,6246739.5
2026-07-21 13:49:45.703043,4f:bb:00:00:02:0f,21.5625,60.6875,False,88.20588235294117,6248002.0
2026-07-21 14:10:45.801864,4f:bb:00:00:02:0f,21.625,60.6875,False,88.20588235294117,6249259.0
2026-07-21 14:31:45.862623,4f:bb:00:00:02:0f,21.6875,60.6875,False,88.20588235294117,6250523.0
2026-07-21 14:52:45.952970,4f:bb:00:00:02:0f,21.8125,60.75,False,88.20588235294117,6251782.0
2026-07-21 15:13:46.013991,4f:bb:00:00:02:0f,21.875,60.75,False,88.20588235294117,6253042.5
2026-07-21 15:34:46.058932,4f:bb:00:00:02:0f,21.9375,61.0,False,88.20588235294117,6254304.0
2026-07-21 15:55:46.121494,4f:bb:00:00:02:0f,22.0,61.0,False,88.20588235294117,6255562.5
2026-07-21 16:16:46.224629,4f:bb:00:00:02:0f,22.0625,61.0,False,88.20588235294117,6256822.0
2026-07-21 16:37:46.278370,4f:bb:00:00:02:0f,22.125,61.0625,False,88.17647058823529,6258083.0
2026-07-21 16:58:46.332916,4f:bb:00:00:02:0f,22.1875,61.0625,False,88.22058823529412,6259344.0
2026-07-21 17:19:46.296588,4f:bb:00:00:02:0f,22.25,61.125,False,88.20588235294117,6260603.0
2026-07-21 17:40:46.398510,4f:bb:00:00:02:0f,22.3125,61.125,False,88.23529411764706,6261865.0
2026-07-21 18:01:46.524422,4f:bb:00:00:02:0f,22.375,61.125,False,88.20588235294117,6263122.0
2026-07-21 18:22:46.608267,4f:bb:00:00:02:0f,22.375,61.0625,False,88.20588235294117,6264382.5
2026-07-21 18:43:46.716655,4f:bb:00:00:02:0f,22.4375,61.0625,False,88.20588235294117,6265645.0
2026-07-21 19:04:46.752160,4f:bb:00:00:02:0f,22.4375,61.125,False,88.23529411764706,6266903.0
2026-07-21 19:25:46.791659,4f:bb:00:00:02:0f,22.5,61.125,False,88.23529411764706,6268165.5
2026-07-21 19:46:46.807213,4f:bb:00:00:02:0f,22.5,61.125,False,88.20588235294117,6269425.0
2026-07-21 20:07:46.906236,4f:bb:00:00:02:0f,22.5,61.125,False,88.20588235294117,6270684.0
2026-07-21 20:28:47.024850,4f:bb:00:00:02:0f,22.5,61.125,False,88.20588235294117,6271945.0
2026-07-21 20:49:47.046001,4f:bb:00:00:02:0f,22.5625,61.125,False,88.20588235294117,6273205.0
2026-07-21 21:10:47.176597,4f:bb:00:00:02:0f,22.5625,61.125,False,88.23529411764706,6274465.0
2026-07-21 21:31:47.246587,4f:bb:00:00:02:0f,22.625,61.125,False,88.20588235294117,6275726.0
2026-07-21 21:52:47.293203,4f:bb:00:00:02:0f,22.6875,61.125,False,88.20588235294117,6276985.5
2026-07-21 22:13:47.402460,4f:bb:00:00:02:0f,22.6875,61.125,False,88.20588235294117,6278245.0
2026-07-21 22:34:47.454804,4f:bb:00:00:02:0f,22.75,61.125,False,88.23529411764706,6279502.0
2026-07-21 22:55:47.553662,4f:bb:00:00:02:0f,22.75,61.125,False,88.20588235294117,6280765.0
2026-07-21 23:16:47.673181,4f:bb:00:00:02:0f,22.75,61.375,False,88.23529411764706,6282025.0
2026-07-21 23:37:47.699965,4f:bb:00:00:02:0f,22.6875,61.0625,False,88.23529411764706,6283285.5
2026-07-21 23:58:47.776456,4f:bb:00:00:02:0f,22.625,61.0,False,88.23529411764706,6284545.0
2026-07-22 00:19:47.767078,4f:bb:00:00:02:0f,22.5625,60.9375,False,88.20588235294117,6285808.0
2026-07-22 00:40:47.865136,4f:bb:00:00:02:0f,22.4375,60.875,False,88.23529411764706,6287065.5
2026-07-22 01:01:47.895959,4f:bb:00:00:02:0f,22.375,60.875,False,88.23529411764706,6288326.0
2026-07-22 01:22:47.957387,4f:bb:00:00:02:0f,22.25,60.8125,False,88.20588235294117,6289588.0
2026-07-22 01:43:48.033677,4f:bb:00:00:02:0f,22.1875,60.8125,False,88.20588235294117,6290848.0
2026-07-22 02:04:48.113917,4f:bb:00:00:02:0f,22.0625,60.75,False,88.20588235294117,6292105.0
2026-07-22 02:25:48.161346,4f:bb:00:00:02:0f,22.0,60.75,False,88.17647058823529,6293367.0
2026-07-22 02:46:48.164246,4f:bb:00:00:02:0f,21.875,60.4375,False,88.17647058823529,6294626.0
2026-07-22 03:07:48.161782,4f:bb:00:00:02:0f,21.8125,60.4375,False,88.17647058823529,6295890.0
2026-07-22 03:28:48.211332,4f:bb:00:00:02:0f,21.6875,60.4375,False,88.17647058823529,6297146.5
2026-07-22 03:49:48.273198,4f:bb:00:00:02:0f,21.625,60.375,False,88.17647058823529,6298408.0
2026-07-22 04:10:48.282304,4f:bb:00:00:02:0f,21.5,60.375,False,88.17647058823529,6299666.0
2026-07-22 04:31:48.417529,4f:bb:00:00:02:0f,21.4375,60.3125,False,88.17647058823529,6300927.0
2026-07-22 04:52:48.446971,4f:bb:00:00:02:0f,21.3125,60.3125,False,88.17647058823529,6302189.0
2026-07-22 05:13:48.575854,4f:bb:00:00:02:0f,21.25,60.25,False,88.17647058823529,6303446.0
2026-07-22 05:34:48.669204,4f:bb:00:00:02:0f,21.1875,60.25,False,88.16176470588235,6304708.5
2026-07-22 05:55:48.745261,4f:bb:00:00:02:0f,21.0625,60.25,False,88.17647058823529,6305967.0
2026-07-22 06:16:48.802152,4f:bb:00:00:02:0f,21.0,59.9375,False,88.1470588235294,6307226.0
2026-07-22 06:37:48.912553,4f:bb:00:00:02:0f,20.9375,59.9375,False,88.1470588235294,6308489.0
2026-07-22 06:58:49.002227,4f:bb:00:00:02:0f,20.875,59.9375,False,88.1470588235294,6309746.0
2026-07-22 07:19:49.112321,4f:bb:00:00:02:0f,20.75,59.875,False,88.1470588235294,6311009.0
2026-07-22 07:40:49.227411,4f:bb:00:00:02:0f,20.6875,59.875,False,88.1470588235294,6312269.0
2026-07-22 08:01:49.245882,4f:bb:00:00:02:0f,20.625,59.875,False,88.1470588235294,6313528.5
2026-07-22 08:22:49.343765,4f:bb:00:00:02:0f,20.5625,59.875,False,88.11764705882354,6314789.0
2026-07-22 08:43:49.482160,4f:bb:00:00:02:0f,20.5625,59.875,False,88.11764705882354,6316051.0
2026-07-22 09:04:49.569655,4f:bb:00:00:02:0f,20.5,59.875,False,88.11764705882354,6317308.5
2026-07-22 09:25:49.609725,4f:bb:00:00:02:0f,20.4375,59.875,False,88.1470588235294,6318569.0
2026-07-22 09:46:49.752457,4f:bb:00:00:02:0f,20.4375,59.875,False,88.11764705882354,6319829.0
2026-07-22 10:07:49.865882,4f:bb:00:00:02:0f,20.5,59.9375,False,88.11764705882354,6321091.0
2026-07-22 10:28:49.959133,4f:bb:00:00:02:0f,20.5625,59.9375,False,88.11764705882354,6322351.0
2026-07-22 10:49:50.000442,4f:bb:00:00:02:0f,20.6875,60.0,False,88.11764705882354,6323608.5
2026-07-22 11:10:50.044779,4f:bb:00:00:02:0f,20.8125,60.0625,False,88.1470588235294,6324869.5
2026-07-22 11:31:50.202544,4f:bb:00:00:02:0f,20.9375,60.1875,False,88.11764705882354,6326127.0
2026-07-22 11:52:50.239528,4f:bb:00:00:02:0f,21.125,60.4375,False,88.08823529411765,6327391.5
2026-07-22 12:13:50.322126,4f:bb:00:00:02:0f,21.3125,60.5625,False,88.1470588235294,6328649.0
2026-07-22 12:34:50.409197,4f:bb:00:00:02:0f,21.5,60.625,False,88.1470588235294,6329910.0
2026-07-22 12:55:50.460125,4f:bb:00:00:02:0f,21.6875,60.6875,False,88.13235294117646,6331171.5
2026-07-22 13:16:50.483781,4f:bb:00:00:02:0f,21.875,60.75,False,88.1470588235294,6332431.5
2026-07-22 13:37:50.579807,4f:bb:00:00:02:0f,22.0625,61.0625,False,88.1470588235294,6333691.0
2026-07-22 13:58:50.678051,4f:bb:00:00:02:0f,22.25,61.125,False,88.1470588235294,6334951.5
2026-07-22 14:19:50.701313,4f:bb:00:00:02:0f,22.4375,61.125,False,88.16176470588235,6336213.0
2026-07-22 14:40:50.783645,4f:bb:00:00:02:0f,22.625,61.25,False,88.1470588235294,6337468.0
2026-07-22 15:01:50.861777,4f:bb:00:00:02:0f,22.875,61.5625,False,88.1470588235294,6338729.0
2026-07-22 15:22:50.957138,4f:bb:00:00:02:0f,23.125,61.6875,False,88.17647058823529,6339992.0
2026-07-22 15:43:51.019325,4f:bb:00:00:02:0f,23.375,61.75,False,88.17647058823529,6341253.0
2026-07-22 16:04:50.996694,4f:bb:00:00:02:0f,23.5,61.6875,False,88.20588235294117,6342513.0
2026-07-22 16:25:51.086685,4f:bb:00:00:02:0f,23.6875,61.9375,False,88.17647058823529,6343768.0
2026-07-22 16:46:51.167443,4f:bb:00:00:02:0f,23.75,61.9375,False,88.20588235294117,6345032.0
2026-07-22 17:07:51.267356,4f:bb:00:00:02:0f,23.875,61.9375,False,88.20588235294117,6346295.0
2026-07-22 17:28:51.297227,4f:bb:00:00:02:0f,23.9375,62.0,False,88.23529411764706,6347551.5
2026-07-22 17:49:51.412061,4f:bb:00:00:02:0f,24.0625,62.0,False,88.23529411764706,6348814.5
2026-07-22 18:10:51.502212,4f:bb:00:00:02:0f,24.1875,62.0,False,88.23529411764706,6350072.0
2026-07-22 18:31:51.536512,4f:bb:00:00:02:0f,24.3125,62.0,False,88.23529411764706,6351334.0
2026-07-22 18:52:51.596969,4f:bb:00:00:02:0f,24.3125,61.9375,False,88.23529411764706,6352592.0
2026-07-22 19:13:51.713108,4f:bb:00:00:02:0f,24.25,61.875,False,88.23529411764706,6353852.0
2026-07-22 19:34:51.615149,4f:bb:00:00:02:0f,24.1875,61.875,False,88.23529411764706,6355112.0
2026-07-22 19:55:51.709808,4f:bb:00:00:02:0f,24.1875,61.8125,False,88.23529411764706,6356374.5
2026-07-22 20:16:51.712516,4f:bb:00:00:02:0f,24.0625,61.75,False,88.26470588235294,6357633.0
2026-07-22 20:37:51.743692,4f:bb:00:00:02:0f,23.9375,61.6875,False,88.23529411764706,6358892.0
2026-07-22 20:58:51.808430,4f:bb:00:00:02:0f,23.875,61.625,False,88.26470588235294,6360153.0
2026-07-22 21:19:51.919572,4f:bb:00:00:02:0f,23.75,61.5625,False,88.26470588235294,6361415.0
2026-07-22 21:40:52.013486,4f:bb:00:00:02:0f,23.625,61.5,False,88.26470588235294,6362675.0
2026-07-22 22:01:52.053393,4f:bb:00:00:02:0f,23.5,61.25,False,88.23529411764706,6363932.0
2026-07-22 22:22:52.122565,4f:bb:00:00:02:0f,23.4375,61.25,False,88.26470588235294,6365194.5
2026-07-22 22:43:52.158611,4f:bb:00:00:02:0f,23.375,61.25,False,88.26470588235294,6366453.5
2026-07-22 23:04:52.158278,4f:bb:00:00:02:0f,23.375,61.25,False,88.23529411764706,6367715.0
2026-07-22 23:25:52.208408,4f:bb:00:00:02:0f,23.375,61.25,False,88.20588235294117,6368974.0
2026-07-22 23:46:52.289382,4f:bb:00:00:02:0f,23.375,61.25,False,88.26470588235294,6370233.0
2026-07-23 00:07:52.402498,4f:bb:00:00:02:0f,23.375,61.25,False,88.23529411764706,6371495.0
2026-07-23 00:28:52.473100,4f:bb:00:00:02:0f,23.375,61.25,False,88.23529411764706,6372754.5
2026-07-23 00:49:52.563475,4f:bb:00:00:02:0f,23.375,61.25,False,88.25,6374017.0
2026-07-23 01:10:52.696101,4f:bb:00:00:02:0f,23.3125,61.1875,False,88.23529411764706,6375276.0
2026-07-23 01:31:52.798884,4f:bb:00:00:02:0f,23.1875,61.125,False,88.26470588235294,6376534.5
2026-07-23 01:52:52.782361,4f:bb:00:00:02:0f,23.0625,61.0625,False,88.26470588235294,6377795.0
2026-07-23 02:13:52.829984,4f:bb:00:00:02:0f,22.875,60.9375,False,88.23529411764706,6379056.0
2026-07-23 02:34:52.945535,4f:bb:00:00:02:0f,22.6875,60.625,False,88.26470588235294,6380317.0
2026-07-23 02:55:52.996848,4f:bb:00:00:02:0f,22.5,60.5625,False,88.23529411764706,6381573.5
2026-07-23 03:16:53.092397,4f:bb:00:00:02:0f,22.3125,60.5,False,88.23529411764706,6382836.0
2026-07-23 03:37:53.146142,4f:bb:00:00:02:0f,22.0625,60.4375,False,88.23529411764706,6384097.0
2026-07-23 03:58:53.153064,4f:bb:00:00:02:0f,21.875,60.125,False,88.20588235294117,6385354.0
2026-07-23 04:19:53.250392,4f:bb:00:00:02:0f,21.6875,60.0625,False,88.20588235294117,6386614.5
2026-07-23 04:40:53.293263,4f:bb:00:00:02:0f,21.4375,60.0,False,88.23529411764706,6387876.5
2026-07-23 05:01:53.411042,4f:bb:00:00:02:0f,21.28125,59.9375,False,88.20588235294117,6389136.0
2026-07-23 05:22:53.434807,4f:bb:00:00:02:0f,21.0625,59.875,False,88.20588235294117,6390396.0
2026-07-23 05:43:53.526315,4f:bb:00:00:02:0f,20.9375,59.5625,False,88.20588235294117,6391658.0
2026-07-23 06:04:53.624332,4f:bb:00:00:02:0f,20.6875,59.5,False,88.17647058823529,6392917.0
2026-07-23 06:25:53.687244,4f:bb:00:00:02:0f,20.5625,59.5,False,88.17647058823529,6394176.0
2026-07-23 06:46:53.756972,4f:bb:00:00:02:0f,20.375,59.4375,False,88.1470588235294,6395434.5
2026-07-23 07:07:53.864119,4f:bb:00:00:02:0f,20.25,59.4375,False,88.1470588235294,6396697.0
2026-07-23 07:28:53.978553,4f:bb:00:00:02:0f,20.1875,59.1875,False,88.1470588235294,6397958.5
2026-07-23 07:49:54.058301,4f:bb:00:00:02:0f,20.0625,59.1875,False,88.1470588235294,6399217.0
2026-07-23 08:10:54.086193,4f:bb:00:00:02:0f,20.0625,59.25,False,88.1470588235294,6400478.0
2026-07-23 08:31:54.195447,4f:bb:00:00:02:0f,20.0,59.25,False,88.11764705882354,6401738.0
2026-07-23 08:52:54.255570,4f:bb:00:00:02:0f,20.0,59.25,False,88.11764705882354,6403000.0
2026-07-23 09:13:54.350938,4f:bb:00:00:02:0f,20.0,59.25,False,88.11764705882354,6404258.5
2026-07-23 09:34:54.357574,4f:bb:00:00:02:0f,20.0,59.3125,False,88.08823529411765,6405517.0
2026-07-23 09:55:54.495420,4f:bb:00:00:02:0f,20.0625,59.3125,False,88.11764705882354,6406780.0
2026-07-23 10:16:54.551987,4f:bb:00:00:02:0f,20.125,59.375,False,88.11764705882354,6408041.0
2026-07-23 10:37:54.553734,4f:bb:00:00:02:0f,20.25,59.6875,False,88.1029411764706,6409299.0
2026-07-23 10:58:54.593383,4f:bb:00:00:02:0f,20.375,59.75,False,88.1470588235294,6410558.0
2026-07-23 11:19:54.693408,4f:bb:00:00:02:0f,20.5625,59.875,False,88.1470588235294,6411818.0
2026-07-23 11:40:54.771889,4f:bb:00:00:02:0f,20.6875,59.9375,False,88.11764705882354,6413080.0
2026-07-23 12:01:54.838599,4f:bb:00:00:02:0f,20.875,59.9375,False,88.1470588235294,6414337.0
2026-07-23 12:22:54.973186,4f:bb:00:00:02:0f,21.0625,60.0625,False,88.1470588235294,6415600.0
2026-07-23 12:43:55.085626,4f:bb:00:00:02:0f,21.25,60.4375,False,88.1470588235294,6416860.5
2026-07-23 13:04:55.176973,4f:bb:00:00:02:0f,21.5625,60.5625,False,88.1470588235294,6418117.5
2026-07-23 13:25:55.289705,4f:bb:00:00:02:0f,21.8125,60.625,False,88.1470588235294,6419380.0
2026-07-23 13:46:55.348114,4f:bb:00:00:02:0f,22.125,61.0,False,88.17647058823529,6420639.0
2026-07-23 14:07:55.420890,4f:bb:00:00:02:0f,22.375,61.0625,False,88.20588235294117,6421898.0
2026-07-23 14:28:55.460840,4f:bb:00:00:02:0f,22.625,61.125,False,88.17647058823529,6423161.0
2026-07-23 14:49:55.529062,4f:bb:00:00:02:0f,22.8125,61.375,False,88.17647058823529,6424422.0
2026-07-23 15:10:55.571492,4f:bb:00:00:02:0f,22.9375,61.375,False,88.17647058823529,6425678.5
2026-07-23 15:31:55.566088,4f:bb:00:00:02:0f,23.125,61.4375,False,88.17647058823529,6426940.5
2026-07-23 15:52:55.657852,4f:bb:00:00:02:0f,23.3125,61.5,False,88.20588235294117,6428203.0
2026-07-23 16:13:55.744956,4f:bb:00:00:02:0f,23.5,61.5,False,88.17647058823529,6429460.0
2026-07-23 16:34:55.856884,4f:bb:00:00:02:0f,23.625,61.75,False,88.20588235294117,6430721.0
2026-07-23 16:55:55.980341,4f:bb:00:00:02:0f,23.75,61.8125,False,88.20588235294117,6431980.0
2026-07-23 17:16:56.050946,4f:bb:00:00:02:0f,23.9375,61.8125,False,88.20588235294117,6433244.0
2026-07-23 17:37:56.160053,4f:bb:00:00:02:0f,24.0,61.8125,False,88.25,6434503.0
2026-07-23 17:58:56.170392,4f:bb:00:00:02:0f,24.125,61.875,False,88.26470588235294,6435766.0
2026-07-23 18:19:56.266549,4f:bb:00:00:02:0f,24.1875,61.875,False,88.23529411764706,6437020.0
2026-07-23 18:40:56.378793,4f:bb:00:00:02:0f,24.3125,61.875,False,88.26470588235294,6438283.0
2026-07-23 19:01:56.506081,4f:bb:00:00:02:0f,24.4375,61.875,False,88.26470588235294,6439541.0
2026-07-23 19:22:56.570026,4f:bb:00:00:02:0f,24.4375,61.875,False,88.29411764705883,6440801.0
2026-07-23 19:43:56.672064,4f:bb:00:00:02:0f,24.375,61.75,False,88.26470588235294,6442063.0
2026-07-23 20:04:56.664481,4f:bb:00:00:02:0f,24.25,61.625,False,88.29411764705883,6443320.5
2026-07-23 20:25:56.811225,4f:bb:00:00:02:0f,24.125,61.5625,False,88.26470588235294,6444584.0
2026-07-23 20:46:56.822696,4f:bb:00:00:02:0f,23.9375,61.4375,False,88.26470588235294,6445840.0
2026-07-23 21:07:56.934140,4f:bb:00:00:02:0f,23.75,61.375,False,88.29411764705883,6447103.0
2026-07-23 21:28:56.967659,4f:bb:00:00:02:0f,23.625,61.375,False,88.26470588235294,6448362.0
2026-07-23 21:49:57.062005,4f:bb:00:00:02:0f,23.5,61.0625,False,88.26470588235294,6449621.0
2026-07-23 22:10:57.092004,4f:bb:00:00:02:0f,23.3125,61.0,False,88.26470588235294,6450882.0
2026-07-23 22:31:57.141630,4f:bb:00:00:02:0f,23.25,61.0,False,88.26470588235294,6452144.0
2026-07-23 22:52:57.222084,4f:bb:00:00:02:0f,23.125,61.0,False,88.26470588235294,6453405.0
2026-07-23 23:13:57.303447,4f:bb:00:00:02:0f,23.0625,61.0,False,88.23529411764706,6454661.0
2026-07-23 23:34:57.448703,4f:bb:00:00:02:0f,23.0625,61.0,False,88.26470588235294,6455925.5
2026-07-23 23:55:57.461018,4f:bb:00:00:02:0f,23.0,61.0,False,88.26470588235294,6457183.0
2026-07-24 00:16:57.589213,4f:bb:00:00:02:0f,23.0,61.0,False,88.23529411764706,6458446.0
2026-07-24 00:37:57.643614,4f:bb:00:00:02:0f,23.0,61.0,False,88.26470588235294,6459706.0
2026-07-24 00:58:57.732465,4f:bb:00:00:02:0f,23.0,61.0,False,88.26470588235294,6460964.0
2026-07-24 01:19:57.771974,4f:bb:00:00:02:0f,22.875,60.9375,False,88.26470588235294,6462223.5
2026-07-24 01:40:57.807154,4f:bb:00:00:02:0f,22.8125,60.9375,False,88.23529411764706,6463486.0
2026-07-24 02:01:57.848014,4f:bb:00:00:02:0f,22.75,60.6875,False,88.26470588235294,6464740.5
2026-07-24 02:22:57.919899,4f:bb:00:00:02:0f,22.6875,60.625,False,88.26470588235294,6466004.0
2026-07-24 02:43:57.999428,4f:bb:00:00:02:0f,22.5625,60.625,False,88.23529411764706,6467264.0
2026-07-24 03:04:58.082777,4f:bb:00:00:02:0f,22.5,60.5625,False,88.26470588235294,6468526.0
2026-07-24 03:25:58.173626,4f:bb:00:00:02:0f,22.375,60.5625,False,88.23529411764706,6469785.0
2026-07-24 03:46:58.269150,4f:bb:00:00:02:0f,22.3125,60.5,False,88.23529411764706,6471045.0
2026-07-24 04:07:58.322118,4f:bb:00:00:02:0f,22.1875,60.4375,False,88.20588235294117,6472304.0
2026-07-24 04:28:58.439566,4f:bb:00:00:02:0f,22.0625,60.4375,False,88.23529411764706,6473566.0
2026-07-24 04:49:58.534352,4f:bb:00:00:02:0f,21.9375,60.375,False,88.23529411764706,6474826.0
2026-07-24 05:10:58.607625,4f:bb:00:00:02:0f,21.875,60.125,False,88.23529411764706,6476086.0
2026-07-24 05:31:58.722000,4f:bb:00:00:02:0f,21.75,60.125,False,88.23529411764706,6477346.0
2026-07-24 05:52:58.696818,4f:bb:00:00:02:0f,21.625,60.0625,False,88.20588235294117,6478601.0
2026-07-24 06:13:58.815897,4f:bb:00:00:02:0f,21.5625,60.0625,False,88.23529411764706,6479867.0
2026-07-24 06:34:58.881403,4f:bb:00:00:02:0f,21.4375,60.0625,False,88.20588235294117,6481126.5
2026-07-24 06:55:58.978343,4f:bb:00:00:02:0f,21.375,60.0625,False,88.20588235294117,6482386.5
2026-07-24 07:16:59.080343,4f:bb:00:00:02:0f,21.3125,60.0625,False,88.20588235294117,6483646.5
2026-07-24 07:37:59.199841,4f:bb:00:00:02:0f,21.25,60.0625,False,88.20588235294117,6484908.0
2026-07-24 07:58:59.251967,4f:bb:00:00:02:0f,21.25,60.0625,False,88.20588235294117,6486167.0
2026-07-24 08:19:59.291038,4f:bb:00:00:02:0f,21.1875,60.0625,False,88.20588235294117,6487427.0
2026-07-24 08:40:59.395234,4f:bb:00:00:02:0f,21.1875,60.0625,False,88.20588235294117,6488686.0
2026-07-24 09:01:59.417970,4f:bb:00:00:02:0f,21.1875,60.0625,False,88.20588235294117,6489949.5
2026-07-24 09:22:59.561777,4f:bb:00:00:02:0f,21.25,60.125,False,88.20588235294117,6491206.5
2026-07-24 09:43:59.624917,4f:bb:00:00:02:0f,21.3125,60.1875,False,88.20588235294117,6492467.0
2026-07-24 10:04:59.657540,4f:bb:00:00:02:0f,21.5,60.3125,False,88.20588235294117,6493730.0
2026-07-24 10:25:59.767229,4f:bb:00:00:02:0f,21.6875,60.375,False,88.19117647058823,6494988.0
2026-07-24 10:46:59.770075,4f:bb:00:00:02:0f,21.9375,60.75,False,88.20588235294117,6496247.0
2026-07-24 11:07:59.847145,4f:bb:00:00:02:0f,22.125,60.8125,False,88.23529411764706,6497506.0
2026-07-24 11:28:59.928846,4f:bb:00:00:02:0f,22.375,60.875,False,88.23529411764706,6498767.0
2026-07-24 11:50:00.047978,4f:bb:00:00:02:0f,22.625,61.0,False,88.23529411764706,6500028.0
2026-07-24 12:11:00.121692,4f:bb:00:00:02:0f,22.875,61.3125,False,88.23529411764706,6501286.5
2026-07-24 12:32:00.267477,4f:bb:00:00:02:0f,23.125,61.375,False,88.23529411764706,6502549.0
2026-07-24 12:53:00.349200,4f:bb:00:00:02:0f,23.375,61.4375,False,88.23529411764706,6503810.0
2026-07-24 13:14:00.412283,4f:bb:00:00:02:0f,23.625,61.8125,False,88.23529411764706,6505064.0
2026-07-24 13:35:00.497303,4f:bb:00:00:02:0f,23.875,61.875,False,88.23529411764706,6506330.0
2026-07-24 13:56:00.622941,4f:bb:00:00:02:0f,24.125,62.0,False,88.26470588235294,6507591.0
2026-07-24 14:17:00.687650,4f:bb:00:00:02:0f,24.4375,62.0625,False,88.26470588235294,6508848.0
2026-07-24 14:38:00.718844,4f:bb:00:00:02:0f,24.625,62.3125,False,88.26470588235294,6510111.0
2026-07-24 14:59:00.759811,4f:bb:00:00:02:0f,24.8125,62.375,False,88.26470588235294,6511369.0
2026-07-24 15:20:00.855667,4f:bb:00:00:02:0f,25.0,62.375,False,88.26470588235294,6512629.5
2026-07-24 15:41:00.943025,4f:bb:00:00:02:0f,25.1875,62.4375,False,88.29411764705883,6513890.0
2026-07-24 16:02:00.992167,4f:bb:00:00:02:0f,25.4375,62.75,False,88.32352941176471,6515152.0
2026-07-24 16:23:01.083616,4f:bb:00:00:02:0f,25.625,62.8125,False,88.32352941176471,6516412.0
2026-07-24 16:44:01.160805,4f:bb:00:00:02:0f,25.8125,62.8125,False,88.32352941176471,6517669.0
2026-07-24 17:05:01.272771,4f:bb:00:00:02:0f,26.0,62.875,False,88.3529411764706,6518932.0
2026-07-24 17:26:01.373343,4f:bb:00:00:02:0f,26.1875,63.125,False,88.3529411764706,6520189.5
2026-07-24 17:47:01.463587,4f:bb:00:00:02:0f,26.375,63.1875,False,88.3529411764706,6521449.0
2026-07-24 18:08:01.516778,4f:bb:00:00:02:0f,26.5,63.1875,False,88.3529411764706,6522713.0
2026-07-24 18:29:01.622581,4f:bb:00:00:02:0f,26.6875,63.1875,False,88.3529411764706,6523972.0
2026-07-24 18:50:01.716303,4f:bb:00:00:02:0f,26.8125,63.1875,False,88.38235294117646,6525232.0
2026-07-24 19:11:01.739301,4f:bb:00:00:02:0f,26.875,63.1875,False,88.3529411764706,6526490.0
2026-07-24 19:32:01.793542,4f:bb:00:00:02:0f,27.0,63.1875,False,88.3529411764706,6527749.0
2026-07-24 19:53:01.809738,4f:bb:00:00:02:0f,27.0,63.375,False,88.41176470588235,6529013.0
2026-07-24 20:14:01.922094,4f:bb:00:00:02:0f,27.0625,63.3125,False,88.41176470588235,6530272.0
2026-07-24 20:35:02.052766,4f:bb:00:00:02:0f,27.0,63.0,False,88.41176470588235,6531529.5
2026-07-24 20:56:02.029226,4f:bb:00:00:02:0f,26.875,62.9375,False,88.41176470588235,6532792.0
2026-07-24 21:17:02.129684,4f:bb:00:00:02:0f,26.8125,62.875,False,88.44117647058823,6534053.5
2026-07-24 21:38:02.208839,4f:bb:00:00:02:0f,26.75,62.8125,False,88.44117647058823,6535313.0
2026-07-24 21:59:02.278154,4f:bb:00:00:02:0f,26.6875,62.8125,False,88.44117647058823,6536575.0
2026-07-24 22:20:02.412384,4f:bb:00:00:02:0f,26.625,62.75,False,88.44117647058823,6537832.0
2026-07-24 22:41:02.388630,4f:bb:00:00:02:0f,26.5625,62.75,False,88.44117647058823,6539096.0
2026-07-24 23:02:02.444464,4f:bb:00:00:02:0f,26.5,62.75,False,88.44117647058823,6540354.0
2026-07-24 23:23:02.468369,4f:bb:00:00:02:0f,26.5,62.6875,False,88.44117647058823,6541613.0
2026-07-24 23:44:02.530454,4f:bb:00:00:02:0f,26.5,62.6875,False,88.47058823529412,6542873.0
2026-07-25 00:05:02.661871,4f:bb:00:00:02:0f,26.5,62.6875,False,88.41176470588235,6544132.0
2026-07-25 00:26:02.700856,4f:bb:00:00:02:0f,26.5,62.6875,False,88.47058823529412,6545394.0
2026-07-25 00:47:02.820093,4f:bb:00:00:02:0f,26.4375,62.625,False,88.47058823529412,6546655.0
2026-07-25 01:08:02.922582,4f:bb:00:00:02:0f,26.3125,62.5,False,88.44117647058823,6547912.0
2026-07-25 01:29:03.006316,4f:bb:00:00:02:0f,26.25,62.4375,False,88.47058823529412,6549173.0
2026-07-25 01:50:03.145800,4f:bb:00:00:02:0f,26.0625,62.125,False,88.44117647058823,6550436.0
2026-07-25 02:11:03.217294,4f:bb:00:00:02:0f,25.875,62.0,False,88.44117647058823,6551695.0
2026-07-25 02:32:03.312883,4f:bb:00:00:02:0f,25.6875,61.9375,False,88.47058823529412,6552955.0
2026-07-25 02:53:03.444540,4f:bb:00:00:02:0f,25.5,61.8125,False,88.47058823529412,6554215.5
2026-07-25 03:14:03.560172,4f:bb:00:00:02:0f,25.3125,61.75,False,88.47058823529412,6555473.0
2026-07-25 03:35:03.602336,4f:bb:00:00:02:0f,25.125,61.4375,False,88.47058823529412,6556735.5
2026-07-25 03:56:03.677022,4f:bb:00:00:02:0f,24.9375,61.375,False,88.44117647058823,6557992.5
2026-07-25 04:17:03.801951,4f:bb:00:00:02:0f,24.6875,61.3125,False,88.47058823529412,6559256.0
2026-07-25 04:38:03.899929,4f:bb:00:00:02:0f,24.5625,61.25,False,88.44117647058823,6560515.0
2026-07-25 04:59:03.973584,4f:bb:00:00:02:0f,24.3125,60.9375,False,88.44117647058823,6561776.0
2026-07-25 05:20:04.014638,4f:bb:00:00:02:0f,24.125,60.875,False,88.44117647058823,6563036.0
2026-07-25 05:41:04.052022,4f:bb:00:00:02:0f,23.9375,60.8125,False,88.44117647058823,6564295.5
2026-07-25 06:02:04.149512,4f:bb:00:00:02:0f,23.6875,60.6875,False,88.44117647058823,6565555.5
2026-07-25 06:23:04.182525,4f:bb:00:00:02:0f,23.5,60.4375,False,88.44117647058823,6566816.0
2026-07-25 06:44:04.279161,4f:bb:00:00:02:0f,23.3125,60.375,False,88.44117647058823,6568075.0
2026-07-25 07:05:04.365407,4f:bb:00:00:02:0f,23.125,60.3125,False,88.41176470588235,6569338.0
2026-07-25 07:26:04.451797,4f:bb:00:00:02:0f,22.9375,60.25,False,88.38235294117646,6570598.5
2026-07-25 07:47:04.485209,4f:bb:00:00:02:0f,22.8125,60.1875,False,88.38235294117646,6571855.5
2026-07-25 08:08:04.590192,4f:bb:00:00:02:0f,22.625,59.9375,False,88.41176470588235,6573117.0
2026-07-25 08:29:04.716339,4f:bb:00:00:02:0f,22.5625,59.9375,False,88.38235294117646,6574378.5
2026-07-25 08:50:04.811677,4f:bb:00:00:02:0f,22.5,59.9375,False,88.38235294117646,6575635.5
2026-07-25 09:11:04.883085,4f:bb:00:00:02:0f,22.5,60.0,False,88.36764705882354,6576895.5
2026-07-25 09:32:04.865358,4f:bb:00:00:02:0f,22.5,60.0,False,88.38235294117646,6578157.5
2026-07-25 09:53:04.898433,4f:bb:00:00:02:0f,22.625,60.0625,False,88.38235294117646,6579416.0
2026-07-25 10:14:04.912144,4f:bb:00:00:02:0f,22.6875,60.125,False,88.38235294117646,6580676.0
2026-07-25 10:35:05.011838,4f:bb:00:00:02:0f,22.8125,60.3125,False,88.38235294117646,6581937.0
2026-07-25 10:56:05.036888,4f:bb:00:00:02:0f,22.8125,60.3125,False,88.38235294117646,6583196.0
2026-07-25 11:17:05.161306,4f:bb:00:00:02:0f,22.8125,60.3125,False,88.38235294117646,6584456.0
2026-07-25 11:38:05.222210,4f:bb:00:00:02:0f,22.875,60.375,False,88.38235294117646,6585721.5
2026-07-25 11:59:05.197215,4f:bb:00:00:02:0f,23.0,60.4375,False,88.3529411764706,6586977.0
2026-07-25 12:20:05.294304,4f:bb:00:00:02:0f,23.1875,60.5,False,88.38235294117646,6588239.0
2026-07-25 12:41:05.371588,4f:bb:00:00:02:0f,23.375,60.625,False,88.38235294117646,6589496.0
2026-07-25 13:02:05.467491,4f:bb:00:00:02:0f,23.5625,60.6875,False,88.41176470588235,6590756.0
2026-07-25 13:23:05.534504,4f:bb:00:00:02:0f,23.8125,61.0625,False,88.38235294117646,6592021.0
2026-07-25 13:44:05.645698,4f:bb:00:00:02:0f,24.125,61.125,False,88.38235294117646,6593278.5
2026-07-25 14:05:05.690065,4f:bb:00:00:02:0f,24.375,61.25,False,88.41176470588235,6594538.5
2026-07-25 14:26:05.726979,4f:bb:00:00:02:0f,24.6875,61.5625,False,88.41176470588235,6595799.0
2026-07-25 14:47:05.744673,4f:bb:00:00:02:0f,24.9375,61.6875,False,88.41176470588235,6597060.0
2026-07-25 15:08:05.845019,4f:bb:00:00:02:0f,25.1875,61.75,False,88.42647058823529,6598320.0
2026-07-25 15:29:05.927296,4f:bb:00:00:02:0f,25.5,62.0625,False,88.44117647058823,6599578.5
2026-07-25 15:50:06.008933,4f:bb:00:00:02:0f,25.75,62.125,False,88.44117647058823,6600841.0
2026-07-25 16:11:06.106495,4f:bb:00:00:02:0f,26.0,62.125,False,88.41176470588235,6602099.0
2026-07-25 16:32:06.187442,4f:bb:00:00:02:0f,26.1875,62.4375,False,88.44117647058823,6603358.0
2026-07-25 16:53:06.288713,4f:bb:00:00:02:0f,26.4375,62.5,False,88.47058823529412,6604621.5
2026-07-25 17:14:06.398747,4f:bb:00:00:02:0f,26.625,62.5,False,88.5,6605880.0
2026-07-25 17:35:06.481914,4f:bb:00:00:02:0f,26.875,62.5625,False,88.5,6607138.0
2026-07-25 17:56:06.598362,4f:bb:00:00:02:0f,27.0625,62.8125,False,88.5,6608400.0
2026-07-25 18:17:06.608242,4f:bb:00:00:02:0f,27.25,62.8125,False,88.51470588235294,6609660.0
2026-07-25 18:38:06.644194,4f:bb:00:00:02:0f,27.3125,62.75,False,88.5,6610918.5
2026-07-25 18:59:06.731831,4f:bb:00:00:02:0f,27.375,62.6875,False,88.52941176470588,6612181.0
2026-07-25 19:20:06.752948,4f:bb:00:00:02:0f,27.375,62.625,False,88.52941176470588,6613439.0
2026-07-25 19:41:06.844617,4f:bb:00:00:02:0f,27.3125,62.5,False,88.51470588235294,6614700.5
2026-07-25 20:02:06.914327,4f:bb:00:00:02:0f,27.25,62.4375,False,88.5,6615961.0
2026-07-25 20:23:07.025358,4f:bb:00:00:02:0f,27.1875,62.3125,False,88.52941176470588,6617224.0
2026-07-25 20:44:07.012111,4f:bb:00:00:02:0f,27.0625,62.25,False,88.52941176470588,6618481.0
2026-07-25 21:05:07.122043,4f:bb:00:00:02:0f,26.9375,61.9375,False,88.52941176470588,6619742.0
2026-07-25 21:26:07.213891,4f:bb:00:00:02:0f,26.8125,61.8125,False,88.52941176470588,6621003.0
2026-07-25 21:47:07.323996,4f:bb:00:00:02:0f,26.6875,61.75,False,88.52941176470588,6622261.0
2026-07-25 22:08:07.459114,4f:bb:00:00:02:0f,26.5,61.625,False,88.52941176470588,6623523.0
2026-07-25 22:29:07.572727,4f:bb:00:00:02:0f,26.375,61.5625,False,88.52941176470588,6624784.0
2026-07-25 22:50:07.633564,4f:bb:00:00:02:0f,26.25,61.5625,False,88.52941176470588,6626044.5
2026-07-25 23:11:07.737119,4f:bb:00:00:02:0f,26.125,61.25,False,88.52941176470588,6627304.0
2026-07-25 23:32:07.844522,4f:bb:00:00:02:0f,26.0625,61.1875,False,88.52941176470588,6628561.0
2026-07-25 23:53:07.921784,4f:bb:00:00:02:0f,25.9375,61.125,False,88.52941176470588,6629825.0
2026-07-26 00:14:08.061895,4f:bb:00:00:02:0f,25.8125,61.0625,False,88.55882352941177,6631082.0
2026-07-26 00:35:08.130124,4f:bb:00:00:02:0f,25.625,61.0,False,88.55882352941177,6632345.0
2026-07-26 00:56:08.173302,4f:bb:00:00:02:0f,25.4375,60.875,False,88.52941176470588,6633604.0
2026-07-26 01:17:08.284949,4f:bb:00:00:02:0f,25.1875,60.5625,False,88.52941176470588,6634861.5
2026-07-26 01:38:08.289161,4f:bb:00:00:02:0f,25.0,60.5,False,88.52941176470588,6636124.0
2026-07-26 01:59:08.368710,4f:bb:00:00:02:0f,24.8125,60.375,False,88.52941176470588,6637385.0
2026-07-26 02:20:08.496864,4f:bb:00:00:02:0f,24.5625,60.3125,False,88.5,6638639.0
2026-07-26 02:41:08.528625,4f:bb:00:00:02:0f,24.375,60.0,False,88.52941176470588,6639903.5
2026-07-26 03:02:08.623585,4f:bb:00:00:02:0f,24.125,59.9375,False,88.5,6641162.5
2026-07-26 03:23:08.757092,4f:bb:00:00:02:0f,23.9375,59.8125,False,88.5,6642418.5
2026-07-26 03:44:08.782108,4f:bb:00:00:02:0f,23.6875,59.75,False,88.48529411764706,6643686.0
2026-07-26 04:05:08.856928,4f:bb:00:00:02:0f,23.4375,59.4375,False,88.47058823529412,6644941.5
2026-07-26 04:26:08.876145,4f:bb:00:00:02:0f,23.1875,59.375,False,88.47058823529412,6646204.5
2026-07-26 04:47:08.969110,4f:bb:00:00:02:0f,23.0,59.3125,False,88.47058823529412,6647466.0
2026-07-26 05:08:09.046673,4f:bb:00:00:02:0f,22.8125,59.25,False,88.44117647058823,6648724.0
2026-07-26 05:29:09.114790,4f:bb:00:00:02:0f,22.625,59.0,False,88.44117647058823,6649984.5
2026-07-26 05:50:09.241410,4f:bb:00:00:02:0f,22.4375,58.9375,False,88.44117647058823,6651245.0
2026-07-26 06:11:09.342030,4f:bb:00:00:02:0f,22.25,58.875,False,88.41176470588235,6652507.0
2026-07-26 06:32:09.350863,4f:bb:00:00:02:0f,22.0625,58.8125,False,88.44117647058823,6653765.0
2026-07-26 06:53:09.360231,4f:bb:00:00:02:0f,21.9375,58.8125,False,88.41176470588235,6655024.0
2026-07-26 07:14:09.464182,4f:bb:00:00:02:0f,21.8125,58.5625,False,88.38235294117646,6656286.5
2026-07-26 07:35:09.558184,4f:bb:00:00:02:0f,21.6875,58.5625,False,88.41176470588235,6657545.0
2026-07-26 07:56:09.651815,4f:bb:00:00:02:0f,21.625,58.5625,False,88.41176470588235,6658804.0
2026-07-26 08:17:09.666008,4f:bb:00:00:02:0f,21.5625,58.5625,False,88.38235294117646,6660065.0
2026-07-26 08:38:09.772579,4f:bb:00:00:02:0f,21.5,58.5625,False,88.3529411764706,6661327.0
2026-07-26 08:59:09.891348,4f:bb:00:00:02:0f,21.4375,58.5625,False,88.3529411764706,6662586.5
2026-07-26 09:20:09.993444,4f:bb:00:00:02:0f,21.4375,58.5625,False,88.3529411764706,6663844.0
2026-07-26 09:41:09.968762,4f:bb:00:00:02:0f,21.5625,58.6875,False,88.32352941176471,6665105.0
2026-07-26 10:02:09.972131,4f:bb:00:00:02:0f,21.6875,58.75,False,88.3529411764706,6666365.0
2026-07-26 10:23:10.076505,4f:bb:00:00:02:0f,21.875,58.875,False,88.3529411764706,6667624.5
2026-07-26 10:44:10.138929,4f:bb:00:00:02:0f,22.0625,59.25,False,88.3529411764706,6668886.5
2026-07-26 11:05:10.251515,4f:bb:00:00:02:0f,22.3125,59.375,False,88.38235294117646,6670147.0
2026-07-26 11:26:10.344588,4f:bb:00:00:02:0f,22.625,59.5,False,88.3529411764706,6671408.0
2026-07-26 11:47:10.436353,4f:bb:00:00:02:0f,22.875,59.8125,False,88.38235294117646,6672664.5
2026-07-26 12:08:10.531561,4f:bb:00:00:02:0f,23.125,59.875,False,88.41176470588235,6673928.0
2026-07-26 12:29:10.619314,4f:bb:00:00:02:0f,23.375,59.9375,False,88.38235294117646,6675188.0
2026-07-26 12:50:10.689936,4f:bb:00:00:02:0f,23.5625,60.0,False,88.38235294117646,6676450.0
2026-07-26 13:11:10.759577,4f:bb:00:00:02:0f,23.75,60.25,False,88.41176470588235,6677708.0
2026-07-26 13:32:10.846685,4f:bb:00:00:02:0f,23.9375,60.3125,False,88.38235294117646,6678969.5
2026-07-26 13:53:10.936236,4f:bb:00:00:02:0f,24.0625,60.3125,False,88.41176470588235,6680227.5
2026-07-26 14:14:11.003596,4f:bb:00:00:02:0f,24.25,60.375,False,88.41176470588235,6681489.0
2026-07-26 14:35:11.127415,4f:bb:00:00:02:0f,24.3125,60.375,False,88.38235294117646,6682750.5
2026-07-26 14:56:11.200118,4f:bb:00:00:02:0f,24.375,60.375,False,88.41176470588235,6684008.0
2026-07-26 15:17:11.275314,4f:bb:00:00:02:0f,24.4375,60.375,False,88.44117647058823,6685269.0
2026-07-26 15:38:11.387331,4f:bb:00:00:02:0f,24.5,60.625,False,88.41176470588235,6686530.0
2026-07-26 15:59:11.480981,4f:bb:00:00:02:0f,24.5625,60.625,False,88.41176470588235,6687790.5
2026-07-26 16:20:11.508884,4f:bb:00:00:02:0f,24.625,60.6875,False,88.41176470588235,6689048.0
2026-07-26 16:41:11.566645,4f:bb:00:00:02:0f,24.75,60.6875,False,88.44117647058823,6690307.5
2026-07-26 17:02:11.626629,4f:bb:00:00:02:0f,24.8125,60.75,False,88.44117647058823,6691570.5
2026-07-26 17:23:11.643052,4f:bb:00:00:02:0f,24.875,60.75,False,88.44117647058823,6692830.0
2026-07-26 17:44:11.732479,4f:bb:00:00:02:0f,25.0,60.8125,False,88.44117647058823,6694089.0
2026-07-26 18:05:11.843547,4f:bb:00:00:02:0f,25.0625,60.8125,False,88.44117647058823,6695350.5
2026-07-26 18:26:11.848340,4f:bb:00:00:02:0f,25.125,60.8125,False,88.47058823529412,6696607.0
2026-07-26 18:47:11.933811,4f:bb:00:00:02:0f,25.1875,60.8125,False,88.47058823529412,6697871.0
2026-07-26 19:08:12.052897,4f:bb:00:00:02:0f,25.1875,60.8125,False,88.47058823529412,6699130.5
2026-07-26 19:29:12.091388,4f:bb:00:00:02:0f,25.25,60.875,False,88.47058823529412,6700387.5
2026-07-26 19:50:12.164493,4f:bb:00:00:02:0f,25.3125,61.125,False,88.47058823529412,6701650.5
2026-07-26 20:11:12.260232,4f:bb:00:00:02:0f,25.4375,61.1875,False,88.47058823529412,6702909.0
2026-07-26 20:32:12.355540,4f:bb:00:00:02:0f,25.5,61.1875,False,88.48529411764706,6704172.0
2026-07-26 20:53:12.462994,4f:bb:00:00:02:0f,25.5625,61.1875,False,88.5,6705427.5
2026-07-26 21:14:12.541282,4f:bb:00:00:02:0f,25.6875,61.25,False,88.47058823529412,6706690.5
2026-07-26 21:35:12.653766,4f:bb:00:00:02:0f,25.75,61.25,False,88.47058823529412,6707951.0
2026-07-26 21:56:12.663432,4f:bb:00:00:02:0f,25.8125,61.25,False,88.5,6709212.0
2026-07-26 22:17:12.794790,4f:bb:00:00:02:0f,25.8125,61.1875,False,88.5,6710472.0
2026-07-26 22:38:12.852413,4f:bb:00:00:02:0f,25.75,61.125,False,88.5,6711731.0
2026-07-26 22:59:13.036235,4f:bb:00:00:02:0f,25.6875,61.0625,False,88.47058823529412,6712993.0
2026-07-26 23:20:13.031591,4f:bb:00:00:02:0f,25.5625,61.0,False,88.5,6714251.0
2026-07-26 23:41:13.157724,4f:bb:00:00:02:0f,25.5,60.9375,False,88.5,6715513.5
2026-07-27 00:02:13.236285,4f:bb:00:00:02:0f,25.375,60.875,False,88.5,6716771.5
2026-07-27 00:23:13.244464,4f:bb:00:00:02:0f,25.3125,60.625,False,88.52941176470588,6718037.0
2026-07-27 00:44:13.272403,4f:bb:00:00:02:0f,25.125,60.5,False,88.5,6719293.0
2026-07-27 01:05:13.378445,4f:bb:00:00:02:0f,24.875,60.375,False,88.5,6720553.0
2026-07-27 01:26:13.480153,4f:bb:00:00:02:0f,24.6875,60.3125,False,88.5,6721811.0
2026-07-27 01:47:13.523078,4f:bb:00:00:02:0f,24.4375,60.25,False,88.47058823529412,6723071.5
2026-07-27 02:08:13.632755,4f:bb:00:00:02:0f,24.25,59.9375,False,88.47058823529412,6724334.0
2026-07-27 02:29:13.708225,4f:bb:00:00:02:0f,24.0625,59.875,False,88.47058823529412,6725592.0
2026-07-27 02:50:13.797366,4f:bb:00:00:02:0f,23.9375,59.8125,False,88.47058823529412,6726853.0
2026-07-27 03:11:13.928170,4f:bb:00:00:02:0f,23.75,59.8125,False,88.44117647058823,6728113.5
2026-07-27 03:32:14.033074,4f:bb:00:00:02:0f,23.625,59.75,False,88.47058823529412,6729373.5
2026-07-27 03:53:14.126774,4f:bb:00:00:02:0f,23.5,59.5,False,88.44117647058823,6730633.5
2026-07-27 04:14:14.138915,4f:bb:00:00:02:0f,23.3125,59.4375,False,88.44117647058823,6731891.0
2026-07-27 04:35:14.250187,4f:bb:00:00:02:0f,23.1875,59.375,False,88.47058823529412,6733153.0
2026-07-27 04:56:14.274470,4f:bb:00:00:02:0f,23.0625,59.375,False,88.42647058823529,6734415.0
2026-07-27 05:17:14.381612,4f:bb:00:00:02:0f,22.9375,59.3125,False,88.42647058823529,6735675.0
2026-07-27 05:38:14.476604,4f:bb:00:00:02:0f,22.8125,59.25,False,88.41176470588235,6736934.0
2026-07-27 05:59:14.596919,4f:bb:00:00:02:0f,22.6875,59.0,False,88.41176470588235,6738193.5
2026-07-27 06:20:14.714173,4f:bb:00:00:02:0f,22.5,58.9375,False,88.41176470588235,6739456.5
2026-07-27 06:41:14.760041,4f:bb:00:00:02:0f,22.4375,58.9375,False,88.41176470588235,6740713.0
2026-07-27 07:02:14.798069,4f:bb:00:00:02:0f,22.3125,58.9375,False,88.38235294117646,6741975.0
2026-07-27 07:23:14.881624,4f:bb:00:00:02:0f,22.1875,58.875,False,88.41176470588235,6743236.0
2026-07-27 07:44:14.971516,4f:bb:00:00:02:0f,22.125,58.875,False,88.38235294117646,6744497.0
2026-07-27 08:05:15.084949,4f:bb:00:00:02:0f,22.0625,58.875,False,88.38235294117646,6745755.5
2026-07-27 08:26:15.202124,4f:bb:00:00:02:0f,22.0,58.875,False,88.38235294117646,6747013.5
2026-07-27 08:47:15.275801,4f:bb:00:00:02:0f,22.0,58.875,False,88.3529411764706,6748274.0
2026-07-27 09:08:15.262785,4f:bb:00:00:02:0f,22.0,58.9375,False,88.3529411764706,6749537.0
2026-07-27 09:29:15.292773,4f:bb:00:00:02:0f,22.125,59.0,False,88.38235294117646,6750795.0
2026-07-27 09:50:15.350825,4f:bb:00:00:02:0f,22.1875,59.0625,False,88.3529411764706,6752056.0
2026-07-27 10:11:15.400771,4f:bb:00:00:02:0f,22.3125,59.0625,False,88.3529411764706,6753314.0
2026-07-27 10:32:15.504893,4f:bb:00:00:02:0f,22.375,59.0625,False,88.38235294117646,6754578.0
2026-07-27 10:53:15.572563,4f:bb:00:00:02:0f,22.4375,59.0625,False,88.32352941176471,6755834.5
2026-07-27 11:14:15.682037,4f:bb:00:00:02:0f,22.5,59.125,False,88.36764705882354,6757099.0
2026-07-27 11:35:15.800370,4f:bb:00:00:02:0f,22.5625,59.125,False,88.38235294117646,6758357.0
2026-07-27 11:56:15.860097,4f:bb:00:00:02:0f,22.625,59.1875,False,88.38235294117646,6759618.0
2026-07-27 12:17:16.014537,4f:bb:00:00:02:0f,22.6875,59.1875,False,88.3529411764706,6760876.0
2026-07-27 12:38:16.081883,4f:bb:00:00:02:0f,22.75,59.5,False,88.38235294117646,6762139.0
2026-07-27 12:59:16.215174,4f:bb:00:00:02:0f,22.875,59.5625,False,88.36764705882354,6763399.5
2026-07-27 13:20:16.315227,4f:bb:00:00:02:0f,23.0,59.625,False,88.38235294117646,6764656.5
2026-07-27 13:41:16.423447,4f:bb:00:00:02:0f,23.1875,59.6875,False,88.38235294117646,6765918.0
2026-07-27 14:02:16.490197,4f:bb:00:00:02:0f,23.375,59.75,False,88.3529411764706,6767178.0
2026-07-27 14:23:16.523847,4f:bb:00:00:02:0f,23.5625,59.8125,False,88.3529411764706,6768438.5
2026-07-27 14:44:16.610817,4f:bb:00:00:02:0f,23.6875,60.0625,False,88.38235294117646,6769696.5
2026-07-27 15:05:16.667596,4f:bb:00:00:02:0f,23.875,60.125,False,88.38235294117646,6770958.0
2026-07-27 15:26:16.792122,4f:bb:00:00:02:0f,24.0625,60.1875,False,88.41176470588235,6772219.0
2026-07-27 15:47:16.907049,4f:bb:00:00:02:0f,24.25,60.25,False,88.38235294117646,6773478.5
2026-07-27 16:08:16.989577,4f:bb:00:00:02:0f,24.375,60.3125,False,88.38235294117646,6774739.5
2026-07-27 16:29:17.056144,4f:bb:00:00:02:0f,24.5625,60.5625,False,88.41176470588235,6775997.0
2026-07-27 16:50:17.160374,4f:bb:00:00:02:0f,24.75,60.625,False,88.38235294117646,6777257.0
2026-07-27 17:11:17.238191,4f:bb:00:00:02:0f,24.875,60.625,False,88.3970588235294,6778516.5
2026-07-27 17:32:17.356933,4f:bb:00:00:02:0f,25.0625,60.6875,False,88.41176470588235,6779779.5
2026-07-27 17:53:17.460965,4f:bb:00:00:02:0f,25.1875,60.6875,False,88.41176470588235,6781036.0
2026-07-27 18:14:17.480875,4f:bb:00:00:02:0f,25.3125,60.9375,False,88.44117647058823,6782298.0
2026-07-27 18:35:17.576527,4f:bb:00:00:02:0f,25.4375,60.9375,False,88.44117647058823,6783559.5
2026-07-27 18:56:17.697789,4f:bb:00:00:02:0f,25.5625,61.0,False,88.41176470588235,6784822.5
2026-07-27 19:17:17.807582,4f:bb:00:00:02:0f,25.65625,61.0,False,88.44117647058823,6786079.5
2026-07-27 19:38:17.857190,4f:bb:00:00:02:0f,25.75,61.0,False,88.44117647058823,6787339.0
2026-07-27 19:59:17.930465,4f:bb:00:00:02:0f,25.875,61.0,False,88.44117647058823,6788601.0
2026-07-27 20:20:17.994902,4f:bb:00:00:02:0f,25.9375,61.0,False,88.47058823529412,6789862.0
2026-07-27 20:41:18.083698,4f:bb:00:00:02:0f,26.0,61.0,False,88.47058823529412,6791119.5
2026-07-27 21:02:18.120652,4f:bb:00:00:02:0f,26.0,61.0,False,88.47058823529412,6792379.0
2026-07-27 21:23:18.144755,4f:bb:00:00:02:0f,26.0625,61.0,False,88.44117647058823,6793641.0
2026-07-27 21:44:18.216772,4f:bb:00:00:02:0f,26.125,60.9375,False,88.47058823529412,6794901.0
2026-07-27 22:05:18.352702,4f:bb:00:00:02:0f,26.125,60.9375,False,88.47058823529412,6796162.0
2026-07-27 22:26:18.359657,4f:bb:00:00:02:0f,26.125,60.875,False,88.47058823529412,6797422.0
2026-07-27 22:47:18.430811,4f:bb:00:00:02:0f,26.0625,60.75,False,88.47058823529412,6798682.0
2026-07-27 23:08:18.591189,4f:bb:00:00:02:0f,25.9375,60.6875,False,88.5,6799939.5
2026-07-27 23:29:18.657949,4f:bb:00:00:02:0f,25.75,60.625,False,88.5,6801199.0
2026-07-27 23:50:18.791068,4f:bb:00:00:02:0f,25.625,60.5625,False,88.5,6802462.0
2026-07-28 00:11:18.847246,4f:bb:00:00:02:0f,25.5,60.5,False,88.44117647058823,6803723.0
2026-07-28 00:32:18.954331,4f:bb:00:00:02:0f,25.4375,60.5,False,88.5,6804982.0
2026-07-28 00:53:19.061955,4f:bb:00:00:02:0f,25.3125,60.5,False,88.47058823529412,6806240.0
2026-07-28 01:14:19.146404,4f:bb:00:00:02:0f,25.25,60.25,False,88.5,6807502.5
2026-07-28 01:35:19.178408,4f:bb:00:00:02:0f,25.1875,60.1875,False,88.47058823529412,6808763.0
2026-07-28 01:56:19.309989,4f:bb:00:00:02:0f,25.0625,60.1875,False,88.47058823529412,6810024.0
2026-07-28 02:17:19.374763,4f:bb:00:00:02:0f,25.0,60.125,False,88.48529411764706,6811281.0
2026-07-28 02:38:19.402242,4f:bb:00:00:02:0f,24.9375,60.125,False,88.5,6812543.0
2026-07-28 02:59:19.483243,4f:bb:00:00:02:0f,24.875,60.0625,False,88.47058823529412,6813803.0
2026-07-28 03:20:19.544330,4f:bb:00:00:02:0f,24.8125,60.0625,False,88.47058823529412,6815062.5
2026-07-28 03:41:19.606864,4f:bb:00:00:02:0f,24.75,60.03125,False,88.45588235294117,6816322.5
2026-07-28 04:02:19.683829,4f:bb:00:00:02:0f,24.625,60.0,False,88.47058823529412,6817585.0
2026-07-28 04:23:19.747708,4f:bb:00:00:02:0f,24.5625,60.0,False,88.47058823529412,6818847.0
2026-07-28 04:44:19.821965,4f:bb:00:00:02:0f,24.5,59.9375,False,88.45588235294117,6820102.5
2026-07-28 05:05:19.933913,4f:bb:00:00:02:0f,24.4375,59.6875,False,88.47058823529412,6821365.5
2026-07-28 05:26:20.012071,4f:bb:00:00:02:0f,24.3125,59.625,False,88.47058823529412,6822624.0
2026-07-28 05:47:20.025590,4f:bb:00:00:02:0f,24.25,59.625,False,88.47058823529412,6823885.5
2026-07-28 06:08:20.148933,4f:bb:00:00:02:0f,24.125,59.5625,False,88.44117647058823,6825146.0
2026-07-28 06:29:20.215459,4f:bb:00:00:02:0f,24.0625,59.5625,False,88.47058823529412,6826403.0
2026-07-28 06:50:20.263818,4f:bb:00:00:02:0f,24.0,59.5,False,88.44117647058823,6827662.5
2026-07-28 07:11:20.270007,4f:bb:00:00:02:0f,23.9375,59.5,False,88.47058823529412,6828926.0
2026-07-28 07:32:20.371344,4f:bb:00:00:02:0f,23.8125,59.5,False,88.42647058823529,6830187.0
2026-07-28 07:53:20.464761,4f:bb:00:00:02:0f,23.75,59.4375,False,88.44117647058823,6831444.0
2026-07-28 08:14:20.453528,4f:bb:00:00:02:0f,23.6875,59.4375,False,88.44117647058823,6832705.0
2026-07-28 08:35:20.467838,4f:bb:00:00:02:0f,23.625,59.4375,False,88.44117647058823,6833964.0
2026-07-28 08:56:20.561761,4f:bb:00:00:02:0f,23.625,59.4375,False,88.42647058823529,6835226.0
2026-07-28 09:17:20.576315,4f:bb:00:00:02:0f,23.625,59.4375,False,88.44117647058823,6836488.0
2026-07-28 09:38:20.643626,4f:bb:00:00:02:0f,23.625,59.5,False,88.41176470588235,6837742.5
2026-07-28 09:59:20.740358,4f:bb:00:00:02:0f,23.6875,59.5,False,88.44117647058823,6839006.0
2026-07-28 10:20:20.812058,4f:bb:00:00:02:0f,23.75,59.5,False,88.44117647058823,6840266.0
2026-07-28 10:41:20.870195,4f:bb:00:00:02:0f,23.75,59.5625,False,88.41176470588235,6841527.0
2026-07-28 11:02:20.932340,4f:bb:00:00:02:0f,23.8125,59.5625,False,88.41176470588235,6842787.0
2026-07-28 11:23:20.983466,4f:bb:00:00:02:0f,23.875,59.625,False,88.44117647058823,6844049.0
2026-07-28 11:44:21.001738,4f:bb:00:00:02:0f,24.0,59.625,False,88.42647058823529,6845305.5
2026-07-28 12:05:21.102829,4f:bb:00:00:02:0f,24.125,59.6875,False,88.44117647058823,6846565.5
2026-07-28 12:26:21.203141,4f:bb:00:00:02:0f,24.25,59.75,False,88.44117647058823,6847829.0
2026-07-28 12:47:21.230084,4f:bb:00:00:02:0f,24.4375,59.8125,False,88.41176470588235,6849085.0
2026-07-28 13:08:21.316003,4f:bb:00:00:02:0f,24.625,60.125,False,88.41176470588235,6850345.0
2026-07-28 13:29:21.416229,4f:bb:00:00:02:0f,24.8125,60.25,False,88.44117647058823,6851608.0
2026-07-28 13:50:21.501652,4f:bb:00:00:02:0f,25.0625,60.3125,False,88.44117647058823,6852868.0
2026-07-28 14:11:21.555418,4f:bb:00:00:02:0f,25.25,60.375,False,88.47058823529412,6854128.0
2026-07-28 14:32:21.559520,4f:bb:00:00:02:0f,25.4375,60.625,False,88.47058823529412,6855387.0
2026-07-28 14:53:21.662499,4f:bb:00:00:02:0f,25.6875,60.75,False,88.47058823529412,6856643.5
2026-07-28 15:14:21.736798,4f:bb:00:00:02:0f,25.875,60.8125,False,88.47058823529412,6857906.0
2026-07-28 15:35:21.817301,4f:bb:00:00:02:0f,26.125,60.875,False,88.5,6859165.0
2026-07-28 15:56:21.809750,4f:bb:00:00:02:0f,26.375,61.1875,False,88.5,6860425.5
2026-07-28 16:17:21.918916,4f:bb:00:00:02:0f,26.625,61.3125,False,88.5,6861688.5
2026-07-28 16:38:21.985775,4f:bb:00:00:02:0f,26.875,61.375,False,88.52941176470588,6862949.0
2026-07-28 16:59:22.032165,4f:bb:00:00:02:0f,27.125,61.6875,False,88.5,6864205.0
2026-07-28 17:20:22.117200,4f:bb:00:00:02:0f,27.3125,61.75,False,88.55882352941177,6865468.0
2026-07-28 17:41:22.243381,4f:bb:00:00:02:0f,27.5625,61.8125,False,88.52941176470588,6866729.5
2026-07-28 18:02:22.282656,4f:bb:00:00:02:0f,27.75,61.8125,False,88.52941176470588,6867989.0
2026-07-28 18:23:22.300163,4f:bb:00:00:02:0f,27.9375,62.0625,False,88.55882352941177,6869249.0
2026-07-28 18:44:22.394710,4f:bb:00:00:02:0f,28.0625,62.0625,False,88.52941176470588,6870508.0
2026-07-28 19:05:22.445939,4f:bb:00:00:02:0f,28.1875,62.0625,False,88.5,6871769.0
2026-07-28 19:26:22.532573,4f:bb:00:00:02:0f,28.3125,62.0625,False,88.54411764705883,6873030.0
2026-07-28 19:47:22.641441,4f:bb:00:00:02:0f,28.3125,62.0,False,88.52941176470588,6874292.0
2026-07-28 20:08:22.745432,4f:bb:00:00:02:0f,28.375,62.0,False,88.52941176470588,6875548.5
2026-07-28 20:29:22.821913,4f:bb:00:00:02:0f,28.4375,62.0,False,88.55882352941177,6876810.0
2026-07-28 20:50:22.893269,4f:bb:00:00:02:0f,28.4375,61.9375,False,88.55882352941177,6878072.0
2026-07-28 21:11:22.982183,4f:bb:00:00:02:0f,28.4375,61.9375,False,88.55882352941177,6879330.0
2026-07-28 21:32:23.039355,4f:bb:00:00:02:0f,28.4375,61.875,False,88.55882352941177,6880589.0
2026-07-28 21:53:23.075376,4f:bb:00:00:02:0f,28.375,61.875,False,88.55882352941177,6881852.0
2026-07-28 22:14:23.149438,4f:bb:00:00:02:0f,28.3125,61.8125,False,88.55882352941177,6883109.0
2026-07-28 22:35:23.272289,4f:bb:00:00:02:0f,28.3125,61.75,False,88.55882352941177,6884368.5
2026-07-28 22:56:23.360077,4f:bb:00:00:02:0f,28.25,61.75,False,88.61764705882354,6885630.5
2026-07-28 23:17:23.438078,4f:bb:00:00:02:0f,28.1875,61.6875,False,88.58823529411765,6886893.0
2026-07-28 23:38:23.535318,4f:bb:00:00:02:0f,28.125,61.625,False,88.61764705882354,6888151.0
2026-07-28 23:59:23.644808,4f:bb:00:00:02:0f,28.0,61.625,False,88.58823529411765,6889408.5
2026-07-29 00:20:23.755820,4f:bb:00:00:02:0f,27.9375,61.5625,False,88.58823529411765,6890673.0
2026-07-29 00:41:23.843390,4f:bb:00:00:02:0f,27.875,61.5,False,88.58823529411765,6891932.0
2026-07-29 01:02:23.901893,4f:bb:00:00:02:0f,27.75,61.25,False,88.61764705882354,6893191.5
2026-07-29 01:23:23.982098,4f:bb:00:00:02:0f,27.6875,61.1875,False,88.58823529411765,6894451.0
2026-07-29 01:44:24.100969,4f:bb:00:00:02:0f,27.5625,61.1875,False,88.58823529411765,6895712.0
2026-07-29 02:05:24.090399,4f:bb:00:00:02:0f,27.4375,61.125,False,88.61764705882354,6896972.0
2026-07-29 02:26:24.197416,4f:bb:00:00:02:0f,27.3125,61.0625,False,88.61764705882354,6898232.0
2026-07-29 02:47:25.063029,4f:bb:00:00:02:0f,27.25,61.0625,False,88.61764705882354,6899491.0
2026-07-29 03:08:24.392592,4f:bb:00:00:02:0f,27.125,61.0,False,88.58823529411765,6900755.0
2026-07-29 03:29:24.497158,4f:bb:00:00:02:0f,27.0,60.9375,False,88.58823529411765,6902012.0
2026-07-29 03:50:24.523397,4f:bb:00:00:02:0f,26.875,60.6875,False,88.58823529411765,6903271.0
2026-07-29 04:11:24.555085,4f:bb:00:00:02:0f,26.75,60.625,False,88.58823529411765,6904533.0
2026-07-29 04:32:24.599827,4f:bb:00:00:02:0f,26.625,60.5625,False,88.55882352941177,6905792.0
2026-07-29 04:53:24.726464,4f:bb:00:00:02:0f,26.5,60.5,False,88.58823529411765,6907051.5
2026-07-29 05:14:24.751191,4f:bb:00:00:02:0f,26.375,60.5,False,88.58823529411765,6908314.5
2026-07-29 05:35:24.851945,4f:bb:00:00:02:0f,26.25,60.4375,False,88.55882352941177,6909573.0
2026-07-29 05:56:24.963645,4f:bb:00:00:02:0f,26.125,60.1875,False,88.52941176470588,6910833.0
2026-07-29 06:17:24.977681,4f:bb:00:00:02:0f,26.0,60.125,False,88.55882352941177,6912095.0
2026-07-29 06:38:25.082164,4f:bb:00:00:02:0f,25.875,60.0625,False,88.55882352941177,6913353.0
2026-07-29 06:59:25.096446,4f:bb:00:00:02:0f,25.75,60.0625,False,88.55882352941177,6914613.0
2026-07-29 07:20:25.179216,4f:bb:00:00:02:0f,25.625,60.0,False,88.58823529411765,6915875.0
2026-07-29 07:41:25.232037,4f:bb:00:00:02:0f,25.5,60.0,False,88.55882352941177,6917134.5
2026-07-29 08:02:25.311635,4f:bb:00:00:02:0f,25.4375,59.9375,False,88.58823529411765,6918393.0
2026-07-29 08:23:25.401967,4f:bb:00:00:02:0f,25.3125,59.9375,False,88.58823529411765,6919655.0
2026-07-29 08:44:25.469953,4f:bb:00:00:02:0f,25.25,59.75,False,88.52941176470588,6920912.0
2026-07-29 09:05:25.473758,4f:bb:00:00:02:0f,25.3125,59.8125,False,88.55882352941177,6922176.0
2026-07-29 09:26:25.594313,4f:bb:00:00:02:0f,25.375,60.125,False,88.55882352941177,6923433.0
2026-07-29 09:47:25.687722,4f:bb:00:00:02:0f,25.5,60.1875,False,88.55882352941177,6924694.0
2026-07-29 10:08:25.741074,4f:bb:00:00:02:0f,25.625,60.25,False,88.52941176470588,6925954.5
2026-07-29 10:29:25.750758,4f:bb:00:00:02:0f,25.8125,60.3125,False,88.58823529411765,6927215.0
2026-07-29 10:50:25.886873,4f:bb:00:00:02:0f,26.0,60.375,False,88.55882352941177,6928474.0
2026-07-29 11:11:25.932881,4f:bb:00:00:02:0f,26.25,60.6875,False,88.55882352941177,6929734.5
2026-07-29 11:32:26.046784,4f:bb:00:00:02:0f,26.5,60.8125,False,88.55882352941177,6930994.5
2026-07-29 11:53:26.160402,4f:bb:00:00:02:0f,26.75,60.9375,False,88.55882352941177,6932258.0
2026-07-29 12:14:26.193862,4f:bb:00:00:02:0f,27.0,61.25,False,88.58823529411765,6933517.5
2026-07-29 12:35:26.260752,4f:bb:00:00:02:0f,27.25,61.3125,False,88.58823529411765,6934775.0
2026-07-29 12:56:26.294991,4f:bb:00:00:02:0f,27.5,61.375,False,88.58823529411765,6936037.5
2026-07-29 13:17:26.379399,4f:bb:00:00:02:0f,27.75,61.4375,False,88.58823529411765,6937299.0
2026-07-29 13:38:26.458045,4f:bb:00:00:02:0f,28.0,61.75,False,88.61764705882354,6938555.0
2026-07-29 13:59:26.560032,4f:bb:00:00:02:0f,28.25,61.8125,False,88.61764705882354,6939817.0
2026-07-29 14:20:26.672182,4f:bb:00:00:02:0f,28.5,61.875,False,88.61764705882354,6941077.0
2026-07-29 14:41:26.743432,4f:bb:00:00:02:0f,28.75,62.1875,False,88.61764705882354,6942337.5
2026-07-29 15:02:26.845031,4f:bb:00:00:02:0f,28.9375,62.25,False,88.6470588235294,6943594.0
2026-07-29 15:23:26.931647,4f:bb:00:00:02:0f,29.1875,62.3125,False,88.6470588235294,6944856.0
2026-07-29 15:44:26.996158,4f:bb:00:00:02:0f,29.375,62.3125,False,88.6470588235294,6946116.0
2026-07-29 16:05:27.090711,4f:bb:00:00:02:0f,29.625,62.625,False,88.67647058823529,6947378.0
2026-07-29 16:26:27.162155,4f:bb:00:00:02:0f,29.875,62.6875,False,88.67647058823529,6948637.0
2026-07-29 16:47:27.251875,4f:bb:00:00:02:0f,30.125,62.75,False,88.70588235294117,6949896.0
2026-07-29 17:08:27.339760,4f:bb:00:00:02:0f,30.3125,62.8125,False,88.70588235294117,6951157.0
2026-07-29 17:29:27.405659,4f:bb:00:00:02:0f,30.5,63.0625,False,88.72058823529412,6952419.0
2026-07-29 17:50:27.497553,4f:bb:00:00:02:0f,30.75,63.125,False,88.73529411764706,6953675.5
2026-07-29 18:11:27.586987,4f:bb:00:00:02:0f,30.875,63.125,False,88.73529411764706,6954935.0
2026-07-29 18:32:27.655567,4f:bb:00:00:02:0f,31.0625,63.125,False,88.73529411764706,6956197.5
2026-07-29 18:53:27.725437,4f:bb:00:00:02:0f,31.25,63.125,False,88.73529411764706,6957460.5
2026-07-29 19:14:27.810363,4f:bb:00:00:02:0f,31.3125,63.3125,False,88.76470588235294,6958717.5
2026-07-29 19:35:27.898656,4f:bb:00:00:02:0f,31.4375,63.3125,False,88.76470588235294,6959977.0
2026-07-29 19:56:27.997653,4f:bb:00:00:02:0f,31.5,63.25,False,88.76470588235294,6961240.0
2026-07-29 20:17:28.102333,4f:bb:00:00:02:0f,31.5625,63.1875,False,88.76470588235294,6962500.5
2026-07-29 20:38:28.161820,4f:bb:00:00:02:0f,31.5625,63.125,False,88.76470588235294,6963756.0
2026-07-29 20:59:28.245420,4f:bb:00:00:02:0f,31.5625,63.0625,False,88.76470588235294,6965021.0
2026-07-29 21:20:28.243072,4f:bb:00:00:02:0f,31.5,63.0,False,88.79411764705883,6966281.0
2026-07-29 21:41:28.348741,4f:bb:00:00:02:0f,31.4375,62.875,False,88.79411764705883,6967537.0
2026-07-29 22:02:28.381173,4f:bb:00:00:02:0f,31.375,62.8125,False,88.82352941176471,6968796.0
2026-07-29 22:23:28.503993,4f:bb:00:00:02:0f,31.3125,62.75,False,88.76470588235294,6970058.0
2026-07-29 22:44:28.572190,4f:bb:00:00:02:0f,31.1875,62.4375,False,88.79411764705883,6971319.5
2026-07-29 23:05:28.608652,4f:bb:00:00:02:0f,31.0625,62.3125,False,88.79411764705883,6972581.0
2026-07-29 23:26:28.650930,4f:bb:00:00:02:0f,30.9375,62.25,False,88.79411764705883,6973839.0
2026-07-29 23:47:28.666192,4f:bb:00:00:02:0f,30.8125,62.1875,False,88.79411764705883,6975098.5
2026-07-30 00:08:28.686830,4f:bb:00:00:02:0f,30.6875,62.125,False,88.82352941176471,6976360.5
2026-07-30 00:29:28.726012,4f:bb:00:00:02:0f,30.5,62.0625,False,88.82352941176471,6977620.5
2026-07-30 00:50:28.853248,4f:bb:00:00:02:0f,30.375,61.75,False,88.79411764705883,6978880.0
2026-07-30 01:11:28.841822,4f:bb:00:00:02:0f,30.21875,61.6875,False,88.79411764705883,6980140.5
2026-07-30 01:32:28.912422,4f:bb:00:00:02:0f,30.0625,61.625,False,88.82352941176471,6981403.0
2026-07-30 01:53:29.012588,4f:bb:00:00:02:0f,29.9375,61.5625,False,88.82352941176471,6982657.5
2026-07-30 02:14:29.120985,4f:bb:00:00:02:0f,29.75,61.5,False,88.82352941176471,6983920.0
2026-07-30 02:35:29.207983,4f:bb:00:00:02:0f,29.625,61.375,False,88.82352941176471,6985183.0
2026-07-30 02:56:29.256037,4f:bb:00:00:02:0f,29.4375,61.0625,False,88.82352941176471,6986440.5
2026-07-30 03:17:29.346488,4f:bb:00:00:02:0f,29.25,61.0,False,88.82352941176471,6987700.0
2026-07-30 03:38:29.365146,4f:bb:00:00:02:0f,29.0625,60.9375,False,88.82352941176471,6988963.0
2026-07-30 03:59:29.437097,4f:bb:00:00:02:0f,28.875,60.875,False,88.82352941176471,6990223.5
2026-07-30 04:20:29.545077,4f:bb:00:00:02:0f,28.75,60.8125,False,88.79411764705883,6991480.0
2026-07-30 04:41:29.634750,4f:bb:00:00:02:0f,28.5625,60.5,False,88.79411764705883,6992742.0
2026-07-30 05:02:29.711420,4f:bb:00:00:02:0f,28.3125,60.4375,False,88.79411764705883,6994001.0
2026-07-30 05:23:29.803610,4f:bb:00:00:02:0f,28.1875,60.3125,False,88.79411764705883,6995261.0
2026-07-30 05:44:29.892505,4f:bb:00:00:02:0f,27.9375,60.25,False,88.79411764705883,6996521.0
2026-07-30 06:05:29.989499,4f:bb:00:00:02:0f,27.8125,60.0,False,88.79411764705883,6997780.5
2026-07-30 06:26:30.094717,4f:bb:00:00:02:0f,27.625,59.9375,False,88.79411764705883,6999043.5
2026-07-30 06:47:30.126795,4f:bb:00:00:02:0f,27.4375,59.8125,False,88.76470588235294,7000303.0
2026-07-30 07:08:30.158131,4f:bb:00:00:02:0f,27.25,59.75,False,88.76470588235294,7001560.5
2026-07-30 07:29:30.243312,4f:bb:00:00:02:0f,27.125,59.6875,False,88.79411764705883,7002823.0
2026-07-30 07:50:30.394398,4f:bb:00:00:02:0f,26.9375,59.4375,False,88.76470588235294,7004083.5
2026-07-30 08:11:30.331922,4f:bb:00:00:02:0f,26.8125,59.4375,False,88.76470588235294,7005343.0
2026-07-30 08:32:30.362669,4f:bb:00:00:02:0f,26.6875,59.375,False,88.76470588235294,7006602.0
2026-07-30 08:53:30.475667,4f:bb:00:00:02:0f,26.625,59.4375,False,88.73529411764706,7007862.5
2026-07-30 09:14:30.580957,4f:bb:00:00:02:0f,26.625,59.5,False,88.76470588235294,7009124.0
2026-07-30 09:35:30.636098,4f:bb:00:00:02:0f,26.6875,59.5,False,88.73529411764706,7010382.0
2026-07-30 09:56:30.754163,4f:bb:00:00:02:0f,26.75,59.5625,False,88.76470588235294,7011646.0
2026-07-30 10:17:30.818410,4f:bb:00:00:02:0f,26.875,59.625,False,88.73529411764706,7012902.0
2026-07-30 10:38:30.946436,4f:bb:00:00:02:0f,26.9375,59.625,False,88.76470588235294,7014164.0
2026-07-30 10:59:30.975624,4f:bb:00:00:02:0f,27.0,59.875,False,88.73529411764706,7015423.0
2026-07-30 11:20:30.986967,4f:bb:00:00:02:0f,27.125,59.875,False,88.73529411764706,7016686.0
2026-07-30 11:41:31.096436,4f:bb:00:00:02:0f,27.1875,59.875,False,88.73529411764706,7017948.5
2026-07-30 12:02:31.208279,4f:bb:00:00:02:0f,27.25,59.875,False,88.73529411764706,7019203.5
2026-07-30 12:23:31.251664,4f:bb:00:00:02:0f,27.25,59.875,False,88.73529411764706,7020464.0
2026-07-30 12:44:31.353123,4f:bb:00:00:02:0f,27.25,59.875,False,88.76470588235294,7021724.0
2026-07-30 13:05:31.421401,4f:bb:00:00:02:0f,27.3125,59.875,False,88.73529411764706,7022983.0
2026-07-30 13:26:31.519047,4f:bb:00:00:02:0f,27.3125,59.875,False,88.76470588235294,7024247.0
2026-07-30 13:47:31.628841,4f:bb:00:00:02:0f,27.375,59.875,False,88.75,7025505.0
2026-07-30 14:08:31.719810,4f:bb:00:00:02:0f,27.4375,59.875,False,88.76470588235294,7026763.0
2026-07-30 14:29:31.832745,4f:bb:00:00:02:0f,27.4375,59.875,False,88.76470588235294,7028026.5
2026-07-30 14:50:31.855441,4f:bb:00:00:02:0f,27.5,59.875,False,88.76470588235294,7029284.0
2026-07-30 15:11:31.961923,4f:bb:00:00:02:0f,27.5625,59.9375,False,88.76470588235294,7030546.5
2026-07-30 15:32:32.058630,4f:bb:00:00:02:0f,27.625,59.9375,False,88.76470588235294,7031805.0
2026-07-30 15:53:32.084678,4f:bb:00:00:02:0f,27.6875,59.9375,False,88.79411764705883,7033065.0
2026-07-30 16:14:32.166488,4f:bb:00:00:02:0f,27.75,59.9375,False,88.73529411764706,7034325.0
2026-07-30 16:35:32.267709,4f:bb:00:00:02:0f,27.8125,59.9375,False,88.76470588235294,7035586.5
2026-07-30 16:56:32.343509,4f:bb:00:00:02:0f,27.875,60.1875,False,88.73529411764706,7036846.0
2026-07-30 17:17:32.470913,4f:bb:00:00:02:0f,27.875,60.1875,False,88.72058823529412,7038106.5
2026-07-30 17:38:32.537317,4f:bb:00:00:02:0f,27.9375,60.1875,False,88.73529411764706,7039367.0
2026-07-30 17:59:32.604568,4f:bb:00:00:02:0f,27.9375,60.125,False,88.73529411764706,7040624.5
2026-07-30 18:20:32.738275,4f:bb:00:00:02:0f,27.9375,60.125,False,88.73529411764706,7041886.5
2026-07-30 18:41:32.734075,4f:bb:00:00:02:0f,27.9375,60.125,False,88.75,7043147.0
2026-07-30 19:02:32.880197,4f:bb:00:00:02:0f,27.9375,60.0625,False,88.76470588235294,7044406.5
2026-07-30 19:23:32.956782,4f:bb:00:00:02:0f,27.875,60.0625,False,88.76470588235294,7045670.0
2026-07-30 19:44:32.969758,4f:bb:00:00:02:0f,27.875,60.0625,False,88.76470588235294,7046927.0
2026-07-30 20:05:33.065909,4f:bb:00:00:02:0f,27.8125,59.8125,False,88.76470588235294,7048186.0
2026-07-30 20:26:33.178795,4f:bb:00:00:02:0f,27.75,59.75,False,88.76470588235294,7049448.0
2026-07-30 20:47:33.230875,4f:bb:00:00:02:0f,27.6875,59.6875,False,88.73529411764706,7050706.5
2026-07-30 21:08:33.262203,4f:bb:00:00:02:0f,27.625,59.6875,False,88.76470588235294,7051966.5
2026-07-30 21:29:33.364112,4f:bb:00:00:02:0f,27.5,59.625,False,88.75,7053226.5
2026-07-30 21:50:33.465359,4f:bb:00:00:02:0f,27.4375,59.5625,False,88.76470588235294,7054488.0
2026-07-30 22:11:33.591241,4f:bb:00:00:02:0f,27.3125,59.5625,False,88.76470588235294,7055749.0
2026-07-30 22:32:33.643331,4f:bb:00:00:02:0f,27.1875,59.5,False,88.73529411764706,7057007.0
2026-07-30 22:53:33.724650,4f:bb:00:00:02:0f,27.125,59.4375,False,88.73529411764706,7058268.0
2026-07-30 23:14:33.801832,4f:bb:00:00:02:0f,27.0,59.4375,False,88.73529411764706,7059530.0
2026-07-30 23:35:33.921158,4f:bb:00:00:02:0f,26.875,59.125,False,88.73529411764706,7060789.0
2026-07-30 23:56:33.995804,4f:bb:00:00:02:0f,26.8125,59.125,False,88.73529411764706,7062047.0
2026-07-31 00:17:34.105347,4f:bb:00:00:02:0f,26.6875,59.125,False,88.70588235294117,7063310.0
2026-07-31 00:38:34.154395,4f:bb:00:00:02:0f,26.625,59.0625,False,88.73529411764706,7064569.5
2026-07-31 00:59:34.212128,4f:bb:00:00:02:0f,26.5,59.0,False,88.73529411764706,7065829.0
2026-07-31 01:20:34.289205,4f:bb:00:00:02:0f,26.4375,59.0,False,88.73529411764706,7067091.0
2026-07-31 01:41:34.341480,4f:bb:00:00:02:0f,26.3125,58.9375,False,88.73529411764706,7068349.0
2026-07-31 02:02:34.429329,4f:bb:00:00:02:0f,26.1875,58.875,False,88.70588235294117,7069611.0
2026-07-31 02:23:34.473121,4f:bb:00:00:02:0f,26.0625,58.625,False,88.70588235294117,7070870.0
2026-07-31 02:44:34.578538,4f:bb:00:00:02:0f,25.9375,58.625,False,88.70588235294117,7072129.0
2026-07-31 03:05:34.578387,4f:bb:00:00:02:0f,25.8125,58.5625,False,88.70588235294117,7073392.0
2026-07-31 03:26:34.613817,4f:bb:00:00:02:0f,25.6875,58.5,False,88.70588235294117,7074652.0
2026-07-31 03:47:34.711701,4f:bb:00:00:02:0f,25.5625,58.4375,False,88.67647058823529,7075909.5
2026-07-31 04:08:34.751387,4f:bb:00:00:02:0f,25.4375,58.375,False,88.70588235294117,7077172.5
2026-07-31 04:29:34.876766,4f:bb:00:00:02:0f,25.3125,58.125,False,88.67647058823529,7078432.0
2026-07-31 04:50:34.953672,4f:bb:00:00:02:0f,25.125,58.0625,False,88.67647058823529,7079689.5
2026-07-31 05:11:35.066876,4f:bb:00:00:02:0f,24.9375,58.0,False,88.6470588235294,7080953.0
2026-07-31 05:32:35.162934,4f:bb:00:00:02:0f,24.8125,57.9375,False,88.6470588235294,7082212.5
2026-07-31 05:53:35.178062,4f:bb:00:00:02:0f,24.625,57.875,False,88.6470588235294,7083470.0
2026-07-31 06:14:35.209949,4f:bb:00:00:02:0f,24.4375,57.8125,False,88.6470588235294,7084732.0
2026-07-31 06:35:35.239986,4f:bb:00:00:02:0f,24.3125,57.5625,False,88.6470588235294,7085992.5
2026-07-31 06:56:35.330893,4f:bb:00:00:02:0f,24.125,57.5,False,88.61764705882354,7087252.0
2026-07-31 07:17:35.357932,4f:bb:00:00:02:0f,24.0,57.4375,False,88.61764705882354,7088512.0
2026-07-31 07:38:35.395977,4f:bb:00:00:02:0f,23.8125,57.375,False,88.61764705882354,7089769.5
2026-07-31 07:59:35.498988,4f:bb:00:00:02:0f,23.6875,57.375,False,88.58823529411765,7091033.0
2026-07-31 08:20:35.536971,4f:bb:00:00:02:0f,23.5625,57.125,False,88.58823529411765,7092291.0
2026-07-31 08:41:35.665220,4f:bb:00:00:02:0f,23.4375,57.125,False,88.58823529411765,7093552.0
2026-07-31 09:02:35.758372,4f:bb:00:00:02:0f,23.375,57.125,False,88.58823529411765,7094815.0
2026-07-31 09:23:35.741308,4f:bb:00:00:02:0f,23.375,57.1875,False,88.55882352941177,7096071.0
2026-07-31 09:44:35.802924,4f:bb:00:00:02:0f,23.4375,57.25,False,88.58823529411765,7097333.0
2026-07-31 10:05:35.894808,4f:bb:00:00:02:0f,23.5,57.25,False,88.58823529411765,7098593.0
2026-07-31 10:26:36.036858,4f:bb:00:00:02:0f,23.5625,57.3125,False,88.58823529411765,7099853.0
2026-07-31 10:47:36.099188,4f:bb:00:00:02:0f,23.75,57.625,False,88.58823529411765,7101113.0
2026-07-31 11:08:36.178316,4f:bb:00:00:02:0f,23.875,57.6875,False,88.58823529411765,7102374.0
2026-07-31 11:29:36.275140,4f:bb:00:00:02:0f,24.0,57.75,False,88.58823529411765,7103632.5
2026-07-31 11:50:36.372299,4f:bb:00:00:02:0f,24.1875,57.75,False,88.58823529411765,7104896.0
2026-07-31 12:11:36.455697,4f:bb:00:00:02:0f,24.3125,57.8125,False,88.58823529411765,7106153.0
2026-07-31 12:32:36.547920,4f:bb:00:00:02:0f,24.5,58.125,False,88.57352941176471,7107413.5
2026-07-31 12:53:36.663793,4f:bb:00:00:02:0f,24.625,58.125,False,88.58823529411765,7108676.0
2026-07-31 13:14:36.729690,4f:bb:00:00:02:0f,24.8125,58.1875,False,88.58823529411765,7109934.0
2026-07-31 13:35:36.817016,4f:bb:00:00:02:0f,24.9375,58.25,False,88.58823529411765,7111193.0
2026-07-31 13:56:36.899218,4f:bb:00:00:02:0f,25.0625,58.25,False,88.58823529411765,7112453.0
2026-07-31 14:17:36.995119,4f:bb:00:00:02:0f,25.1875,58.3125,False,88.58823529411765,7113713.0
2026-07-31 14:38:37.074477,4f:bb:00:00:02:0f,25.375,58.5625,False,88.55882352941177,7114976.0
2026-07-31 14:59:37.135376,4f:bb:00:00:02:0f,25.5,58.625,False,88.58823529411765,7116235.5
2026-07-31 15:20:37.205924,4f:bb:00:00:02:0f,25.6875,58.6875,False,88.58823529411765,7117492.0
2026-07-31 15:41:37.300947,4f:bb:00:00:02:0f,25.875,58.75,False,88.55882352941177,7118756.0
2026-07-31 16:02:37.400434,4f:bb:00:00:02:0f,26.0,58.75,False,88.61764705882354,7120018.5
2026-07-31 16:23:37.416938,4f:bb:00:00:02:0f,26.1875,59.0,False,88.58823529411765,7121275.0
2026-07-31 16:44:37.458212,4f:bb:00:00:02:0f,26.3125,59.0625,False,88.61764705882354,7122535.0
2026-07-31 17:05:37.573667,4f:bb:00:00:02:0f,26.375,59.0625,False,88.61764705882354,7123798.0
2026-07-31 17:26:37.653254,4f:bb:00:00:02:0f,26.5,59.0,False,88.61764705882354,7125056.0
2026-07-31 17:47:37.734042,4f:bb:00:00:02:0f,26.5,59.0,False,88.61764705882354,7126315.0
2026-07-31 18:08:37.754348,4f:bb:00:00:02:0f,26.5625,58.9375,False,88.61764705882354,7127577.0
2026-07-31 18:29:37.821176,4f:bb:00:00:02:0f,26.5625,58.875,False,88.61764705882354,7128836.0
2026-07-31 18:50:37.976051,4f:bb:00:00:02:0f,26.5,58.875,False,88.61764705882354,7130095.5
2026-07-31 19:11:38.033048,4f:bb:00:00:02:0f,26.5,58.8125,False,88.61764705882354,7131356.0
2026-07-31 19:32:38.134078,4f:bb:00:00:02:0f,26.375,58.6875,False,88.58823529411765,7132617.0
2026-07-31 19:53:38.201335,4f:bb:00:00:02:0f,26.25,58.625,False,88.61764705882354,7133878.0
2026-07-31 20:14:38.267688,4f:bb:00:00:02:0f,26.0625,58.3125,False,88.58823529411765,7135135.5
2026-07-31 20:35:38.350315,4f:bb:00:00:02:0f,25.875,58.25,False,88.58823529411765,7136396.0
2026-07-31 20:56:38.475855,4f:bb:00:00:02:0f,25.75,58.1875,False,88.58823529411765,7137658.5
2026-07-31 21:17:38.596555,4f:bb:00:00:02:0f,25.625,58.1875,False,88.58823529411765,7138916.0
2026-07-31 21:38:38.596168,4f:bb:00:00:02:0f,25.5625,58.1875,False,88.58823529411765,7140176.0
2026-07-31 21:59:38.715637,4f:bb:00:00:02:0f,25.5,58.1875,False,88.55882352941177,7141437.0
2026-07-31 22:20:38.808413,4f:bb:00:00:02:0f,25.5,58.1875,False,88.58823529411765,7142698.5
2026-07-31 22:41:38.874061,4f:bb:00:00:02:0f,25.4375,58.125,False,88.58823529411765,7143957.5
2026-07-31 23:02:38.952655,4f:bb:00:00:02:0f,25.4375,58.125,False,88.58823529411765,7145221.0
2026-07-31 23:23:38.986184,4f:bb:00:00:02:0f,25.4375,58.125,False,88.58823529411765,7146477.0
2026-07-31 23:44:39.053530,4f:bb:00:00:02:0f,25.375,58.125,False,88.58823529411765,7147737.0
2026-08-01 00:05:39.137645,4f:bb:00:00:02:0f,25.3125,58.0625,False,88.55882352941177,7148999.0
2026-08-01 00:26:39.271212,4f:bb:00:00:02:0f,25.25,57.8125,False,88.58823529411765,7150262.0
2026-08-01 00:47:43.597595,4f:bb:00:00:02:0f,25.125,57.75,False,88.58823529411765,7151515.0
2026-08-01 01:08:39.448963,4f:bb:00:00:02:0f,25.0,57.6875,False,88.58823529411765,7152779.0
2026-08-01 01:29:39.562067,4f:bb:00:00:02:0f,24.9375,57.6875,False,88.55882352941177,7154042.0
2026-08-01 01:50:39.605650,4f:bb:00:00:02:0f,24.8125,57.625,False,88.55882352941177,7155298.0
2026-08-01 02:11:39.672269,4f:bb:00:00:02:0f,24.6875,57.5625,False,88.55882352941177,7156559.0
2026-08-01 02:32:39.722740,4f:bb:00:00:02:0f,24.5625,57.5625,False,88.52941176470588,7157818.5
2026-08-01 02:53:39.746374,4f:bb:00:00:02:0f,24.4375,57.3125,False,88.55882352941177,7159081.0
2026-08-01 03:14:39.860360,4f:bb:00:00:02:0f,24.3125,57.25,False,88.52941176470588,7160341.0
2026-08-01 03:35:39.918111,4f:bb:00:00:02:0f,24.1875,57.1875,False,88.52941176470588,7161601.0
2026-08-01 03:56:39.984240,4f:bb:00:00:02:0f,24.0625,57.125,False,88.52941176470588,7162859.0
2026-08-01 04:17:40.076068,4f:bb:00:00:02:0f,23.9375,57.0625,False,88.52941176470588,7164120.0
2026-08-01 04:38:40.169145,4f:bb:00:00:02:0f,23.75,57.0,False,88.52941176470588,7165378.5
2026-08-01 04:59:40.294889,4f:bb:00:00:02:0f,23.625,57.0,False,88.52941176470588,7166639.0
2026-08-01 05:20:40.379187,4f:bb:00:00:02:0f,23.5,56.6875,False,88.52941176470588,7167901.0
2026-08-01 05:41:40.448123,4f:bb:00:00:02:0f,23.3125,56.6875,False,88.5,7169161.5
2026-08-01 06:02:40.562923,4f:bb:00:00:02:0f,23.1875,56.625,False,88.5,7170420.0
2026-08-01 06:23:40.658757,4f:bb:00:00:02:0f,23.0625,56.5625,False,88.5,7171680.5
2026-08-01 06:44:40.763168,4f:bb:00:00:02:0f,22.9375,56.5,False,88.47058823529412,7172941.5
2026-08-01 07:05:40.822928,4f:bb:00:00:02:0f,22.8125,56.5,False,88.47058823529412,7174200.5
2026-08-01 07:26:40.915778,4f:bb:00:00:02:0f,22.625,56.25,False,88.47058823529412,7175461.0
2026-08-01 07:47:41.000972,4f:bb:00:00:02:0f,22.5,56.1875,False,88.44117647058823,7176722.0
2026-08-01 08:08:41.092163,4f:bb:00:00:02:0f,22.4375,56.1875,False,88.44117647058823,7177984.5
2026-08-01 08:29:41.175936,4f:bb:00:00:02:0f,22.3125,56.125,False,88.44117647058823,7179241.0
2026-08-01 08:50:41.307753,4f:bb:00:00:02:0f,22.25,56.1875,False,88.41176470588235,7180503.0
2026-08-01 09:11:41.394463,4f:bb:00:00:02:0f,22.3125,56.1875,False,88.41176470588235,7181762.0
2026-08-01 09:32:41.528005,4f:bb:00:00:02:0f,22.375,56.25,False,88.44117647058823,7183019.0
2026-08-01 09:53:41.553527,4f:bb:00:00:02:0f,22.4375,56.3125,False,88.44117647058823,7184283.0
2026-08-01 10:14:41.677116,4f:bb:00:00:02:0f,22.5625,56.375,False,88.44117647058823,7185543.0
2026-08-01 10:35:41.710729,4f:bb:00:00:02:0f,22.625,56.3125,False,88.44117647058823,7186804.0
2026-08-01 10:56:41.803962,4f:bb:00:00:02:0f,22.6875,56.3125,False,88.44117647058823,7188064.5
2026-08-01 11:17:41.888673,4f:bb:00:00:02:0f,22.8125,56.625,False,88.44117647058823,7189322.0
2026-08-01 11:38:42.008178,4f:bb:00:00:02:0f,22.875,56.625,False,88.41176470588235,7190584.0
2026-08-01 11:59:42.035963,4f:bb:00:00:02:0f,23.0,56.6875,False,88.41176470588235,7191841.0
2026-08-01 12:20:42.142554,4f:bb:00:00:02:0f,23.125,56.6875,False,88.44117647058823,7193101.0
2026-08-01 12:41:42.232087,4f:bb:00:00:02:0f,23.1875,56.75,False,88.47058823529412,7194364.0
2026-08-01 13:02:42.337196,4f:bb:00:00:02:0f,23.3125,56.75,False,88.44117647058823,7195624.0
2026-08-01 13:23:42.395750,4f:bb:00:00:02:0f,23.4375,56.8125,False,88.44117647058823,7196885.0
2026-08-01 13:44:42.390913,4f:bb:00:00:02:0f,23.5625,56.875,False,88.41176470588235,7198144.0
2026-08-01 14:05:42.520000,4f:bb:00:00:02:0f,23.8125,57.375,False,88.41176470588235,7199404.0
2026-08-01 14:26:42.630863,4f:bb:00:00:02:0f,24.0625,57.4375,False,88.44117647058823,7200665.0
2026-08-01 14:47:42.711440,4f:bb:00:00:02:0f,24.1875,57.5625,False,88.44117647058823,7201927.0
2026-08-01 15:08:42.733616,4f:bb:00:00:02:0f,24.3125,57.8125,False,88.44117647058823,7203184.0
2026-08-01 15:29:42.725512,4f:bb:00:00:02:0f,24.4375,58.3125,False,88.44117647058823,7204445.0
2026-08-01 15:50:42.813634,4f:bb:00:00:02:0f,24.625,58.625,False,88.44117647058823,7205704.5
2026-08-01 16:11:42.845140,4f:bb:00:00:02:0f,24.8125,58.9375,False,88.47058823529412,7206964.0
2026-08-01 16:32:42.924148,4f:bb:00:00:02:0f,25.0,59.25,False,88.5,7208227.0
2026-08-01 16:53:43.036745,4f:bb:00:00:02:0f,25.0625,59.4375,False,88.47058823529412,7209486.0
2026-08-01 17:14:43.042294,4f:bb:00:00:02:0f,25.1875,59.6875,False,88.47058823529412,7210744.0
2026-08-01 17:35:43.132193,4f:bb:00:00:02:0f,25.25,59.875,False,88.47058823529412,7212005.5
2026-08-01 17:56:43.204882,4f:bb:00:00:02:0f,25.375,60.3125,False,88.47058823529412,7213267.0
2026-08-01 18:17:43.340646,4f:bb:00:00:02:0f,25.4375,60.4375,False,88.47058823529412,7214524.5
2026-08-01 18:38:43.389692,4f:bb:00:00:02:0f,25.5625,60.5625,False,88.47058823529412,7215785.0
2026-08-01 18:59:43.461968,4f:bb:00:00:02:0f,25.5625,60.625,False,88.5,7217047.5
2026-08-01 19:20:43.574201,4f:bb:00:00:02:0f,25.625,60.75,False,88.47058823529412,7218305.0
2026-08-01 19:41:43.674092,4f:bb:00:00:02:0f,25.625,60.8125,False,88.5,7219564.5
2026-08-01 20:02:43.767171,4f:bb:00:00:02:0f,25.625,60.8125,False,88.5,7220826.0
2026-08-01 20:23:43.857206,4f:bb:00:00:02:0f,25.625,60.875,False,88.5,7222087.5
2026-08-01 20:44:43.970647,4f:bb:00:00:02:0f,25.5625,60.875,False,88.5,7223347.0
2026-08-01 21:05:44.003990,4f:bb:00:00:02:0f,25.5,60.9375,False,88.5,7224607.5
2026-08-01 21:26:44.027354,4f:bb:00:00:02:0f,25.4375,60.9375,False,88.48529411764706,7225866.0
2026-08-01 21:47:44.106178,4f:bb:00:00:02:0f,25.375,60.9375,False,88.5,7227128.0
2026-08-01 22:08:44.221472,4f:bb:00:00:02:0f,25.25,60.6875,False,88.5,7228388.5
2026-08-01 22:29:44.320792,4f:bb:00:00:02:0f,25.125,60.6875,False,88.5,7229644.5
2026-08-01 22:50:44.427266,4f:bb:00:00:02:0f,25.0625,60.6875,False,88.5,7230908.0
2026-08-01 23:11:44.458570,4f:bb:00:00:02:0f,24.9375,60.6875,False,88.47058823529412,7232168.0
2026-08-01 23:32:44.560652,4f:bb:00:00:02:0f,24.8125,60.6875,False,88.47058823529412,7233427.0
2026-08-01 23:53:44.666147,4f:bb:00:00:02:0f,24.6875,60.6875,False,88.47058823529412,7234690.5
2026-08-02 00:14:44.772223,4f:bb:00:00:02:0f,24.5,60.6875,False,88.47058823529412,7235948.0
2026-08-02 00:35:44.774410,4f:bb:00:00:02:0f,24.375,60.4375,False,88.5,7237207.5
2026-08-02 00:56:44.880961,4f:bb:00:00:02:0f,24.25,60.4375,False,88.5,7238467.5
2026-08-02 01:17:44.994453,4f:bb:00:00:02:0f,24.125,60.375,False,88.47058823529412,7239731.0
2026-08-02 01:38:45.080186,4f:bb:00:00:02:0f,24.0,60.375,False,88.45588235294117,7240988.5
2026-08-02 01:59:45.202192,4f:bb:00:00:02:0f,23.8125,60.375,False,88.44117647058823,7242248.0
2026-08-02 02:20:45.299630,4f:bb:00:00:02:0f,23.6875,60.375,False,88.44117647058823,7243507.5
2026-08-02 02:41:45.319134,4f:bb:00:00:02:0f,23.5625,60.125,False,88.44117647058823,7244771.0
2026-08-02 03:02:45.326595,4f:bb:00:00:02:0f,23.4375,60.125,False,88.44117647058823,7246030.5
2026-08-02 03:23:45.406641,4f:bb:00:00:02:0f,23.3125,60.125,False,88.44117647058823,7247287.0
2026-08-02 03:44:45.496104,4f:bb:00:00:02:0f,23.25,60.125,False,88.41176470588235,7248550.5
2026-08-02 04:05:45.608353,4f:bb:00:00:02:0f,23.125,60.1875,False,88.41176470588235,7249812.0
2026-08-02 04:26:45.634204,4f:bb:00:00:02:0f,23.0,60.1875,False,88.41176470588235,7251069.0
2026-08-02 04:47:45.659815,4f:bb:00:00:02:0f,22.9375,60.1875,False,88.3970588235294,7252330.5
2026-08-02 05:08:45.778265,4f:bb:00:00:02:0f,22.875,60.1875,False,88.41176470588235,7253590.0
2026-08-02 05:29:45.857559,4f:bb:00:00:02:0f,22.75,60.1875,False,88.38235294117646,7254852.0
2026-08-02 05:50:45.980209,4f:bb:00:00:02:0f,22.6875,59.9375,False,88.38235294117646,7256112.5
2026-08-02 06:11:46.016966,4f:bb:00:00:02:0f,22.5625,59.9375,False,88.38235294117646,7257370.0
2026-08-02 06:32:46.083403,4f:bb:00:00:02:0f,22.5,59.875,False,88.38235294117646,7258633.0
2026-08-02 06:53:46.158920,4f:bb:00:00:02:0f,22.375,59.875,False,88.38235294117646,7259891.0
2026-08-02 07:14:46.221616,4f:bb:00:00:02:0f,22.25,59.8125,False,88.38235294117646,7261150.0
2026-08-02 07:35:46.242217,4f:bb:00:00:02:0f,22.125,59.8125,False,88.36764705882354,7262413.5
2026-08-02 07:56:46.302616,4f:bb:00:00:02:0f,22.0,59.8125,False,88.3529411764706,7263671.0
2026-08-02 08:17:46.397140,4f:bb:00:00:02:0f,22.0,59.8125,False,88.33823529411765,7264930.5
2026-08-02 08:38:46.508128,4f:bb:00:00:02:0f,21.9375,59.8125,False,88.32352941176471,7266193.0
2026-08-02 08:59:46.609497,4f:bb:00:00:02:0f,22.0,59.875,False,88.3529411764706,7267453.0
2026-08-02 09:20:46.694227,4f:bb:00:00:02:0f,22.0,59.875,False,88.3529411764706,7268712.0
2026-08-02 09:41:46.773257,4f:bb:00:00:02:0f,22.125,59.9375,False,88.3529411764706,7269971.0
2026-08-02 10:02:46.772972,4f:bb:00:00:02:0f,22.25,59.9375,False,88.32352941176471,7271233.0
2026-08-02 10:23:46.880269,4f:bb:00:00:02:0f,22.4375,59.9375,False,88.3529411764706,7272493.0
2026-08-02 10:44:46.977062,4f:bb:00:00:02:0f,22.5625,59.9375,False,88.32352941176471,7273753.0
2026-08-02 11:05:46.991864,4f:bb:00:00:02:0f,22.8125,60.1875,False,88.3529411764706,7275011.0
2026-08-02 11:26:47.095244,4f:bb:00:00:02:0f,23.0625,60.25,False,88.3529411764706,7276273.5
2026-08-02 11:47:47.209821,4f:bb:00:00:02:0f,23.3125,60.3125,False,88.3529411764706,7277533.0
2026-08-02 12:08:47.276892,4f:bb:00:00:02:0f,23.5625,60.3125,False,88.3529411764706,7278792.0
2026-08-02 12:29:47.297444,4f:bb:00:00:02:0f,23.8125,60.5625,False,88.38235294117646,7280056.5
2026-08-02 12:50:47.365523,4f:bb:00:00:02:0f,24.0625,60.5625,False,88.38235294117646,7281310.0
2026-08-02 13:11:47.407505,4f:bb:00:00:02:0f,24.1875,60.5,False,88.38235294117646,7282572.0
2026-08-02 13:32:47.485221,4f:bb:00:00:02:0f,24.3125,60.5,False,88.38235294117646,7283834.0
2026-08-02 13:53:47.616781,4f:bb:00:00:02:0f,24.4375,60.4375,False,88.3529411764706,7285094.0
2026-08-02 14:14:47.664194,4f:bb:00:00:02:0f,24.5625,60.6875,False,88.41176470588235,7286353.0
2026-08-02 14:35:47.708305,4f:bb:00:00:02:0f,24.625,60.625,False,88.38235294117646,7287615.0
2026-08-02 14:56:47.810812,4f:bb:00:00:02:0f,24.6875,60.625,False,88.41176470588235,7288874.0
2026-08-02 15:17:47.946057,4f:bb:00:00:02:0f,24.8125,60.625,False,88.38235294117646,7290133.0
2026-08-02 15:38:48.031951,4f:bb:00:00:02:0f,24.875,60.6875,False,88.41176470588235,7291396.0
2026-08-02 15:59:48.099125,4f:bb:00:00:02:0f,25.0,60.6875,False,88.41176470588235,7292653.0
2026-08-02 16:20:48.169767,4f:bb:00:00:02:0f,25.125,60.625,False,88.41176470588235,7293913.0
2026-08-02 16:41:48.212188,4f:bb:00:00:02:0f,25.1875,60.625,False,88.41176470588235,7295177.0
2026-08-02 17:02:48.334357,4f:bb:00:00:02:0f,25.1875,60.5625,False,88.38235294117646,7296437.0
2026-08-02 17:23:48.390460,4f:bb:00:00:02:0f,25.1875,60.5625,False,88.41176470588235,7297694.0
2026-08-02 17:44:48.504102,4f:bb:00:00:02:0f,25.1875,60.5,False,88.41176470588235,7298956.5
2026-08-02 18:05:48.613730,4f:bb:00:00:02:0f,25.1875,60.375,False,88.41176470588235,7300216.0
2026-08-02 18:26:48.617453,4f:bb:00:00:02:0f,25.125,60.3125,False,88.38235294117646,7301473.5
2026-08-02 18:47:48.659392,4f:bb:00:00:02:0f,25.0625,60.3125,False,88.41176470588235,7302737.0
2026-08-02 19:08:48.721342,4f:bb:00:00:02:0f,25.0,60.25,False,88.41176470588235,7303993.5
2026-08-02 19:29:48.824520,4f:bb:00:00:02:0f,24.9375,60.1875,False,88.38235294117646,7305255.0
2026-08-02 19:50:48.923863,4f:bb:00:00:02:0f,24.9375,60.1875,False,88.41176470588235,7306516.0
2026-08-02 20:11:49.042193,4f:bb:00:00:02:0f,24.8125,60.125,False,88.41176470588235,7307776.0
2026-08-02 20:32:49.094541,4f:bb:00:00:02:0f,24.75,60.0625,False,88.41176470588235,7309035.0
2026-08-02 20:53:49.195514,4f:bb:00:00:02:0f,24.6875,60.0625,False,88.3529411764706,7310297.0
2026-08-02 21:14:49.258145,4f:bb:00:00:02:0f,24.5625,62.4375,False,88.6470588235294,7311556.0
2026-08-02 21:35:49.392071,4f:bb:00:00:02:0f,24.375,64.5625,False,88.6470588235294,7312817.0
2026-08-02 21:56:49.422632,4f:bb:00:00:02:0f,24.3125,65.4375,False,88.6470588235294,7314077.0
2026-08-02 22:17:49.487332,4f:bb:00:00:02:0f,24.1875,65.8125,False,88.6470588235294,7315339.5
2026-08-02 22:38:49.571021,4f:bb:00:00:02:0f,24.0625,65.9375,False,88.6470588235294,7316595.0
2026-08-02 22:59:49.670010,4f:bb:00:00:02:0f,23.9375,66.1875,False,88.6470588235294,7317859.0
2026-08-02 23:20:49.802149,4f:bb:00:00:02:0f,23.875,66.375,False,88.61764705882354,7319119.5
2026-08-02 23:41:49.758634,4f:bb:00:00:02:0f,23.75,66.4375,False,88.61764705882354,7320377.0
2026-08-03 00:02:49.897473,4f:bb:00:00:02:0f,23.6875,66.5,False,88.63235294117646,7321638.0
2026-08-03 00:23:50.041887,4f:bb:00:00:02:0f,23.5625,66.3125,False,88.6470588235294,7322899.5
2026-08-03 00:44:50.100868,4f:bb:00:00:02:0f,23.5,66.375,False,88.61764705882354,7324158.0
2026-08-03 01:05:50.210438,4f:bb:00:00:02:0f,23.375,66.5,False,88.61764705882354,7325416.0
2026-08-03 01:26:50.227486,4f:bb:00:00:02:0f,23.3125,66.5625,False,88.61764705882354,7326676.5
2026-08-03 01:47:50.256704,4f:bb:00:00:02:0f,23.25,66.5625,False,88.61764705882354,7327938.0
2026-08-03 02:08:50.274162,4f:bb:00:00:02:0f,23.125,66.625,False,88.61764705882354,7329200.0
2026-08-03 02:29:50.375689,4f:bb:00:00:02:0f,23.0625,66.625,False,88.61764705882354,7330459.0
2026-08-03 02:50:50.514405,4f:bb:00:00:02:0f,22.9375,66.625,False,88.61764705882354,7331717.0
2026-08-03 03:11:50.524229,4f:bb:00:00:02:0f,22.875,66.625,False,88.6029411764706,7332981.0
2026-08-03 03:32:50.636444,4f:bb:00:00:02:0f,22.75,66.5625,False,88.58823529411765,7334239.5
2026-08-03 03:53:50.711437,4f:bb:00:00:02:0f,22.6875,66.3125,False,88.58823529411765,7335498.0
2026-08-03 04:14:50.803182,4f:bb:00:00:02:0f,22.5625,66.25,False,88.58823529411765,7336759.5
2026-08-03 04:35:50.852442,4f:bb:00:00:02:0f,22.5,66.25,False,88.58823529411765,7338018.0
2026-08-03 04:56:50.880714,4f:bb:00:00:02:0f,22.4375,66.25,False,88.58823529411765,7339281.0
2026-08-03 05:17:50.848152,4f:bb:00:00:02:0f,22.375,66.3125,False,88.55882352941177,7340539.0
2026-08-03 05:38:50.896451,4f:bb:00:00:02:0f,22.3125,66.3125,False,88.55882352941177,7341801.0
2026-08-03 05:59:50.970098,4f:bb:00:00:02:0f,22.25,66.25,False,88.55882352941177,7343060.0
2026-08-03 06:20:50.986623,4f:bb:00:00:02:0f,22.1875,66.25,False,88.58823529411765,7344320.0
2026-08-03 06:41:51.021519,4f:bb:00:00:02:0f,22.125,66.1875,False,88.55882352941177,7345578.0
2026-08-03 07:02:51.098093,4f:bb:00:00:02:0f,22.0625,66.25,False,88.52941176470588,7346840.0
2026-08-03 07:23:51.132904,4f:bb:00:00:02:0f,22.0,66.3125,False,88.55882352941177,7348099.0
2026-08-03 07:44:51.252258,4f:bb:00:00:02:0f,22.0,66.375,False,88.55882352941177,7349363.0
2026-08-03 08:05:51.359205,4f:bb:00:00:02:0f,22.0,66.5,False,88.55882352941177,7350619.5
2026-08-03 08:26:51.459122,4f:bb:00:00:02:0f,22.0,66.8125,False,88.55882352941177,7351881.0
2026-08-03 08:47:51.484414,4f:bb:00:00:02:0f,22.125,67.375,False,88.55882352941177,7353141.0
2026-08-03 09:08:51.549025,4f:bb:00:00:02:0f,22.25,67.5625,False,88.55882352941177,7354399.5
2026-08-03 09:29:51.652793,4f:bb:00:00:02:0f,22.5,67.625,False,88.55882352941177,7355660.0
2026-08-03 09:50:51.745107,4f:bb:00:00:02:0f,22.75,67.75,False,88.55882352941177,7356922.0
2026-08-03 10:11:51.737519,4f:bb:00:00:02:0f,23.0,68.0625,False,88.55882352941177,7358180.5
2026-08-03 10:32:51.844336,4f:bb:00:00:02:0f,23.375,68.125,False,88.55882352941177,7359439.5
2026-08-03 10:53:51.971906,4f:bb:00:00:02:0f,23.6875,68.5,False,88.57352941176471,7360702.5
2026-08-03 11:14:52.032291,4f:bb:00:00:02:0f,24.0625,68.5625,False,88.58823529411765,7361965.5
2026-08-03 11:35:52.061578,4f:bb:00:00:02:0f,24.4375,68.8125,False,88.58823529411765,7363222.0
2026-08-03 11:56:52.170827,4f:bb:00:00:02:0f,24.8125,68.75,False,88.58823529411765,7364482.0
2026-08-03 12:17:52.303356,4f:bb:00:00:02:0f,25.1875,68.75,False,88.58823529411765,7365742.0
2026-08-03 12:38:52.299643,4f:bb:00:00:02:0f,25.5,68.9375,False,88.61764705882354,7367002.5
2026-08-03 12:59:52.380424,4f:bb:00:00:02:0f,25.75,68.9375,False,88.6470588235294,7368262.5
2026-08-03 13:20:52.433117,4f:bb:00:00:02:0f,26.0625,68.875,False,88.6470588235294,7369521.0
2026-08-03 13:41:52.506617,4f:bb:00:00:02:0f,26.34375,69.125,False,88.63235294117646,7370783.5
2026-08-03 14:02:52.511187,4f:bb:00:00:02:0f,26.625,69.0625,False,88.6470588235294,7372041.0
2026-08-03 14:23:52.543862,4f:bb:00:00:02:0f,26.8125,68.9375,False,88.6470588235294,7373302.5
2026-08-03 14:44:52.659614,4f:bb:00:00:02:0f,27.0,68.875,False,88.70588235294117,7374562.5
2026-08-03 15:05:52.733777,4f:bb:00:00:02:0f,27.25,69.25,False,88.67647058823529,7375822.0
2026-08-03 15:26:52.785271,4f:bb:00:00:02:0f,27.5,69.25,False,88.67647058823529,7377085.0
2026-08-03 15:47:52.831307,4f:bb:00:00:02:0f,27.75,69.25,False,88.70588235294117,7378342.0
2026-08-03 16:08:52.929562,4f:bb:00:00:02:0f,28.0,69.375,False,88.70588235294117,7379602.5
2026-08-03 16:29:53.022915,4f:bb:00:00:02:0f,28.125,69.125,False,88.73529411764706,7380865.5
2026-08-03 16:50:53.122813,4f:bb:00:00:02:0f,28.1875,69.0,False,88.73529411764706,7382123.0
2026-08-03 17:11:53.245379,4f:bb:00:00:02:0f,28.1875,68.75,False,88.73529411764706,7383383.0
2026-08-03 17:32:53.242573,4f:bb:00:00:02:0f,28.125,68.6875,False,88.73529411764706,7384643.0
2026-08-03 17:53:53.365518,4f:bb:00:00:02:0f,28.0625,68.5,False,88.73529411764706,7385902.5
2026-08-03 18:14:53.458250,4f:bb:00:00:02:0f,28.0,68.375,False,88.76470588235294,7387165.0
2026-08-03 18:35:53.562930,4f:bb:00:00:02:0f,27.875,68.25,False,88.73529411764706,7388424.0
2026-08-03 18:56:53.639393,4f:bb:00:00:02:0f,27.6875,67.875,False,88.79411764705883,7389685.0
2026-08-03 19:17:53.684907,4f:bb:00:00:02:0f,27.5,67.875,False,88.76470588235294,7390945.5
2026-08-03 19:38:53.734565,4f:bb:00:00:02:0f,27.3125,67.9375,False,88.79411764705883,7392205.0
2026-08-03 19:59:53.780095,4f:bb:00:00:02:0f,27.125,68.125,False,88.76470588235294,7393465.0
2026-08-03 20:20:53.813934,4f:bb:00:00:02:0f,27.0,67.8125,False,88.76470588235294,7394725.0
2026-08-03 20:41:53.821651,4f:bb:00:00:02:0f,26.8125,67.875,False,88.76470588235294,7395985.0
2026-08-03 21:02:53.859536,4f:bb:00:00:02:0f,26.6875,67.8125,False,88.76470588235294,7397242.5
2026-08-03 21:23:53.973445,4f:bb:00:00:02:0f,26.625,67.875,False,88.76470588235294,7398506.0
2026-08-03 21:44:53.998973,4f:bb:00:00:02:0f,26.5625,67.875,False,88.76470588235294,7399766.0
2026-08-03 22:05:54.082366,4f:bb:00:00:02:0f,26.5,67.6875,False,88.76470588235294,7401026.0
2026-08-03 22:26:54.183197,4f:bb:00:00:02:0f,26.375,67.4375,False,88.76470588235294,7402285.5
2026-08-03 22:47:54.268583,4f:bb:00:00:02:0f,26.1875,67.375,False,88.76470588235294,7403548.0
2026-08-03 23:08:54.373620,4f:bb:00:00:02:0f,26.125,67.0625,False,88.76470588235294,7404803.0
2026-08-03 23:29:54.486511,4f:bb:00:00:02:0f,25.9375,66.875,False,88.76470588235294,7406066.0
2026-08-03 23:50:54.521422,4f:bb:00:00:02:0f,25.8125,66.8125,False,88.76470588235294,7407326.0
2026-08-04 00:11:54.604593,4f:bb:00:00:02:0f,25.625,66.8125,False,88.76470588235294,7408586.0
2026-08-04 00:32:54.718536,4f:bb:00:00:02:0f,25.5625,66.9375,False,88.76470588235294,7409846.0
2026-08-04 00:53:54.824531,4f:bb:00:00:02:0f,25.4375,66.75,False,88.76470588235294,7411103.0
2026-08-04 01:14:54.907915,4f:bb:00:00:02:0f,25.375,66.8125,False,88.76470588235294,7412368.5
2026-08-04 01:35:54.985019,4f:bb:00:00:02:0f,25.3125,66.875,False,88.73529411764706,7413628.0
2026-08-04 01:56:55.081174,4f:bb:00:00:02:0f,25.25,66.5,False,88.73529411764706,7414885.5
2026-08-04 02:17:55.205738,4f:bb:00:00:02:0f,25.125,66.5,False,88.76470588235294,7416149.0
2026-08-04 02:38:55.267707,4f:bb:00:00:02:0f,25.0625,66.5,False,88.76470588235294,7417408.5
2026-08-04 02:59:55.312412,4f:bb:00:00:02:0f,25.0,66.4375,False,88.73529411764706,7418668.0
2026-08-04 03:20:55.425384,4f:bb:00:00:02:0f,24.9375,66.375,False,88.76470588235294,7419925.0
2026-08-04 03:41:55.496401,4f:bb:00:00:02:0f,24.8125,66.375,False,88.73529411764706,7421188.0
2026-08-04 04:02:55.525854,4f:bb:00:00:02:0f,24.75,66.25,False,88.73529411764706,7422448.0
2026-08-04 04:23:55.563211,4f:bb:00:00:02:0f,24.6875,66.1875,False,88.70588235294117,7423708.0
2026-08-04 04:44:55.674484,4f:bb:00:00:02:0f,24.5625,66.0625,False,88.73529411764706,7424968.5
2026-08-04 05:05:55.729582,4f:bb:00:00:02:0f,24.4375,65.75,False,88.72058823529412,7426230.0
2026-08-04 05:26:55.812545,4f:bb:00:00:02:0f,24.3125,65.625,False,88.73529411764706,7427485.5
2026-08-04 05:47:55.918100,4f:bb:00:00:02:0f,24.1875,65.5625,False,88.67647058823529,7428751.0
2026-08-04 06:08:55.956564,4f:bb:00:00:02:0f,24.0625,65.5,False,88.70588235294117,7430010.0
2026-08-04 06:29:56.043988,4f:bb:00:00:02:0f,23.9375,65.4375,False,88.70588235294117,7431268.5
2026-08-04 06:50:56.148500,4f:bb:00:00:02:0f,23.8125,65.4375,False,88.73529411764706,7432529.0
2026-08-04 07:11:56.219473,4f:bb:00:00:02:0f,23.6875,65.375,False,88.70588235294117,7433792.0
2026-08-04 07:32:56.231722,4f:bb:00:00:02:0f,23.5625,65.125,False,88.70588235294117,7435051.0
2026-08-04 07:53:56.337972,4f:bb:00:00:02:0f,23.5,65.125,False,88.67647058823529,7436311.5
2026-08-04 08:14:56.442461,4f:bb:00:00:02:0f,23.4375,65.3125,False,88.6470588235294,7437569.0
2026-08-04 08:35:56.481520,4f:bb:00:00:02:0f,23.5,65.6875,False,88.67647058823529,7438832.0
2026-08-04 08:56:56.565934,4f:bb:00:00:02:0f,23.625,66.4375,False,88.67647058823529,7440090.0
2026-08-04 09:17:56.673840,4f:bb:00:00:02:0f,23.8125,66.625,False,88.67647058823529,7441349.0
2026-08-04 09:38:56.711033,4f:bb:00:00:02:0f,24.0625,66.5625,False,88.67647058823529,7442611.0
2026-08-04 09:59:56.851118,4f:bb:00:00:02:0f,24.25,66.5625,False,88.70588235294117,7443869.0
2026-08-04 10:20:56.963432,4f:bb:00:00:02:0f,24.5,66.9375,False,88.67647058823529,7445129.0
2026-08-04 10:41:56.926144,4f:bb:00:00:02:0f,24.8125,67.0,False,88.70588235294117,7446392.0
2026-08-04 11:02:57.007853,4f:bb:00:00:02:0f,25.0625,67.0,False,88.70588235294117,7447648.5
2026-08-04 11:23:57.108349,4f:bb:00:00:02:0f,25.3125,67.125,False,88.70588235294117,7448912.5
2026-08-04 11:44:57.168081,4f:bb:00:00:02:0f,25.5625,67.0625,False,88.70588235294117,7450172.0
2026-08-04 12:05:57.223338,4f:bb:00:00:02:0f,25.75,67.0,False,88.73529411764706,7451431.0
2026-08-04 12:26:57.344865,4f:bb:00:00:02:0f,25.875,67.0,False,88.73529411764706,7452691.5
2026-08-04 12:47:57.434730,4f:bb:00:00:02:0f,26.125,67.125,False,88.76470588235294,7453951.0
2026-08-04 13:08:57.585855,4f:bb:00:00:02:0f,26.375,67.4375,False,88.76470588235294,7455212.0
2026-08-04 13:29:57.634627,4f:bb:00:00:02:0f,26.5625,67.375,False,88.76470588235294,7456473.0
2026-08-04 13:50:57.734048,4f:bb:00:00:02:0f,26.75,67.3125,False,88.76470588235294,7457734.0
2026-08-04 14:11:57.830416,4f:bb:00:00:02:0f,26.9375,67.375,False,88.76470588235294,7458992.0
2026-08-04 14:32:57.847008,4f:bb:00:00:02:0f,27.1875,67.625,False,88.76470588235294,7460254.0
2026-08-04 14:53:57.946410,4f:bb:00:00:02:0f,27.375,67.5625,False,88.79411764705883,7461514.0
2026-08-04 15:14:57.959398,4f:bb:00:00:02:0f,27.5625,67.5625,False,88.79411764705883,7462774.0
2026-08-04 15:35:58.076708,4f:bb:00:00:02:0f,27.75,67.5625,False,88.79411764705883,7464032.0
2026-08-04 15:56:58.105836,4f:bb:00:00:02:0f,27.9375,67.875,False,88.79411764705883,7465291.5
2026-08-04 16:17:58.115030,4f:bb:00:00:02:0f,28.125,67.8125,False,88.79411764705883,7466555.0
2026-08-04 16:38:58.217112,4f:bb:00:00:02:0f,28.3125,67.6875,False,88.82352941176471,7467815.0
2026-08-04 16:59:58.328297,4f:bb:00:00:02:0f,28.375,67.625,False,88.82352941176471,7469071.5
2026-08-04 17:20:58.420437,4f:bb:00:00:02:0f,28.46875,67.5625,False,88.82352941176471,7470333.0
2026-08-04 17:41:58.445776,4f:bb:00:00:02:0f,28.5,67.3125,False,88.82352941176471,7471595.0
2026-08-04 18:02:58.479702,4f:bb:00:00:02:0f,28.4375,67.0625,False,88.82352941176471,7472855.0
2026-08-04 18:23:58.572990,4f:bb:00:00:02:0f,28.25,66.75,False,88.8529411764706,7474114.0
2026-08-04 18:44:58.655186,4f:bb:00:00:02:0f,28.0,66.5625,False,88.82352941176471,7475371.5
2026-08-04 19:05:58.778622,4f:bb:00:00:02:0f,27.75,66.3125,False,88.8529411764706,7476635.0
2026-08-04 19:26:58.881021,4f:bb:00:00:02:0f,27.625,66.4375,False,88.82352941176471,7477894.0
2026-08-04 19:47:58.992322,4f:bb:00:00:02:0f,27.4375,66.5,False,88.8529411764706,7479151.5
2026-08-04 20:08:59.083458,4f:bb:00:00:02:0f,27.3125,66.46875,False,88.8529411764706,7480415.0
2026-08-04 20:29:59.191384,4f:bb:00:00:02:0f,27.25,66.40625,False,88.83823529411765,7481676.0
2026-08-04 20:50:59.235096,4f:bb:00:00:02:0f,27.0625,66.3125,False,88.8529411764706,7482934.5
2026-08-04 21:11:59.233779,4f:bb:00:00:02:0f,26.875,65.9375,False,88.8529411764706,7484194.0
2026-08-04 21:32:59.333802,4f:bb:00:00:02:0f,26.75,65.9375,False,88.83823529411765,7485456.0
2026-08-04 21:53:59.399357,4f:bb:00:00:02:0f,26.5625,66.0,False,88.8529411764706,7486715.0
2026-08-04 22:14:59.485217,4f:bb:00:00:02:0f,26.5,66.0,False,88.8529411764706,7487976.0
2026-08-04 22:35:59.562168,4f:bb:00:00:02:0f,26.4375,66.0,False,88.82352941176471,7489238.0
2026-08-04 22:56:59.613654,4f:bb:00:00:02:0f,26.375,65.875,False,88.8529411764706,7490496.0
2026-08-04 23:17:59.625176,4f:bb:00:00:02:0f,26.1875,65.6875,False,88.82352941176471,7491757.0
2026-08-04 23:38:59.715935,4f:bb:00:00:02:0f,26.0,65.3125,False,88.82352941176471,7493017.0
2026-08-04 23:59:59.808302,4f:bb:00:00:02:0f,25.8125,65.1875,False,88.82352941176471,7494277.0
2026-08-05 00:20:59.903076,4f:bb:00:00:02:0f,25.625,65.125,False,88.82352941176471,7495538.0
2026-08-05 00:41:59.995822,4f:bb:00:00:02:0f,25.375,64.875,False,88.82352941176471,7496797.0
2026-08-05 01:03:00.041224,4f:bb:00:00:02:0f,25.125,64.5625,False,88.82352941176471,7498055.5
2026-08-05 01:24:00.085109,4f:bb:00:00:02:0f,24.875,64.375,False,88.82352941176471,7499318.0
2026-08-05 01:45:00.136865,4f:bb:00:00:02:0f,24.5,64.1875,False,88.79411764705883,7500576.5
2026-08-05 02:06:00.158093,4f:bb:00:00:02:0f,24.1875,63.875,False,88.79411764705883,7501837.0
2026-08-05 02:27:00.229144,4f:bb:00:00:02:0f,23.8125,63.8125,False,88.79411764705883,7503098.0
2026-08-05 02:48:00.346285,4f:bb:00:00:02:0f,23.5,63.625,False,88.76470588235294,7504359.5
2026-08-05 03:09:00.381196,4f:bb:00:00:02:0f,23.25,63.625,False,88.73529411764706,7505619.0
2026-08-05 03:30:00.463556,4f:bb:00:00:02:0f,23.0625,63.5625,False,88.72058823529412,7506877.5
2026-08-05 03:51:00.494648,4f:bb:00:00:02:0f,22.875,63.5625,False,88.73529411764706,7508137.0
2026-08-05 04:12:00.565947,4f:bb:00:00:02:0f,22.6875,63.3125,False,88.73529411764706,7509398.0
2026-08-05 04:33:00.596300,4f:bb:00:00:02:0f,22.5625,63.3125,False,88.70588235294117,7510658.0
2026-08-05 04:54:00.623334,4f:bb:00:00:02:0f,22.375,63.25,False,88.70588235294117,7511915.5
2026-08-05 05:15:00.712523,4f:bb:00:00:02:0f,22.25,63.3125,False,88.70588235294117,7513178.0
2026-08-05 05:36:00.755159,4f:bb:00:00:02:0f,22.125,63.25,False,88.70588235294117,7514440.5
2026-08-05 05:57:00.768967,4f:bb:00:00:02:0f,21.9375,63.1875,False,88.70588235294117,7515698.0
2026-08-05 06:18:00.887307,4f:bb:00:00:02:0f,21.8125,62.9375,False,88.67647058823529,7516959.0
2026-08-05 06:39:00.968509,4f:bb:00:00:02:0f,21.625,62.875,False,88.67647058823529,7518220.5
2026-08-05 07:00:01.007845,4f:bb:00:00:02:0f,21.5,63.0,False,88.67647058823529,7519480.0
2026-08-05 07:21:01.119522,4f:bb:00:00:02:0f,21.4375,63.0,False,88.6470588235294,7520738.0
2026-08-05 07:42:01.118538,4f:bb:00:00:02:0f,21.3125,62.9375,False,88.6470588235294,7521998.0
2026-08-05 08:03:01.201088,4f:bb:00:00:02:0f,21.1875,62.875,False,88.63235294117646,7523259.0
2026-08-05 08:24:01.283059,4f:bb:00:00:02:0f,21.0625,62.9375,False,88.6470588235294,7524519.0
2026-08-05 08:45:01.398082,4f:bb:00:00:02:0f,21.0,62.8125,False,88.61764705882354,7525779.0
2026-08-05 09:06:01.483665,4f:bb:00:00:02:0f,21.0,62.9375,False,88.61764705882354,7527041.0
2026-08-05 09:27:01.608563,4f:bb:00:00:02:0f,21.0625,63.0,False,88.61764705882354,7528299.0
2026-08-05 09:48:01.665254,4f:bb:00:00:02:0f,21.0625,63.3125,False,88.58823529411765,7529560.0
2026-08-05 10:09:01.708673,4f:bb:00:00:02:0f,21.125,63.5,False,88.58823529411765,7530820.0
2026-08-05 10:30:01.756886,4f:bb:00:00:02:0f,21.1875,63.625,False,88.61764705882354,7532078.0
2026-08-05 10:51:01.799577,4f:bb:00:00:02:0f,21.3125,63.75,False,88.61764705882354,7533340.5
2026-08-05 11:12:01.790232,4f:bb:00:00:02:0f,21.5625,64.125,False,88.58823529411765,7534603.5
2026-08-05 11:33:01.884501,4f:bb:00:00:02:0f,21.875,63.9375,False,88.61764705882354,7535857.0
2026-08-05 11:54:01.953673,4f:bb:00:00:02:0f,21.9375,63.6875,False,88.61764705882354,7537120.0
2026-08-05 12:15:02.006227,4f:bb:00:00:02:0f,21.875,63.6875,False,88.58823529411765,7538383.5
2026-08-05 12:36:02.118543,4f:bb:00:00:02:0f,22.0625,64.375,False,88.58823529411765,7539642.0
2026-08-05 12:57:02.217085,4f:bb:00:00:02:0f,22.4375,64.625,False,88.58823529411765,7540900.0
2026-08-05 13:18:02.289682,4f:bb:00:00:02:0f,22.8125,64.875,False,88.61764705882354,7542164.0
2026-08-05 13:39:02.399128,4f:bb:00:00:02:0f,23.0625,64.625,False,88.61764705882354,7543420.5
2026-08-05 14:00:02.469288,4f:bb:00:00:02:0f,23.25,64.625,False,88.61764705882354,7544681.0
2026-08-05 14:21:02.538834,4f:bb:00:00:02:0f,23.375,64.625,False,88.6470588235294,7545943.0
2026-08-05 14:42:02.639495,4f:bb:00:00:02:0f,23.5625,64.625,False,88.61764705882354,7547203.0
2026-08-05 15:03:02.722530,4f:bb:00:00:02:0f,23.6875,64.9375,False,88.6470588235294,7548460.5
2026-08-05 15:24:02.828124,4f:bb:00:00:02:0f,23.9375,65.0625,False,88.6470588235294,7549723.0
2026-08-05 15:45:02.862164,4f:bb:00:00:02:0f,24.125,65.0625,False,88.6470588235294,7550981.0
2026-08-05 16:06:02.863104,4f:bb:00:00:02:0f,24.3125,65.0625,False,88.6470588235294,7552240.0
2026-08-05 16:27:02.906226,4f:bb:00:00:02:0f,24.4375,65.25,False,88.6470588235294,7553504.0
2026-08-05 16:48:03.029614,4f:bb:00:00:02:0f,24.625,65.1875,False,88.6470588235294,7554764.0
2026-08-05 17:09:03.130703,4f:bb:00:00:02:0f,24.75,65.25,False,88.67647058823529,7556024.5
2026-08-05 17:30:03.238572,4f:bb:00:00:02:0f,24.875,65.25,False,88.6470588235294,7557281.0
2026-08-05 17:51:03.326214,4f:bb:00:00:02:0f,25.0,65.1875,False,88.6470588235294,7558544.5
2026-08-05 18:12:03.430397,4f:bb:00:00:02:0f,25.0625,65.125,False,88.67647058823529,7559805.0
2026-08-05 18:33:03.534157,4f:bb:00:00:02:0f,25.125,65.0625,False,88.67647058823529,7561061.0
2026-08-05 18:54:03.617973,4f:bb:00:00:02:0f,25.125,64.9375,False,88.67647058823529,7562323.0
2026-08-05 19:15:03.696057,4f:bb:00:00:02:0f,25.125,64.875,False,88.67647058823529,7563584.0
2026-08-05 19:36:03.801548,4f:bb:00:00:02:0f,25.125,64.875,False,88.70588235294117,7564843.0
2026-08-05 19:57:03.862283,4f:bb:00:00:02:0f,25.125,64.875,False,88.70588235294117,7566106.0
2026-08-05 20:18:03.989155,4f:bb:00:00:02:0f,25.125,64.8125,False,88.67647058823529,7567363.0
2026-08-05 20:39:04.084075,4f:bb:00:00:02:0f,25.125,64.8125,False,88.70588235294117,7568623.0
2026-08-05 21:00:04.142227,4f:bb:00:00:02:0f,25.0625,64.6875,False,88.67647058823529,7569887.0
2026-08-05 21:21:04.222229,4f:bb:00:00:02:0f,25.0625,64.625,False,88.67647058823529,7571143.0
2026-08-05 21:42:04.329679,4f:bb:00:00:02:0f,25.0,64.5625,False,88.67647058823529,7572403.0
2026-08-05 22:03:04.441180,4f:bb:00:00:02:0f,24.9375,64.5,False,88.67647058823529,7573666.0
2026-08-05 22:24:04.510482,4f:bb:00:00:02:0f,24.875,64.4375,False,88.67647058823529,7574923.5
2026-08-05 22:45:04.623953,4f:bb:00:00:02:0f,24.8125,64.375,False,88.69117647058823,7576179.0
2026-08-05 23:06:04.686690,4f:bb:00:00:02:0f,24.75,64.375,False,88.67647058823529,7577444.0
2026-08-05 23:27:04.715590,4f:bb:00:00:02:0f,24.6875,64.3125,False,88.67647058823529,7578706.0
2026-08-05 23:48:04.764868,4f:bb:00:00:02:0f,24.625,64.25,False,88.67647058823529,7579967.0
2026-08-06 00:09:04.848854,4f:bb:00:00:02:0f,24.5,64.125,False,88.6470588235294,7581222.0
2026-08-06 00:30:04.874652,4f:bb:00:00:02:0f,24.375,63.8125,False,88.67647058823529,7582483.0
2026-08-06 00:51:04.992500,4f:bb:00:00:02:0f,24.25,63.6875,False,88.67647058823529,7583746.0
2026-08-06 01:12:05.092776,4f:bb:00:00:02:0f,24.125,63.625,False,88.6470588235294,7585006.0
2026-08-06 01:33:05.155311,4f:bb:00:00:02:0f,23.9375,63.5,False,88.6470588235294,7586267.0
2026-08-06 01:54:05.187162,4f:bb:00:00:02:0f,23.8125,63.4375,False,88.6470588235294,7587526.0
2026-08-06 02:15:05.243866,4f:bb:00:00:02:0f,23.625,63.375,False,88.67647058823529,7588789.0
2026-08-06 02:36:05.325116,4f:bb:00:00:02:0f,23.5,63.0625,False,88.6470588235294,7590047.0
2026-08-06 02:57:05.434548,4f:bb:00:00:02:0f,23.3125,63.0,False,88.6470588235294,7591306.0
2026-08-06 03:18:05.521766,4f:bb:00:00:02:0f,23.125,62.9375,False,88.6470588235294,7592566.5
2026-08-06 03:39:05.575933,4f:bb:00:00:02:0f,23.0,62.875,False,88.61764705882354,7593825.0
2026-08-06 04:00:05.665180,4f:bb:00:00:02:0f,22.875,62.8125,False,88.61764705882354,7595087.0
2026-08-06 04:21:05.740945,4f:bb:00:00:02:0f,22.75,62.5,False,88.61764705882354,7596347.0
2026-08-06 04:42:05.816149,4f:bb:00:00:02:0f,22.5625,62.4375,False,88.58823529411765,7597610.0
2026-08-06 05:03:05.842388,4f:bb:00:00:02:0f,22.375,62.375,False,88.61764705882354,7598867.0
2026-08-06 05:24:05.857588,4f:bb:00:00:02:0f,22.25,62.3125,False,88.61764705882354,7600128.0
2026-08-06 05:45:05.935414,4f:bb:00:00:02:0f,22.125,62.25,False,88.58823529411765,7601389.5
2026-08-06 06:06:05.996832,4f:bb:00:00:02:0f,21.9375,62.1875,False,88.58823529411765,7602649.5
2026-08-06 06:27:06.113845,4f:bb:00:00:02:0f,21.75,61.9375,False,88.58823529411765,7603907.0
2026-08-06 06:48:06.202270,4f:bb:00:00:02:0f,21.625,61.875,False,88.58823529411765,7605167.0
2026-08-06 07:09:06.317396,4f:bb:00:00:02:0f,21.5,61.875,False,88.58823529411765,7606427.0
2026-08-06 07:30:06.379121,4f:bb:00:00:02:0f,21.375,61.875,False,88.58823529411765,7607686.0
2026-08-06 07:51:06.477578,4f:bb:00:00:02:0f,21.3125,61.875,False,88.55882352941177,7608949.0
2026-08-06 08:12:06.549751,4f:bb:00:00:02:0f,21.1875,61.8125,False,88.55882352941177,7610209.0
2026-08-06 08:33:06.628230,4f:bb:00:00:02:0f,21.125,61.9375,False,88.52941176470588,7611469.5
2026-08-06 08:54:06.741764,4f:bb:00:00:02:0f,21.1875,62.25,False,88.52941176470588,7612728.0
2026-08-06 09:15:06.751486,4f:bb:00:00:02:0f,21.375,62.375,False,88.52941176470588,7613989.0
2026-08-06 09:36:06.844061,4f:bb:00:00:02:0f,21.5625,62.4375,False,88.54411764705883,7615249.5
2026-08-06 09:57:06.976792,4f:bb:00:00:02:0f,21.6875,62.4375,False,88.52941176470588,7616509.0
2026-08-06 10:18:07.067872,4f:bb:00:00:02:0f,21.8125,62.375,False,88.55882352941177,7617771.0
2026-08-06 10:39:07.065203,4f:bb:00:00:02:0f,22.0,62.625,False,88.52941176470588,7619030.0
2026-08-06 11:00:07.166132,4f:bb:00:00:02:0f,22.0625,62.5625,False,88.55882352941177,7620290.0
2026-08-06 11:21:07.239077,4f:bb:00:00:02:0f,22.0625,62.4375,False,88.52941176470588,7621552.0
2026-08-06 11:42:07.253399,4f:bb:00:00:02:0f,22.0625,62.375,False,88.52941176470588,7622807.0
2026-08-06 12:03:07.362257,4f:bb:00:00:02:0f,22.0,62.4375,False,88.52941176470588,7624071.0
2026-08-06 12:24:07.442044,4f:bb:00:00:02:0f,22.0625,62.5,False,88.52941176470588,7625330.0
2026-08-06 12:45:07.477904,4f:bb:00:00:02:0f,22.125,62.6875,False,88.52941176470588,7626593.0
2026-08-06 13:06:07.569462,4f:bb:00:00:02:0f,22.25,62.6875,False,88.52941176470588,7627852.0
2026-08-06 13:27:07.669135,4f:bb:00:00:02:0f,22.3125,62.625,False,88.52941176470588,7629110.0
2026-08-06 13:48:07.707035,4f:bb:00:00:02:0f,22.375,62.625,False,88.52941176470588,7630369.5
2026-08-06 14:09:07.760993,4f:bb:00:00:02:0f,22.5,62.75,False,88.52941176470588,7631632.0
2026-08-06 14:30:07.772578,4f:bb:00:00:02:0f,22.5625,62.75,False,88.52941176470588,7632890.0
2026-08-06 14:51:07.844785,4f:bb:00:00:02:0f,22.75,62.9375,False,88.52941176470588,7634153.0
2026-08-06 15:12:07.972419,4f:bb:00:00:02:0f,22.875,63.125,False,88.55882352941177,7635412.0
2026-08-06 15:33:08.042211,4f:bb:00:00:02:0f,23.0625,63.125,False,88.52941176470588,7636672.0
2026-08-06 15:54:08.123031,4f:bb:00:00:02:0f,23.1875,63.125,False,88.55882352941177,7637933.0
2026-08-06 16:15:08.251927,4f:bb:00:00:02:0f,23.3125,63.25,False,88.55882352941177,7639192.0
2026-08-06 16:36:08.353526,4f:bb:00:00:02:0f,23.5,63.1875,False,88.55882352941177,7640450.0
2026-08-06 16:57:08.417804,4f:bb:00:00:02:0f,23.5625,63.125,False,88.55882352941177,7641709.5
2026-08-06 17:18:08.527859,4f:bb:00:00:02:0f,23.6875,63.3125,False,88.55882352941177,7642973.0
2026-08-06 17:39:08.554085,4f:bb:00:00:02:0f,23.6875,63.25,False,88.55882352941177,7644235.5
2026-08-06 18:00:08.623144,4f:bb:00:00:02:0f,23.75,63.1875,False,88.58823529411765,7645492.0
2026-08-06 18:21:08.723204,4f:bb:00:00:02:0f,23.75,63.125,False,88.55882352941177,7646752.0
2026-08-06 18:42:08.814757,4f:bb:00:00:02:0f,23.75,63.0625,False,88.55882352941177,7648013.0
2026-08-06 19:03:08.915987,4f:bb:00:00:02:0f,23.6875,63.0,False,88.58823529411765,7649273.0
2026-08-06 19:24:09.016336,4f:bb:00:00:02:0f,23.6875,63.0625,False,88.58823529411765,7650532.0
2026-08-06 19:45:09.115665,4f:bb:00:00:02:0f,23.6875,63.125,False,88.55882352941177,7651795.0
2026-08-06 20:06:09.212652,4f:bb:00:00:02:0f,23.75,63.0625,False,88.55882352941177,7653053.0
2026-08-06 20:27:09.228653,4f:bb:00:00:02:0f,23.75,63.0,False,88.58823529411765,7654316.0
2026-08-06 20:48:09.255218,4f:bb:00:00:02:0f,23.75,62.9375,False,88.55882352941177,7655572.0
2026-08-06 21:09:09.318672,4f:bb:00:00:02:0f,23.6875,62.875,False,88.55882352941177,7656836.0
2026-08-06 21:30:09.447876,4f:bb:00:00:02:0f,23.6875,62.875,False,88.58823529411765,7658096.0
2026-08-06 21:51:09.538752,4f:bb:00:00:02:0f,23.625,62.8125,False,88.58823529411765,7659355.0
2026-08-06 22:12:09.636369,4f:bb:00:00:02:0f,23.5625,62.5,False,88.58823529411765,7660613.0
2026-08-06 22:33:09.731296,4f:bb:00:00:02:0f,23.5,62.4375,False,88.58823529411765,7661874.0
2026-08-06 22:54:09.787663,4f:bb:00:00:02:0f,23.375,62.125,False,88.55882352941177,7663132.5
2026-08-06 23:15:09.865191,4f:bb:00:00:02:0f,23.3125,62.1875,False,88.55882352941177,7664394.0
2026-08-06 23:36:09.988738,4f:bb:00:00:02:0f,23.25,62.1875,False,88.55882352941177,7665652.5
2026-08-06 23:57:10.002086,4f:bb:00:00:02:0f,23.125,62.1875,False,88.58823529411765,7666916.0
2026-08-07 00:18:10.006527,4f:bb:00:00:02:0f,23.0625,62.125,False,88.55882352941177,7668175.5
2026-08-07 00:39:10.105938,4f:bb:00:00:02:0f,22.9375,62.0625,False,88.55882352941177,7669435.0
2026-08-07 01:00:10.215055,4f:bb:00:00:02:0f,22.875,62.0625,False,88.55882352941177,7670696.0
2026-08-07 01:21:10.309640,4f:bb:00:00:02:0f,22.75,61.75,False,88.52941176470588,7671955.0
2026-08-07 01:42:10.428406,4f:bb:00:00:02:0f,22.625,61.5625,False,88.55882352941177,7673215.5
2026-08-07 02:03:10.437519,4f:bb:00:00:02:0f,22.375,61.5,False,88.52941176470588,7674476.0
2026-08-07 02:24:10.564081,4f:bb:00:00:02:0f,22.1875,61.5,False,88.52941176470588,7675735.0
2026-08-07 02:45:10.653218,4f:bb:00:00:02:0f,22.0625,61.4375,False,88.52941176470588,7676996.5
2026-08-07 03:06:10.710371,4f:bb:00:00:02:0f,21.875,61.125,False,88.5,7678257.0
2026-08-07 03:27:10.796370,4f:bb:00:00:02:0f,21.6875,61.0625,False,88.5,7679519.0
2026-08-07 03:48:10.902326,4f:bb:00:00:02:0f,21.5625,61.0,False,88.47058823529412,7680776.0
2026-08-07 04:09:10.944376,4f:bb:00:00:02:0f,21.375,60.9375,False,88.47058823529412,7682035.0
2026-08-07 04:30:11.030040,4f:bb:00:00:02:0f,21.1875,60.875,False,88.5,7683297.0
2026-08-07 04:51:11.134120,4f:bb:00:00:02:0f,21.0625,60.5625,False,88.47058823529412,7684558.0
2026-08-07 05:12:11.242151,4f:bb:00:00:02:0f,20.875,60.5625,False,88.47058823529412,7685816.0
2026-08-07 05:33:11.334620,4f:bb:00:00:02:0f,20.6875,60.5,False,88.44117647058823,7687078.0
2026-08-07 05:54:11.406232,4f:bb:00:00:02:0f,20.5625,60.4375,False,88.44117647058823,7688336.0
2026-08-07 06:15:11.515851,4f:bb:00:00:02:0f,20.4375,60.4375,False,88.44117647058823,7689595.0
2026-08-07 06:36:11.615842,4f:bb:00:00:02:0f,20.25,60.375,False,88.44117647058823,7690858.0
2026-08-07 06:57:11.642830,4f:bb:00:00:02:0f,20.125,60.125,False,88.44117647058823,7692118.0
2026-08-07 07:18:11.765199,4f:bb:00:00:02:0f,19.9375,60.0625,False,88.41176470588235,7693378.5
2026-08-07 07:39:11.828665,4f:bb:00:00:02:0f,19.875,60.125,False,88.41176470588235,7694641.0
2026-08-07 08:00:11.903832,4f:bb:00:00:02:0f,19.8125,60.125,False,88.41176470588235,7695899.0
2026-08-07 08:21:11.999172,4f:bb:00:00:02:0f,19.75,60.125,False,88.44117647058823,7697159.0
2026-08-07 08:42:12.067155,4f:bb:00:00:02:0f,19.75,60.375,False,88.41176470588235,7698422.0
2026-08-07 09:03:12.134541,4f:bb:00:00:02:0f,19.9375,60.5,False,88.38235294117646,7699678.5
2026-08-07 09:24:12.237522,4f:bb:00:00:02:0f,20.125,60.625,False,88.41176470588235,7700939.5
2026-08-07 09:45:12.352450,4f:bb:00:00:02:0f,20.3125,60.9375,False,88.38235294117646,7702201.0
2026-08-07 10:06:12.478097,4f:bb:00:00:02:0f,20.5625,61.0625,False,88.38235294117646,7703459.0
2026-08-07 10:27:12.503539,4f:bb:00:00:02:0f,20.875,61.125,False,88.38235294117646,7704721.0
2026-08-07 10:48:12.616438,4f:bb:00:00:02:0f,21.125,61.4375,False,88.41176470588235,7705984.5
2026-08-07 11:09:12.604275,4f:bb:00:00:02:0f,21.4375,61.5,False,88.41176470588235,7707238.5
2026-08-07 11:30:12.761553,4f:bb:00:00:02:0f,21.625,61.3125,False,88.44117647058823,7708501.0
2026-08-07 11:51:12.818514,4f:bb:00:00:02:0f,21.8125,61.625,False,88.41176470588235,7709758.0
2026-08-07 12:12:12.806014,4f:bb:00:00:02:0f,22.0625,61.875,False,88.47058823529412,7711019.0
2026-08-07 12:33:12.888695,4f:bb:00:00:02:0f,22.3125,61.9375,False,88.44117647058823,7712278.5
2026-08-07 12:54:12.912792,4f:bb:00:00:02:0f,22.5,61.9375,False,88.44117647058823,7713539.0
2026-08-07 13:15:12.969685,4f:bb:00:00:02:0f,22.6875,61.8125,False,88.47058823529412,7714798.0
2026-08-07 13:36:13.061419,4f:bb:00:00:02:0f,22.8125,62.0625,False,88.47058823529412,7716060.0
2026-08-07 13:57:13.152854,4f:bb:00:00:02:0f,22.875,62.0,False,88.47058823529412,7717321.5
2026-08-07 14:18:13.209603,4f:bb:00:00:02:0f,22.9375,62.0,False,88.47058823529412,7718581.5
2026-08-07 14:39:13.296227,4f:bb:00:00:02:0f,23.0625,62.1875,False,88.47058823529412,7719844.0
2026-08-07 15:00:13.396094,4f:bb:00:00:02:0f,23.25,62.3125,False,88.47058823529412,7721104.0
2026-08-07 15:21:13.419139,4f:bb:00:00:02:0f,23.4375,62.3125,False,88.47058823529412,7722361.0
2026-08-07 15:42:13.534223,4f:bb:00:00:02:0f,23.5625,62.3125,False,88.47058823529412,7723624.5
2026-08-07 16:03:13.653977,4f:bb:00:00:02:0f,23.75,62.625,False,88.5,7724879.0
2026-08-07 16:24:13.683863,4f:bb:00:00:02:0f,23.9375,62.5625,False,88.5,7726144.0
2026-08-07 16:45:13.678169,4f:bb:00:00:02:0f,24.0625,62.625,False,88.52941176470588,7727404.0
2026-08-07 17:06:13.743566,4f:bb:00:00:02:0f,24.1875,62.5625,False,88.5,7728661.5
2026-08-07 17:27:13.750332,4f:bb:00:00:02:0f,24.3125,62.6875,False,88.52941176470588,7729922.0
2026-08-07 17:48:13.832860,4f:bb:00:00:02:0f,24.5,63.0,False,88.52941176470588,7731181.0
2026-08-07 18:09:13.913189,4f:bb:00:00:02:0f,24.6875,63.0,False,88.52941176470588,7732444.5
2026-08-07 18:30:13.955283,4f:bb:00:00:02:0f,24.8125,62.875,False,88.55882352941177,7733704.0
2026-08-07 18:51:14.046130,4f:bb:00:00:02:0f,24.875,62.75,False,88.52941176470588,7734964.5
2026-08-07 19:12:14.073075,4f:bb:00:00:02:0f,24.875,62.625,False,88.52941176470588,7736221.0
2026-08-07 19:33:14.128464,4f:bb:00:00:02:0f,24.8125,62.5625,False,88.55882352941177,7737485.0
2026-08-07 19:54:14.197324,4f:bb:00:00:02:0f,24.8125,62.625,False,88.55882352941177,7738743.0
2026-08-07 20:15:14.322746,4f:bb:00:00:02:0f,24.8125,62.6875,False,88.55882352941177,7740002.0
2026-08-07 20:36:14.354559,4f:bb:00:00:02:0f,24.875,62.6875,False,88.55882352941177,7741261.0
2026-08-07 20:57:14.437397,4f:bb:00:00:02:0f,24.9375,62.75,False,88.55882352941177,7742524.0
2026-08-07 21:18:14.546166,4f:bb:00:00:02:0f,25.0,62.875,False,88.55882352941177,7743782.0
2026-08-07 21:39:14.661047,4f:bb:00:00:02:0f,25.125,62.75,False,88.55882352941177,7745044.0
2026-08-07 22:00:14.668828,4f:bb:00:00:02:0f,25.125,62.5625,False,88.58823529411765,7746304.5
2026-08-07 22:21:14.713950,4f:bb:00:00:02:0f,25.0,62.375,False,88.55882352941177,7747561.0
2026-08-07 22:42:14.826315,4f:bb:00:00:02:0f,24.9375,62.375,False,88.58823529411765,7748823.0
2026-08-07 23:03:14.851288,4f:bb:00:00:02:0f,24.75,62.25,False,88.58823529411765,7750084.0
2026-08-07 23:24:14.939078,4f:bb:00:00:02:0f,24.625,62.3125,False,88.58823529411765,7751342.0
2026-08-07 23:45:14.978207,4f:bb:00:00:02:0f,24.5625,62.25,False,88.58823529411765,7752606.0
2026-08-08 00:06:15.021746,4f:bb:00:00:02:0f,24.4375,62.0,False,88.55882352941177,7753863.0
2026-08-08 00:27:15.123474,4f:bb:00:00:02:0f,24.3125,62.0,False,88.58823529411765,7755124.0
2026-08-08 00:48:15.232256,4f:bb:00:00:02:0f,24.3125,61.9375,False,88.58823529411765,7756384.5
2026-08-08 01:09:15.320364,4f:bb:00:00:02:0f,24.1875,61.8125,False,88.55882352941177,7757644.0
2026-08-08 01:30:15.428520,4f:bb:00:00:02:0f,24.0625,61.8125,False,88.55882352941177,7758906.0
2026-08-08 01:51:15.529414,4f:bb:00:00:02:0f,23.875,61.75,False,88.55882352941177,7760165.0
2026-08-08 02:12:15.621156,4f:bb:00:00:02:0f,23.75,61.6875,False,88.55882352941177,7761427.0
2026-08-08 02:33:15.711937,4f:bb:00:00:02:0f,23.625,61.625,False,88.55882352941177,7762684.5
2026-08-08 02:54:15.847221,4f:bb:00:00:02:0f,23.5,61.375,False,88.55882352941177,7763948.0
2026-08-08 03:15:15.944544,4f:bb:00:00:02:0f,23.375,61.25,False,88.58823529411765,7765204.0
2026-08-08 03:36:16.025923,4f:bb:00:00:02:0f,23.1875,61.25,False,88.55882352941177,7766466.0
2026-08-08 03:57:16.120108,4f:bb:00:00:02:0f,23.0625,61.1875,False,88.55882352941177,7767726.0
2026-08-08 04:18:16.110435,4f:bb:00:00:02:0f,22.9375,61.125,False,88.55882352941177,7768986.0
2026-08-08 04:39:16.178923,4f:bb:00:00:02:0f,22.8125,61.0625,False,88.55882352941177,7770245.0
2026-08-08 05:00:16.201438,4f:bb:00:00:02:0f,22.625,60.8125,False,88.55882352941177,7771504.0
2026-08-08 05:21:16.226874,4f:bb:00:00:02:0f,22.5,60.75,False,88.52941176470588,7772768.0
2026-08-08 05:42:16.241267,4f:bb:00:00:02:0f,22.375,60.6875,False,88.55882352941177,7774026.0
2026-08-08 06:03:16.348602,4f:bb:00:00:02:0f,22.25,60.6875,False,88.52941176470588,7775285.0
2026-08-08 06:24:16.436269,4f:bb:00:00:02:0f,22.125,60.625,False,88.5,7776545.0
2026-08-08 06:45:16.497173,4f:bb:00:00:02:0f,22.0,60.625,False,88.55882352941177,7777807.0
2026-08-08 07:06:16.601782,4f:bb:00:00:02:0f,21.875,60.375,False,88.52941176470588,7779069.0
2026-08-08 07:27:16.685548,4f:bb:00:00:02:0f,21.8125,60.3125,False,88.5,7780330.5
2026-08-08 07:48:16.755767,4f:bb:00:00:02:0f,21.6875,60.25,False,88.52941176470588,7781584.5
2026-08-08 08:09:16.816165,4f:bb:00:00:02:0f,21.5625,60.25,False,88.52941176470588,7782848.0
2026-08-08 08:30:16.938207,4f:bb:00:00:02:0f,21.5625,60.4375,False,88.5,7784107.5
2026-08-08 08:51:16.974734,4f:bb:00:00:02:0f,21.625,60.625,False,88.5,7785367.0
2026-08-08 09:12:17.078449,4f:bb:00:00:02:0f,21.8125,60.6875,False,88.5,7786628.0
2026-08-08 09:33:17.098955,4f:bb:00:00:02:0f,22.0,61.0625,False,88.5,7787889.0
2026-08-08 09:54:17.183191,4f:bb:00:00:02:0f,22.25,61.1875,False,88.5,7789150.5
2026-08-08 10:15:17.259699,4f:bb:00:00:02:0f,22.5625,61.3125,False,88.52941176470588,7790408.0
2026-08-08 10:36:17.307212,4f:bb:00:00:02:0f,22.875,61.6875,False,88.5,7791670.5
2026-08-08 10:57:17.428668,4f:bb:00:00:02:0f,23.25,61.75,False,88.5,7792930.0
2026-08-08 11:18:17.518698,4f:bb:00:00:02:0f,23.5625,61.8125,False,88.52941176470588,7794190.0
2026-08-08 11:39:17.607307,4f:bb:00:00:02:0f,23.875,62.125,False,88.55882352941177,7795453.0
2026-08-08 12:00:17.732179,4f:bb:00:00:02:0f,24.125,62.125,False,88.52941176470588,7796709.0
2026-08-08 12:21:17.730443,4f:bb:00:00:02:0f,24.4375,62.25,False,88.55882352941177,7797969.0
2026-08-08 12:42:17.749784,4f:bb:00:00:02:0f,24.6875,62.5,False,88.55882352941177,7799230.5
2026-08-08 13:03:17.861801,4f:bb:00:00:02:0f,24.9375,62.5625,False,88.58823529411765,7800487.5
2026-08-08 13:24:17.909221,4f:bb:00:00:02:0f,25.1875,62.5625,False,88.61764705882354,7801751.0
2026-08-08 13:45:17.967982,4f:bb:00:00:02:0f,25.4375,62.875,False,88.58823529411765,7803007.5
2026-08-08 14:06:18.043672,4f:bb:00:00:02:0f,25.625,62.875,False,88.61764705882354,7804269.0
2026-08-08 14:27:18.156764,4f:bb:00:00:02:0f,25.8125,62.9375,False,88.61764705882354,7805530.5
2026-08-08 14:48:18.250956,4f:bb:00:00:02:0f,26.0,62.75,False,88.61764705882354,7806791.0
2026-08-08 15:09:18.341875,4f:bb:00:00:02:0f,26.0,62.5,False,88.61764705882354,7808049.0
2026-08-08 15:30:18.449009,4f:bb:00:00:02:0f,26.0,62.4375,False,88.6470588235294,7809310.0
2026-08-08 15:51:18.456378,4f:bb:00:00:02:0f,25.9375,62.4375,False,88.6470588235294,7810571.0
2026-08-08 16:12:18.544170,4f:bb:00:00:02:0f,25.875,62.3125,False,88.6470588235294,7811833.5
2026-08-08 16:33:18.559874,4f:bb:00:00:02:0f,25.8125,62.25,False,88.6470588235294,7813092.0
2026-08-08 16:54:18.655332,4f:bb:00:00:02:0f,25.8125,62.3125,False,88.6470588235294,7814351.5
2026-08-08 17:15:18.743086,4f:bb:00:00:02:0f,25.75,62.1875,False,88.6470588235294,7815611.5
2026-08-08 17:36:18.855063,4f:bb:00:00:02:0f,25.6875,62.1875,False,88.6470588235294,7816874.0
2026-08-08 17:57:18.956961,4f:bb:00:00:02:0f,25.625,62.0625,False,88.6470588235294,7818130.5
2026-08-08 18:18:18.972405,4f:bb:00:00:02:0f,25.5,62.0625,False,88.6470588235294,7819393.0
2026-08-08 18:39:19.075500,4f:bb:00:00:02:0f,25.4375,62.0,False,88.67647058823529,7820653.0
2026-08-08 19:00:19.109520,4f:bb:00:00:02:0f,25.3125,62.0,False,88.6470588235294,7821910.0
2026-08-08 19:21:19.162579,4f:bb:00:00:02:0f,25.1875,61.6875,False,88.6470588235294,7823174.0
2026-08-08 19:42:19.224385,4f:bb:00:00:02:0f,25.0625,61.625,False,88.6470588235294,7824431.0
2026-08-08 20:03:19.317495,4f:bb:00:00:02:0f,24.9375,61.6875,False,88.6470588235294,7825691.0
2026-08-08 20:24:19.396628,4f:bb:00:00:02:0f,24.875,61.75,False,88.6470588235294,7826952.0
2026-08-08 20:45:19.385825,4f:bb:00:00:02:0f,24.875,61.8125,False,88.6470588235294,7828211.5
2026-08-08 21:06:19.487119,4f:bb:00:00:02:0f,24.9375,61.875,False,88.6470588235294,7829473.5
2026-08-08 21:27:19.504318,4f:bb:00:00:02:0f,24.9375,61.75,False,88.6470588235294,7830730.0
2026-08-08 21:48:19.598431,4f:bb:00:00:02:0f,24.875,61.75,False,88.67647058823529,7831993.0
2026-08-08 22:09:19.643364,4f:bb:00:00:02:0f,24.875,61.75,False,88.6470588235294,7833253.0
2026-08-08 22:30:19.731471,4f:bb:00:00:02:0f,24.875,61.75,False,88.6470588235294,7834514.0
2026-08-08 22:51:19.812175,4f:bb:00:00:02:0f,24.875,61.78125,False,88.67647058823529,7835770.5
2026-08-08 23:12:19.925040,4f:bb:00:00:02:0f,24.875,61.75,False,88.67647058823529,7837034.0
2026-08-08 23:33:19.941785,4f:bb:00:00:02:0f,24.8125,61.625,False,88.6470588235294,7838297.0
2026-08-08 23:54:20.037249,4f:bb:00:00:02:0f,24.75,61.5625,False,88.6470588235294,7839556.0
2026-08-09 00:15:20.093140,4f:bb:00:00:02:0f,24.625,61.5625,False,88.70588235294117,7840815.0
2026-08-09 00:36:20.106056,4f:bb:00:00:02:0f,24.5625,61.5625,False,88.6470588235294,7842073.5
2026-08-09 00:57:20.219422,4f:bb:00:00:02:0f,24.5625,61.5625,False,88.67647058823529,7843336.0
2026-08-09 01:18:20.237888,4f:bb:00:00:02:0f,24.5,61.5,False,88.6470588235294,7844593.5
2026-08-09 01:39:20.286631,4f:bb:00:00:02:0f,24.4375,61.25,False,88.6470588235294,7845854.0
2026-08-09 02:00:20.392262,4f:bb:00:00:02:0f,24.375,61.25,False,88.6470588235294,7847114.0
2026-08-09 02:21:20.492324,4f:bb:00:00:02:0f,24.3125,61.1875,False,88.6470588235294,7848374.0
2026-08-09 02:42:20.593766,4f:bb:00:00:02:0f,24.25,61.1875,False,88.6470588235294,7849635.0
2026-08-09 03:03:20.676969,4f:bb:00:00:02:0f,24.1875,61.125,False,88.6470588235294,7850894.0
2026-08-09 03:24:20.770257,4f:bb:00:00:02:0f,24.125,61.0625,False,88.6470588235294,7852158.0
2026-08-09 03:45:20.899827,4f:bb:00:00:02:0f,24.0,61.0625,False,88.6470588235294,7853413.5
2026-08-09 04:06:20.981111,4f:bb:00:00:02:0f,23.9375,61.0,False,88.6470588235294,7854673.5
2026-08-09 04:27:21.064519,4f:bb:00:00:02:0f,23.8125,61.0,False,88.61764705882354,7855937.0
2026-08-09 04:48:21.132459,4f:bb:00:00:02:0f,23.75,60.9375,False,88.61764705882354,7857195.0
2026-08-09 05:09:21.230171,4f:bb:00:00:02:0f,23.6875,60.875,False,88.63235294117646,7858458.0
2026-08-09 05:30:21.345178,4f:bb:00:00:02:0f,23.5,60.5625,False,88.61764705882354,7859714.0
2026-08-09 05:51:21.404948,4f:bb:00:00:02:0f,23.375,60.5,False,88.61764705882354,7860976.0
2026-08-09 06:12:21.471779,4f:bb:00:00:02:0f,23.25,60.5,False,88.61764705882354,7862237.5
2026-08-09 06:33:21.600198,4f:bb:00:00:02:0f,23.125,60.4375,False,88.61764705882354,7863493.5
2026-08-09 06:54:21.667042,4f:bb:00:00:02:0f,23.0,60.4375,False,88.61764705882354,7864757.0
2026-08-09 07:15:21.712483,4f:bb:00:00:02:0f,22.875,60.375,False,88.61764705882354,7866017.0
2026-08-09 07:36:21.805761,4f:bb:00:00:02:0f,22.8125,60.4375,False,88.58823529411765,7867277.0
2026-08-09 07:57:21.894192,4f:bb:00:00:02:0f,22.75,60.25,False,88.58823529411765,7868537.0
2026-08-09 08:18:21.991828,4f:bb:00:00:02:0f,22.75,60.25,False,88.58823529411765,7869796.5
2026-08-09 08:39:22.034004,4f:bb:00:00:02:0f,22.75,60.625,False,88.58823529411765,7871058.0
2026-08-09 09:00:22.145977,4f:bb:00:00:02:0f,22.875,60.75,False,88.58823529411765,7872319.5
2026-08-09 09:21:22.178904,4f:bb:00:00:02:0f,23.0,60.625,False,88.55882352941177,7873578.0
2026-08-09 09:42:22.307369,4f:bb:00:00:02:0f,23.0625,60.4375,False,88.55882352941177,7874839.0
2026-08-09 10:03:22.398820,4f:bb:00:00:02:0f,23.0625,60.4375,False,88.58823529411765,7876096.5
2026-08-09 10:24:22.479953,4f:bb:00:00:02:0f,23.125,60.625,False,88.61764705882354,7877359.5
2026-08-09 10:45:22.578777,4f:bb:00:00:02:0f,23.1875,60.625,False,88.61764705882354,7878619.0
2026-08-09 11:06:22.687791,4f:bb:00:00:02:0f,23.25,60.5625,False,88.58823529411765,7879878.0
2026-08-09 11:27:22.790403,4f:bb:00:00:02:0f,23.375,60.9375,False,88.61764705882354,7881137.0
2026-08-09 11:48:22.892317,4f:bb:00:00:02:0f,23.6875,61.5625,False,88.61764705882354,7882396.5
2026-08-09 12:09:23.012018,4f:bb:00:00:02:0f,24.0625,61.6875,False,88.61764705882354,7883660.0
2026-08-09 12:30:23.053563,4f:bb:00:00:02:0f,24.4375,61.75,False,88.6470588235294,7884919.5
2026-08-09 12:51:23.069210,4f:bb:00:00:02:0f,24.75,62.0,False,88.6470588235294,7886178.0
2026-08-09 13:12:23.173356,4f:bb:00:00:02:0f,25.0625,61.9375,False,88.63235294117646,7887439.5
2026-08-09 13:33:23.161854,4f:bb:00:00:02:0f,25.25,61.9375,False,88.6470588235294,7888701.0
2026-08-09 13:54:23.189213,4f:bb:00:00:02:0f,25.4375,62.25,False,88.6470588235294,7889959.0
2026-08-09 14:15:23.257387,4f:bb:00:00:02:0f,25.6875,62.3125,False,88.6470588235294,7891219.5
2026-08-09 14:36:23.358104,4f:bb:00:00:02:0f,25.9375,62.4375,False,88.67647058823529,7892479.5
2026-08-09 14:57:23.459509,4f:bb:00:00:02:0f,26.1875,62.8125,False,88.67647058823529,7893740.0
2026-08-09 15:18:23.547789,4f:bb:00:00:02:0f,26.5,62.8125,False,88.70588235294117,7895002.0
2026-08-09 15:39:23.647922,4f:bb:00:00:02:0f,26.6875,62.75,False,88.70588235294117,7896259.0
2026-08-09 16:00:23.698046,4f:bb:00:00:02:0f,26.875,62.8125,False,88.70588235294117,7897522.0
2026-08-09 16:21:23.696157,4f:bb:00:00:02:0f,27.125,63.0625,False,88.70588235294117,7898780.0
2026-08-09 16:42:23.802521,4f:bb:00:00:02:0f,27.25,63.0625,False,88.73529411764706,7900042.0
2026-08-09 17:03:23.899218,4f:bb:00:00:02:0f,27.4375,63.0625,False,88.73529411764706,7901299.5
2026-08-09 17:24:23.921120,4f:bb:00:00:02:0f,27.625,63.1875,False,88.76470588235294,7902562.0
2026-08-09 17:45:23.951157,4f:bb:00:00:02:0f,27.8125,63.1875,False,88.76470588235294,7903822.5
2026-08-09 18:06:23.967740,4f:bb:00:00:02:0f,28.0,63.375,False,88.76470588235294,7905081.0
2026-08-09 18:27:23.956270,4f:bb:00:00:02:0f,28.125,63.25,False,88.76470588235294,7906342.5
2026-08-09 18:48:24.069541,4f:bb:00:00:02:0f,28.1875,63.1875,False,88.76470588235294,7907600.0
2026-08-09 19:09:24.191468,4f:bb:00:00:02:0f,28.25,63.0625,False,88.79411764705883,7908862.5
2026-08-09 19:30:24.182221,4f:bb:00:00:02:0f,28.25,63.0625,False,88.76470588235294,7910119.5
2026-08-09 19:51:24.191794,4f:bb:00:00:02:0f,28.3125,63.0,False,88.76470588235294,7911381.5
2026-08-09 20:12:24.272798,4f:bb:00:00:02:0f,28.3125,62.9375,False,88.79411764705883,7912641.0
2026-08-09 20:33:24.364921,4f:bb:00:00:02:0f,28.3125,62.875,False,88.80882352941177,7913902.5
2026-08-09 20:54:24.462385,4f:bb:00:00:02:0f,28.3125,62.8125,False,88.79411764705883,7915160.0
2026-08-09 21:15:24.489439,4f:bb:00:00:02:0f,28.3125,62.75,False,88.82352941176471,7916424.0
2026-08-09 21:36:24.619360,4f:bb:00:00:02:0f,28.3125,62.6875,False,88.79411764705883,7917680.0
2026-08-09 21:57:24.689990,4f:bb:00:00:02:0f,28.25,62.625,False,88.8529411764706,7918943.0
2026-08-09 22:18:24.696041,4f:bb:00:00:02:0f,28.1875,62.5,False,88.8529411764706,7920202.5
2026-08-09 22:39:24.751827,4f:bb:00:00:02:0f,28.0625,62.4375,False,88.8529411764706,7921461.5
2026-08-09 23:00:24.816479,4f:bb:00:00:02:0f,27.875,62.1875,False,88.8529411764706,7922724.0
2026-08-09 23:21:24.909415,4f:bb:00:00:02:0f,27.5,61.5,False,88.82352941176471,7923983.0
2026-08-09 23:42:24.952694,4f:bb:00:00:02:0f,26.9375,60.9375,False,88.79411764705883,7925242.5
2026-08-10 00:03:25.025742,4f:bb:00:00:02:0f,26.3125,60.9375,False,88.82352941176471,7926502.5
2026-08-10 00:24:25.057940,4f:bb:00:00:02:0f,25.875,60.75,False,88.79411764705883,7927762.0
2026-08-10 00:45:25.075058,4f:bb:00:00:02:0f,25.5625,60.8125,False,88.79411764705883,7929023.0
2026-08-10 01:06:25.172055,4f:bb:00:00:02:0f,25.375,60.8125,False,88.76470588235294,7930284.0
2026-08-10 01:27:25.269931,4f:bb:00:00:02:0f,25.1875,60.5625,False,88.79411764705883,7931543.0
2026-08-10 01:48:25.368724,4f:bb:00:00:02:0f,25.0625,60.5,False,88.79411764705883,7932806.0
2026-08-10 02:09:25.495088,4f:bb:00:00:02:0f,24.875,60.3125,False,88.76470588235294,7934064.0
2026-08-10 02:30:25.574232,4f:bb:00:00:02:0f,24.5625,60.1875,False,88.79411764705883,7935323.0
2026-08-10 02:51:25.632074,4f:bb:00:00:02:0f,24.3125,59.875,False,88.76470588235294,7936582.5
2026-08-10 03:12:25.730097,4f:bb:00:00:02:0f,24.0625,59.8125,False,88.76470588235294,7937842.5
2026-08-10 03:33:25.848134,4f:bb:00:00:02:0f,23.8125,59.8125,False,88.76470588235294,7939104.0
2026-08-10 03:54:25.944133,4f:bb:00:00:02:0f,23.625,59.8125,False,88.76470588235294,7940366.0
2026-08-10 04:15:26.029727,4f:bb:00:00:02:0f,23.375,59.5,False,88.76470588235294,7941625.0
2026-08-10 04:36:26.137668,4f:bb:00:00:02:0f,23.1875,59.4375,False,88.73529411764706,7942887.0
2026-08-10 04:57:26.244951,4f:bb:00:00:02:0f,23.0,59.375,False,88.73529411764706,7944144.0
2026-08-10 05:18:26.362141,4f:bb:00:00:02:0f,22.75,59.0625,False,88.73529411764706,7945409.0
2026-08-10 05:39:26.454100,4f:bb:00:00:02:0f,22.5,58.9375,False,88.70588235294117,7946665.0
2026-08-10 06:00:26.524830,4f:bb:00:00:02:0f,22.1875,58.8125,False,88.70588235294117,7947926.0
2026-08-10 06:21:26.581324,4f:bb:00:00:02:0f,21.875,58.625,False,88.67647058823529,7949185.5
2026-08-10 06:42:26.665817,4f:bb:00:00:02:0f,21.6875,58.625,False,88.67647058823529,7950448.0
2026-08-10 07:03:26.755712,4f:bb:00:00:02:0f,21.4375,58.5,False,88.67647058823529,7951705.5
2026-08-10 07:24:26.862905,4f:bb:00:00:02:0f,21.1875,58.5,False,88.67647058823529,7952967.0
2026-08-10 07:45:26.966914,4f:bb:00:00:02:0f,21.0,58.25,False,88.67647058823529,7954227.0
2026-08-10 08:06:27.064031,4f:bb:00:00:02:0f,20.8125,58.3125,False,88.6470588235294,7955487.0
2026-08-10 08:27:27.134186,4f:bb:00:00:02:0f,20.75,58.5,False,88.6470588235294,7956748.0
2026-08-10 08:48:27.148328,4f:bb:00:00:02:0f,20.8125,58.6875,False,88.61764705882354,7958005.5
2026-08-10 09:09:27.244783,4f:bb:00:00:02:0f,20.9375,58.6875,False,88.6470588235294,7959268.5
2026-08-10 09:30:27.323184,4f:bb:00:00:02:0f,21.0625,58.5625,False,88.6470588235294,7960525.5
2026-08-10 09:51:27.404113,4f:bb:00:00:02:0f,21.09375,58.8125,False,88.61764705882354,7961787.0
2026-08-10 10:12:27.511288,4f:bb:00:00:02:0f,21.125,58.8125,False,88.61764705882354,7963048.5
2026-08-10 10:33:27.586758,4f:bb:00:00:02:0f,21.1875,58.9375,False,88.6470588235294,7964305.5
2026-08-10 10:54:27.613999,4f:bb:00:00:02:0f,21.3125,59.125,False,88.6470588235294,7965567.0
2026-08-10 11:15:27.717553,4f:bb:00:00:02:0f,21.4375,59.1875,False,88.63235294117646,7966828.5
2026-08-10 11:36:27.781088,4f:bb:00:00:02:0f,21.5625,59.3125,False,88.61764705882354,7968088.0
2026-08-10 11:57:27.867735,4f:bb:00:00:02:0f,21.75,59.4375,False,88.61764705882354,7969348.5
2026-08-10 12:18:27.972873,4f:bb:00:00:02:0f,21.9375,59.6875,False,88.6470588235294,7970605.5
2026-08-10 12:39:28.079198,4f:bb:00:00:02:0f,22.125,59.75,False,88.61764705882354,7971869.0
2026-08-10 13:00:28.116807,4f:bb:00:00:02:0f,22.25,59.75,False,88.61764705882354,7973128.5
2026-08-10 13:21:28.194742,4f:bb:00:00:02:0f,22.4375,60.0,False,88.61764705882354,7974391.0
2026-08-10 13:42:28.309964,4f:bb:00:00:02:0f,22.6875,60.1875,False,88.6470588235294,7975648.0
2026-08-10 14:03:28.350082,4f:bb:00:00:02:0f,23.0,60.5,False,88.6470588235294,7976909.0
2026-08-10 14:24:28.424674,4f:bb:00:00:02:0f,23.3125,60.625,False,88.61764705882354,7978167.0
2026-08-10 14:45:28.558637,4f:bb:00:00:02:0f,23.5625,60.625,False,88.6470588235294,7979430.5
2026-08-10 15:06:28.647109,4f:bb:00:00:02:0f,23.875,60.9375,False,88.67647058823529,7980691.0
2026-08-10 15:27:28.711798,4f:bb:00:00:02:0f,24.0625,61.0,False,88.66176470588235,7981951.5
2026-08-10 15:48:28.797696,4f:bb:00:00:02:0f,24.3125,60.875,False,88.67647058823529,7983209.0
2026-08-10 16:09:28.864494,4f:bb:00:00:02:0f,24.4375,60.875,False,88.6470588235294,7984471.5
2026-08-10 16:30:28.973073,4f:bb:00:00:02:0f,24.5625,61.125,False,88.6470588235294,7985728.5
2026-08-10 16:51:29.079805,4f:bb:00:00:02:0f,24.625,61.0,False,88.6470588235294,7986990.0
2026-08-10 17:12:29.170298,4f:bb:00:00:02:0f,24.6875,61.0625,False,88.67647058823529,7988249.0
2026-08-10 17:33:29.282254,4f:bb:00:00:02:0f,24.8125,61.125,False,88.67647058823529,7989511.0
2026-08-10 17:54:29.371060,4f:bb:00:00:02:0f,24.875,60.75,False,88.67647058823529,7990771.0
2026-08-10 18:15:29.447895,4f:bb:00:00:02:0f,24.6875,60.5,False,88.67647058823529,7992032.0
2026-08-10 18:36:29.546896,4f:bb:00:00:02:0f,24.5625,60.5625,False,88.67647058823529,7993289.0
2026-08-10 18:57:29.642565,4f:bb:00:00:02:0f,24.4375,60.3125,False,88.67647058823529,7994554.5
2026-08-10 19:18:29.697792,4f:bb:00:00:02:0f,24.3125,60.25,False,88.67647058823529,7995811.0
2026-08-10 19:39:29.730197,4f:bb:00:00:02:0f,24.125,60.25,False,88.6470588235294,7997072.0
2026-08-10 20:00:29.854337,4f:bb:00:00:02:0f,23.9375,60.125,False,88.67647058823529,7998330.0
2026-08-10 20:21:29.942328,4f:bb:00:00:02:0f,23.6875,60.0625,False,88.6470588235294,7999592.0
2026-08-10 20:42:29.984217,4f:bb:00:00:02:0f,23.4375,59.875,False,88.6470588235294,8000851.0
2026-08-10 21:03:30.018301,4f:bb:00:00:02:0f,23.25,59.875,False,88.6470588235294,8002110.0
2026-08-10 21:24:30.137648,4f:bb:00:00:02:0f,23.0625,60.0,False,88.6470588235294,8003374.0
2026-08-10 21:45:30.239222,4f:bb:00:00:02:0f,23.0,60.0625,False,88.6470588235294,8004631.0
2026-08-10 22:06:30.363528,4f:bb:00:00:02:0f,23.0625,60.25,False,88.61764705882354,8005893.0
2026-08-10 22:27:30.438783,4f:bb:00:00:02:0f,23.25,60.4375,False,88.6470588235294,8007149.0
2026-08-10 22:48:30.461473,4f:bb:00:00:02:0f,23.4375,60.5,False,88.67647058823529,8008414.5
2026-08-10 23:09:30.468250,4f:bb:00:00:02:0f,23.5625,60.4375,False,88.61764705882354,8009674.0
2026-08-10 23:30:30.581340,4f:bb:00:00:02:0f,23.6875,60.625,False,88.66176470588235,8010934.5
2026-08-10 23:51:30.704425,4f:bb:00:00:02:0f,23.75,60.4375,False,88.6470588235294,8012191.0
2026-08-11 00:12:30.762743,4f:bb:00:00:02:0f,23.6875,60.25,False,88.66176470588235,8013452.0
2026-08-11 00:33:30.842312,4f:bb:00:00:02:0f,23.625,60.1875,False,88.66176470588235,8014715.0
2026-08-11 00:54:30.923020,4f:bb:00:00:02:0f,23.5,59.9375,False,88.67647058823529,8015972.0
2026-08-11 01:15:30.983819,4f:bb:00:00:02:0f,23.4375,59.9375,False,88.6470588235294,8017233.0
2026-08-11 01:36:31.070128,4f:bb:00:00:02:0f,23.3125,59.875,False,88.6470588235294,8018493.0
2026-08-11 01:57:31.140358,4f:bb:00:00:02:0f,23.25,59.875,False,88.6470588235294,8019754.5
2026-08-11 02:18:31.191455,4f:bb:00:00:02:0f,23.125,59.8125,False,88.6470588235294,8021014.0
2026-08-11 02:39:31.297063,4f:bb:00:00:02:0f,23.03125,59.8125,False,88.61764705882354,8022276.0
2026-08-11 03:00:31.337892,4f:bb:00:00:02:0f,22.9375,59.75,False,88.61764705882354,8023534.0
2026-08-11 03:21:31.386364,4f:bb:00:00:02:0f,22.8125,59.6875,False,88.61764705882354,8024796.0
2026-08-11 03:42:31.414623,4f:bb:00:00:02:0f,22.6875,59.4375,False,88.61764705882354,8026054.0
2026-08-11 04:03:31.496549,4f:bb:00:00:02:0f,22.625,59.375,False,88.58823529411765,8027312.0
2026-08-11 04:24:31.585233,4f:bb:00:00:02:0f,22.5,59.3125,False,88.61764705882354,8028575.0
2026-08-11 04:45:31.697974,4f:bb:00:00:02:0f,22.375,59.3125,False,88.58823529411765,8029834.0
2026-08-11 05:06:31.755583,4f:bb:00:00:02:0f,22.1875,59.1875,False,88.58823529411765,8031095.0
2026-08-11 05:27:31.786036,4f:bb:00:00:02:0f,22.0625,59.1875,False,88.61764705882354,8032356.0
2026-08-11 05:48:31.867517,4f:bb:00:00:02:0f,21.875,58.875,False,88.58823529411765,8033614.5
2026-08-11 06:09:31.975702,4f:bb:00:00:02:0f,21.75,58.875,False,88.58823529411765,8034877.5
2026-08-11 06:30:32.004081,4f:bb:00:00:02:0f,21.5625,58.8125,False,88.58823529411765,8036134.5
2026-08-11 06:51:32.002968,4f:bb:00:00:02:0f,21.4375,58.8125,False,88.58823529411765,8037398.0
2026-08-11 07:12:32.106447,4f:bb:00:00:02:0f,21.3125,58.8125,False,88.58823529411765,8038657.5
2026-08-11 07:33:32.145649,4f:bb:00:00:02:0f,21.1875,58.75,False,88.57352941176471,8039916.0
2026-08-11 07:54:32.267296,4f:bb:00:00:02:0f,21.0625,58.5,False,88.58823529411765,8041177.0
2026-08-11 08:15:32.304142,4f:bb:00:00:02:0f,20.9375,58.5,False,88.55882352941177,8042434.0
2026-08-11 08:36:32.408513,4f:bb:00:00:02:0f,20.875,58.6875,False,88.52941176470588,8043697.0
2026-08-11 08:57:32.515149,4f:bb:00:00:02:0f,20.9375,58.875,False,88.55882352941177,8044956.0
2026-08-11 09:18:32.601163,4f:bb:00:00:02:0f,21.125,59.125,False,88.55882352941177,8046216.0
2026-08-11 09:39:32.662998,4f:bb:00:00:02:0f,21.3125,59.25,False,88.55882352941177,8047478.0
2026-08-11 10:00:32.692268,4f:bb:00:00:02:0f,21.5,59.25,False,88.55882352941177,8048736.0
2026-08-11 10:21:32.792489,4f:bb:00:00:02:0f,21.75,59.375,False,88.55882352941177,8049997.0
2026-08-11 10:42:32.762351,4f:bb:00:00:02:0f,22.0,59.8125,False,88.55882352941177,8051255.0
2026-08-11 11:03:32.858961,4f:bb:00:00:02:0f,22.25,59.8125,False,88.55882352941177,8052516.5
2026-08-11 11:24:32.895559,4f:bb:00:00:02:0f,22.5,59.75,False,88.55882352941177,8053777.0
2026-08-11 11:45:33.032536,4f:bb:00:00:02:0f,22.6875,59.875,False,88.55882352941177,8055037.0
2026-08-11 12:06:33.098275,4f:bb:00:00:02:0f,22.875,60.1875,False,88.58823529411765,8056300.0
2026-08-11 12:27:33.196763,4f:bb:00:00:02:0f,23.0625,60.1875,False,88.58823529411765,8057556.0
2026-08-11 12:48:33.284167,4f:bb:00:00:02:0f,23.25,60.1875,False,88.6029411764706,8058820.5
2026-08-11 13:09:33.385079,4f:bb:00:00:02:0f,23.375,60.1875,False,88.58823529411765,8060077.0
2026-08-11 13:30:33.460261,4f:bb:00:00:02:0f,23.4375,60.1875,False,88.58823529411765,8061340.5
2026-08-11 13:51:33.564674,4f:bb:00:00:02:0f,23.5,60.125,False,88.58823529411765,8062597.0
2026-08-11 14:12:33.637674,4f:bb:00:00:02:0f,23.5625,60.125,False,88.58823529411765,8063858.0
2026-08-11 14:33:33.703774,4f:bb:00:00:02:0f,23.5625,60.0625,False,88.58823529411765,8065119.0
2026-08-11 14:54:33.809080,4f:bb:00:00:02:0f,23.625,60.3125,False,88.58823529411765,8066378.0
2026-08-11 15:15:33.919260,4f:bb:00:00:02:0f,23.625,60.3125,False,88.61764705882354,8067641.0
2026-08-11 15:36:33.927518,4f:bb:00:00:02:0f,23.625,60.3125,False,88.58823529411765,8068897.5
2026-08-11 15:57:34.036962,4f:bb:00:00:02:0f,23.625,60.25,False,88.58823529411765,8070158.0
2026-08-11 16:18:34.120913,4f:bb:00:00:02:0f,23.625,60.25,False,88.61764705882354,8071417.5
2026-08-11 16:39:34.167339,4f:bb:00:00:02:0f,23.625,60.1875,False,88.61764705882354,8072679.0
2026-08-11 17:00:34.222318,4f:bb:00:00:02:0f,23.5625,59.9375,False,88.58823529411765,8073940.0
2026-08-11 17:21:34.311344,4f:bb:00:00:02:0f,23.5625,60.0,False,88.58823529411765,8075200.5
2026-08-11 17:42:34.402666,4f:bb:00:00:02:0f,23.5625,59.9375,False,88.58823529411765,8076460.0
2026-08-11 18:03:34.454257,4f:bb:00:00:02:0f,23.5,59.875,False,88.61764705882354,8077722.0
2026-08-11 18:24:34.535764,4f:bb:00:00:02:0f,23.4375,59.875,False,88.58823529411765,8078977.5
2026-08-11 18:45:34.613048,4f:bb:00:00:02:0f,23.375,59.8125,False,88.58823529411765,8080240.0
2026-08-11 19:06:34.645908,4f:bb:00:00:02:0f,23.25,59.6875,False,88.58823529411765,8081501.0
2026-08-11 19:27:34.712810,4f:bb:00:00:02:0f,23.125,59.6875,False,88.58823529411765,8082758.5
2026-08-11 19:48:34.742317,4f:bb:00:00:02:0f,22.9375,59.6875,False,88.58823529411765,8084023.0
2026-08-11 20:09:34.752094,4f:bb:00:00:02:0f,22.8125,59.6875,False,88.58823529411765,8085283.5
2026-08-11 20:30:34.868990,4f:bb:00:00:02:0f,22.625,59.375,False,88.58823529411765,8086538.0
2026-08-11 20:51:34.984425,4f:bb:00:00:02:0f,22.4375,59.3125,False,88.55882352941177,8087803.0
2026-08-11 21:12:35.066592,4f:bb:00:00:02:0f,22.25,59.1875,False,88.58823529411765,8089060.0
2026-08-11 21:33:35.170375,4f:bb:00:00:02:0f,22.0,59.25,False,88.55882352941177,8090324.0
2026-08-11 21:54:35.208071,4f:bb:00:00:02:0f,21.875,59.125,False,88.55882352941177,8091583.5
2026-08-11 22:15:35.286179,4f:bb:00:00:02:0f,21.8125,59.1875,False,88.55882352941177,8092841.0
2026-08-11 22:36:35.398806,4f:bb:00:00:02:0f,21.75,59.25,False,88.55882352941177,8094103.5
2026-08-11 22:57:35.451130,4f:bb:00:00:02:0f,21.8125,59.3125,False,88.55882352941177,8095361.0
2026-08-11 23:18:35.516322,4f:bb:00:00:02:0f,21.8125,59.25,False,88.55882352941177,8096622.0
2026-08-11 23:39:35.611884,4f:bb:00:00:02:0f,21.8125,59.1875,False,88.55882352941177,8097883.0
2026-08-12 00:00:35.695712,4f:bb:00:00:02:0f,21.8125,59.1875,False,88.55882352941177,8099141.0
2026-08-12 00:21:35.730977,4f:bb:00:00:02:0f,21.75,59.125,False,88.55882352941177,8100402.5
2026-08-12 00:42:35.758696,4f:bb:00:00:02:0f,21.6875,59.0625,False,88.52941176470588,8101660.5
2026-08-12 01:03:35.812085,4f:bb:00:00:02:0f,21.5625,59.125,False,88.52941176470588,8102922.0
2026-08-12 01:24:35.891271,4f:bb:00:00:02:0f,21.5,59.125,False,88.55882352941177,8104183.5
2026-08-12 01:45:35.987487,4f:bb:00:00:02:0f,21.4375,59.125,False,88.52941176470588,8105441.0
2026-08-12 02:06:36.030677,4f:bb:00:00:02:0f,21.4375,59.125,False,88.52941176470588,8106705.0
2026-08-12 02:27:36.126780,4f:bb:00:00:02:0f,21.3125,59.125,False,88.5,8107960.0
2026-08-12 02:48:36.145673,4f:bb:00:00:02:0f,21.3125,59.125,False,88.5,8109224.0
2026-08-12 03:09:36.257738,4f:bb:00:00:02:0f,21.25,59.125,False,88.5,8110480.0
2026-08-12 03:30:36.370891,4f:bb:00:00:02:0f,21.25,59.1875,False,88.5,8111746.0
2026-08-12 03:51:36.434497,4f:bb:00:00:02:0f,21.1875,59.1875,False,88.5,8113006.0
2026-08-12 04:12:36.482273,4f:bb:00:00:02:0f,21.25,59.1875,False,88.5,8114264.0
2026-08-12 04:33:36.583815,4f:bb:00:00:02:0f,21.1875,59.1875,False,88.5,8115527.0
2026-08-12 04:54:36.603235,4f:bb:00:00:02:0f,21.1875,59.1875,False,88.47058823529412,8116782.0
2026-08-12 05:15:36.693364,4f:bb:00:00:02:0f,21.1875,59.1875,False,88.5,8118045.0
2026-08-12 05:36:36.744461,4f:bb:00:00:02:0f,21.1875,59.1875,False,88.48529411764706,8119303.5
2026-08-12 05:57:36.863550,4f:bb:00:00:02:0f,21.125,59.125,False,88.47058823529412,8120566.0
2026-08-12 06:18:36.954881,4f:bb:00:00:02:0f,21.125,59.125,False,88.47058823529412,8121826.0
2026-08-12 06:39:37.026227,4f:bb:00:00:02:0f,21.0,58.875,False,88.5,8123084.0
2026-08-12 07:00:37.045314,4f:bb:00:00:02:0f,20.9375,58.875,False,88.47058823529412,8124343.5
2026-08-12 07:21:37.146307,4f:bb:00:00:02:0f,20.9375,58.9375,False,88.47058823529412,8125606.0
2026-08-12 07:42:37.246535,4f:bb:00:00:02:0f,20.90625,58.9375,False,88.47058823529412,8126865.0
2026-08-12 08:03:37.271318,4f:bb:00:00:02:0f,20.875,58.9375,False,88.45588235294117,8128126.5
2026-08-12 08:24:37.277522,4f:bb:00:00:02:0f,20.875,59.0625,False,88.47058823529412,8129383.5
2026-08-12 08:45:37.333560,4f:bb:00:00:02:0f,21.0,59.375,False,88.44117647058823,8130646.0
2026-08-12 09:06:37.442706,4f:bb:00:00:02:0f,21.25,59.8125,False,88.47058823529412,8131906.0
2026-08-12 09:27:37.518296,4f:bb:00:00:02:0f,21.5,59.9375,False,88.44117647058823,8133166.0
2026-08-12 09:48:37.533737,4f:bb:00:00:02:0f,21.8125,60.0625,False,88.47058823529412,8134426.0
2026-08-12 10:09:37.612441,4f:bb:00:00:02:0f,22.1875,60.375,False,88.5,8135686.0
2026-08-12 10:30:37.695906,4f:bb:00:00:02:0f,22.5,60.4375,False,88.5,8136949.0
2026-08-12 10:51:37.808179,4f:bb:00:00:02:0f,22.8125,60.6875,False,88.5,8138204.0
2026-08-12 11:12:37.928736,4f:bb:00:00:02:0f,23.125,60.8125,False,88.52941176470588,8139466.5
2026-08-12 11:33:38.007194,4f:bb:00:00:02:0f,23.375,60.875,False,88.52941176470588,8140728.0
2026-08-12 11:54:38.012143,4f:bb:00:00:02:0f,23.75,61.25,False,88.52941176470588,8141987.0
2026-08-12 12:15:38.132283,4f:bb:00:00:02:0f,24.0625,61.3125,False,88.52941176470588,8143246.5
2026-08-12 12:36:38.244873,4f:bb:00:00:02:0f,24.3125,61.375,False,88.52941176470588,8144506.5
2026-08-12 12:57:38.309515,4f:bb:00:00:02:0f,24.6875,61.8125,False,88.55882352941177,8145769.5
2026-08-12 13:18:38.372427,4f:bb:00:00:02:0f,25.0,61.875,False,88.55882352941177,8147026.0
2026-08-12 13:39:38.489311,4f:bb:00:00:02:0f,25.3125,62.1875,False,88.58823529411765,8148287.0
2026-08-12 14:00:38.505193,4f:bb:00:00:02:0f,25.625,62.25,False,88.58823529411765,8149546.0
2026-08-12 14:21:38.603526,4f:bb:00:00:02:0f,25.9375,62.3125,False,88.58823529411765,8150809.0
2026-08-12 14:42:38.630421,4f:bb:00:00:02:0f,26.1875,62.5,False,88.58823529411765,8152069.0
2026-08-12 15:03:38.725559,4f:bb:00:00:02:0f,26.375,62.375,False,88.61764705882354,8153326.5
2026-08-12 15:24:38.751633,4f:bb:00:00:02:0f,26.5,62.375,False,88.61764705882354,8154589.5
2026-08-12 15:45:38.781359,4f:bb:00:00:02:0f,26.625,62.5,False,88.6470588235294,8155849.0
2026-08-12 16:06:38.894885,4f:bb:00:00:02:0f,26.8125,62.5,False,88.6470588235294,8157108.0
2026-08-12 16:27:38.996616,4f:bb:00:00:02:0f,27.0,62.4375,False,88.6470588235294,8158368.0
2026-08-12 16:48:39.047257,4f:bb:00:00:02:0f,27.125,62.6875,False,88.6470588235294,8159628.0
2026-08-12 17:09:39.168431,4f:bb:00:00:02:0f,27.25,62.625,False,88.6470588235294,8160886.0
2026-08-12 17:30:39.185130,4f:bb:00:00:02:0f,27.3125,62.5625,False,88.67647058823529,8162148.0
2026-08-12 17:51:39.235255,4f:bb:00:00:02:0f,27.4375,62.5,False,88.67647058823529,8163407.0
2026-08-12 18:12:39.356866,4f:bb:00:00:02:0f,27.5,62.4375,False,88.67647058823529,8164666.0
2026-08-12 18:33:39.432076,4f:bb:00:00:02:0f,27.5625,62.25,False,88.70588235294117,8165929.5
2026-08-12 18:54:39.526547,4f:bb:00:00:02:0f,27.5,62.0625,False,88.67647058823529,8167189.0
2026-08-12 19:15:39.635834,4f:bb:00:00:02:0f,27.4375,61.9375,False,88.67647058823529,8168449.5
2026-08-12 19:36:39.674054,4f:bb:00:00:02:0f,27.3125,61.875,False,88.70588235294117,8169711.0
2026-08-12 19:57:39.722187,4f:bb:00:00:02:0f,27.1875,61.625,False,88.70588235294117,8170969.0
2026-08-12 20:18:39.765164,4f:bb:00:00:02:0f,26.9375,61.3125,False,88.70588235294117,8172231.0
2026-08-12 20:39:39.843753,4f:bb:00:00:02:0f,26.6875,61.3125,False,88.73529411764706,8173490.0
2026-08-12 21:00:39.958607,4f:bb:00:00:02:0f,26.5,61.375,False,88.70588235294117,8174752.0
2026-08-12 21:21:40.045381,4f:bb:00:00:02:0f,26.375,61.3125,False,88.75,8176005.5
2026-08-12 21:42:40.145052,4f:bb:00:00:02:0f,26.1875,61.125,False,88.70588235294117,8177269.0
2026-08-12 22:03:40.219400,4f:bb:00:00:02:0f,25.9375,61.0,False,88.70588235294117,8178533.0
2026-08-12 22:24:40.234957,4f:bb:00:00:02:0f,25.875,61.0625,False,88.73529411764706,8179790.0
2026-08-12 22:45:40.318277,4f:bb:00:00:02:0f,25.75,60.9375,False,88.73529411764706,8181053.0
2026-08-12 23:06:40.436026,4f:bb:00:00:02:0f,25.625,60.875,False,88.70588235294117,8182312.5
2026-08-12 23:27:40.472800,4f:bb:00:00:02:0f,25.5,60.875,False,88.73529411764706,8183570.0
2026-08-12 23:48:40.568537,4f:bb:00:00:02:0f,25.4375,60.8125,False,88.70588235294117,8184832.5
2026-08-13 00:09:40.631124,4f:bb:00:00:02:0f,25.3125,60.75,False,88.70588235294117,8186089.0
2026-08-13 00:30:40.689070,4f:bb:00:00:02:0f,25.1875,60.4375,False,88.70588235294117,8187351.0
2026-08-13 00:51:40.762592,4f:bb:00:00:02:0f,25.0625,60.375,False,88.67647058823529,8188610.0
2026-08-13 01:12:40.886233,4f:bb:00:00:02:0f,24.9375,60.375,False,88.70588235294117,8189871.5
2026-08-13 01:33:40.947849,4f:bb:00:00:02:0f,24.8125,60.3125,False,88.67647058823529,8191130.0
2026-08-13 01:54:41.007283,4f:bb:00:00:02:0f,24.6875,60.3125,False,88.69117647058823,8192392.5
2026-08-13 02:15:41.128607,4f:bb:00:00:02:0f,24.625,60.25,False,88.67647058823529,8193652.5
2026-08-13 02:36:41.217410,4f:bb:00:00:02:0f,24.5,60.25,False,88.70588235294117,8194913.0
2026-08-13 02:57:41.328137,4f:bb:00:00:02:0f,24.4375,59.9375,False,88.70588235294117,8196175.0
2026-08-13 03:18:41.415041,4f:bb:00:00:02:0f,24.3125,59.875,False,88.67647058823529,8197433.0
2026-08-13 03:39:41.485037,4f:bb:00:00:02:0f,24.1875,59.875,False,88.67647058823529,8198696.0
2026-08-13 04:00:41.509943,4f:bb:00:00:02:0f,24.0625,59.8125,False,88.67647058823529,8199952.5
2026-08-13 04:21:41.606427,4f:bb:00:00:02:0f,23.9375,59.8125,False,88.67647058823529,8201214.0
2026-08-13 04:42:41.627634,4f:bb:00:00:02:0f,23.875,59.75,False,88.6470588235294,8202472.0
2026-08-13 05:03:41.712594,4f:bb:00:00:02:0f,23.75,59.6875,False,88.67647058823529,8203735.0
2026-08-13 05:24:41.745751,4f:bb:00:00:02:0f,23.625,59.6875,False,88.6470588235294,8204997.5
2026-08-13 05:45:41.753391,4f:bb:00:00:02:0f,23.5,59.4375,False,88.6470588235294,8206253.0
2026-08-13 06:06:41.915094,4f:bb:00:00:02:0f,23.375,59.375,False,88.6470588235294,8207516.0
2026-08-13 06:27:41.847635,4f:bb:00:00:02:0f,23.25,59.375,False,88.6470588235294,8208775.0
2026-08-13 06:48:41.946380,4f:bb:00:00:02:0f,23.125,59.3125,False,88.6470588235294,8210036.0
2026-08-13 07:09:41.983808,4f:bb:00:00:02:0f,23.0625,59.3125,False,88.6470588235294,8211292.0
2026-08-13 07:30:42.056802,4f:bb:00:00:02:0f,22.9375,59.3125,False,88.61764705882354,8212555.5
2026-08-13 07:51:42.139410,4f:bb:00:00:02:0f,22.875,59.3125,False,88.61764705882354,8213814.0
2026-08-13 08:12:42.263589,4f:bb:00:00:02:0f,22.8125,59.3125,False,88.6470588235294,8215074.0
2026-08-13 08:33:42.350613,4f:bb:00:00:02:0f,22.875,59.5,False,88.61764705882354,8216334.0
2026-08-13 08:54:42.423862,4f:bb:00:00:02:0f,23.0,59.625,False,88.61764705882354,8217595.5
2026-08-13 09:15:42.486642,4f:bb:00:00:02:0f,23.1875,59.75,False,88.6470588235294,8218853.0
2026-08-13 09:36:42.589437,4f:bb:00:00:02:0f,23.4375,59.9375,False,88.6470588235294,8220115.0
2026-08-13 09:57:42.697456,4f:bb:00:00:02:0f,23.75,60.375,False,88.6470588235294,8221373.0
2026-08-13 10:18:42.775626,4f:bb:00:00:02:0f,24.1875,60.5,False,88.6470588235294,8222635.5
2026-08-13 10:39:42.888683,4f:bb:00:00:02:0f,24.625,61.0625,False,88.6470588235294,8223896.5
2026-08-13 11:00:42.973992,4f:bb:00:00:02:0f,25.125,61.3125,False,88.67647058823529,8225154.0
2026-08-13 11:21:43.083157,4f:bb:00:00:02:0f,25.6875,61.75,False,88.67647058823529,8226419.0
2026-08-13 11:42:43.163877,4f:bb:00:00:02:0f,26.3125,62.25,False,88.69117647058823,8227675.5
2026-08-13 12:03:43.281452,4f:bb:00:00:02:0f,26.875,62.3125,False,88.70588235294117,8228935.0
2026-08-13 12:24:43.381280,4f:bb:00:00:02:0f,27.4375,62.5625,False,88.70588235294117,8230198.5
2026-08-13 12:45:43.434759,4f:bb:00:00:02:0f,27.875,62.8125,False,88.70588235294117,8231456.0
2026-08-13 13:06:43.514684,4f:bb:00:00:02:0f,28.25,63.0,False,88.73529411764706,8232716.0
2026-08-13 13:27:43.550920,4f:bb:00:00:02:0f,28.75,63.3125,False,88.76470588235294,8233978.5
2026-08-13 13:48:43.641872,4f:bb:00:00:02:0f,29.1875,63.3125,False,88.79411764705883,8235235.0
2026-08-13 14:09:43.660667,4f:bb:00:00:02:0f,29.5625,63.5625,False,88.79411764705883,8236498.0
2026-08-13 14:30:43.734689,4f:bb:00:00:02:0f,29.875,63.5625,False,88.79411764705883,8237759.0
2026-08-13 14:51:43.746622,4f:bb:00:00:02:0f,30.1875,63.5625,False,88.79411764705883,8239016.0
2026-08-13 15:12:43.773148,4f:bb:00:00:02:0f,30.4375,63.8125,False,88.8529411764706,8240277.0
2026-08-13 15:33:43.855479,4f:bb:00:00:02:0f,30.6875,63.75,False,88.83823529411765,8241538.5
2026-08-13 15:54:43.983802,4f:bb:00:00:02:0f,30.9375,63.8125,False,88.8529411764706,8242799.0
2026-08-13 16:15:44.061146,4f:bb:00:00:02:0f,31.1875,63.625,False,88.8529411764706,8244058.0
2026-08-13 16:36:44.184864,4f:bb:00:00:02:0f,31.3125,63.75,False,88.88235294117646,8245319.0
2026-08-13 16:57:44.213810,4f:bb:00:00:02:0f,31.375,63.6875,False,88.91176470588235,8246577.0
2026-08-13 17:18:44.324129,4f:bb:00:00:02:0f,31.5,63.625,False,88.91176470588235,8247838.0
2026-08-13 17:39:44.430193,4f:bb:00:00:02:0f,31.5625,63.5625,False,88.91176470588235,8249098.0
2026-08-13 18:00:44.439605,4f:bb:00:00:02:0f,31.625,63.4375,False,88.94117647058823,8250360.0
2026-08-13 18:21:44.540626,4f:bb:00:00:02:0f,31.625,63.125,False,88.91176470588235,8251615.0
2026-08-13 18:42:44.652312,4f:bb:00:00:02:0f,31.5625,63.0,False,88.94117647058823,8252879.0
2026-08-13 19:03:44.656921,4f:bb:00:00:02:0f,31.5,62.8125,False,88.97058823529412,8254138.0
2026-08-13 19:24:44.767318,4f:bb:00:00:02:0f,31.375,62.625,False,88.97058823529412,8255400.5
2026-08-13 19:45:44.864358,4f:bb:00:00:02:0f,31.125,62.25,False,88.97058823529412,8256657.0
2026-08-13 20:06:44.894000,4f:bb:00:00:02:0f,30.875,62.125,False,89.0,8257921.0
2026-08-13 20:27:44.995370,4f:bb:00:00:02:0f,30.625,62.0625,False,88.97058823529412,8259178.0
2026-08-13 20:48:45.065336,4f:bb:00:00:02:0f,30.3125,61.75,False,89.0,8260440.0
2026-08-13 21:09:45.176681,4f:bb:00:00:02:0f,30.0625,61.8125,False,89.0,8261699.0
2026-08-13 21:30:45.233819,4f:bb:00:00:02:0f,29.9375,61.75,False,89.0,8262962.0
2026-08-13 21:51:45.326434,4f:bb:00:00:02:0f,29.75,61.6875,False,88.97058823529412,8264221.0
2026-08-13 22:12:45.323164,4f:bb:00:00:02:0f,29.625,61.625,False,89.0,8265479.0
2026-08-13 22:33:45.362147,4f:bb:00:00:02:0f,29.4375,61.25,False,89.01470588235294,8266739.0
2026-08-13 22:54:45.393066,4f:bb:00:00:02:0f,29.25,61.25,False,89.0,8268000.0
2026-08-13 23:15:45.479748,4f:bb:00:00:02:0f,29.125,61.25,False,89.0,8269260.0
2026-08-13 23:36:45.477477,4f:bb:00:00:02:0f,28.9375,61.0,False,88.97058823529412,8270519.0
2026-08-13 23:57:45.583184,4f:bb:00:00:02:0f,28.6875,60.75,False,88.97058823529412,8271781.0
2026-08-14 00:18:45.689846,4f:bb:00:00:02:0f,28.4375,60.6875,False,89.0,8273042.0
2026-08-14 00:39:45.782455,4f:bb:00:00:02:0f,28.25,60.625,False,89.0,8274301.0
2026-08-14 01:00:45.836561,4f:bb:00:00:02:0f,28.0,60.5625,False,89.0,8275561.0
2026-08-14 01:21:45.929215,4f:bb:00:00:02:0f,27.875,60.5625,False,89.0,8276822.0
2026-08-14 01:42:45.946162,4f:bb:00:00:02:0f,27.6875,60.25,False,89.0,8278081.0
2026-08-14 02:03:46.045223,4f:bb:00:00:02:0f,27.5,60.1875,False,88.97058823529412,8279341.0
2026-08-14 02:24:46.079004,4f:bb:00:00:02:0f,27.3125,60.125,False,88.97058823529412,8280603.0
2026-08-14 02:45:46.138609,4f:bb:00:00:02:0f,27.1875,60.0625,False,88.97058823529412,8281861.5
2026-08-14 03:06:46.143879,4f:bb:00:00:02:0f,27.0625,60.0,False,88.97058823529412,8283121.5
2026-08-14 03:27:46.164651,4f:bb:00:00:02:0f,26.875,59.6875,False,88.97058823529412,8284381.0
2026-08-14 03:48:46.260322,4f:bb:00:00:02:0f,26.6875,59.625,False,88.97058823529412,8285642.0
2026-08-14 04:09:46.359786,4f:bb:00:00:02:0f,26.5625,59.625,False,88.97058823529412,8286904.0
2026-08-14 04:30:46.385446,4f:bb:00:00:02:0f,26.375,59.5,False,88.97058823529412,8288161.5
2026-08-14 04:51:46.500223,4f:bb:00:00:02:0f,26.1875,59.5,False,88.94117647058823,8289425.0
2026-08-14 05:12:46.598590,4f:bb:00:00:02:0f,26.0,59.25,False,88.97058823529412,8290682.5
2026-08-14 05:33:46.663685,4f:bb:00:00:02:0f,25.875,59.1875,False,88.91176470588235,8291943.0
2026-08-14 05:54:46.803165,4f:bb:00:00:02:0f,25.6875,59.1875,False,88.94117647058823,8293201.5
2026-08-14 06:15:46.857930,4f:bb:00:00:02:0f,25.5625,59.125,False,88.91176470588235,8294463.0
2026-08-14 06:36:46.954943,4f:bb:00:00:02:0f,25.375,59.0,False,88.91176470588235,8295723.0
2026-08-14 06:57:47.061512,4f:bb:00:00:02:0f,25.1875,58.6875,False,88.91176470588235,8296983.0
2026-08-14 07:18:47.106648,4f:bb:00:00:02:0f,25.0,58.6875,False,88.94117647058823,8298244.5
2026-08-14 07:39:47.195150,4f:bb:00:00:02:0f,24.8125,58.75,False,88.91176470588235,8299503.0
2026-08-14 08:00:47.287594,4f:bb:00:00:02:0f,24.75,58.75,False,88.94117647058823,8300762.0
2026-08-14 08:21:47.335665,4f:bb:00:00:02:0f,24.6875,58.8125,False,88.91176470588235,8302025.0
2026-08-14 08:42:47.422099,4f:bb:00:00:02:0f,24.75,59.0,False,88.91176470588235,8303283.0
2026-08-14 09:03:47.449383,4f:bb:00:00:02:0f,24.875,59.0625,False,88.91176470588235,8304544.0
2026-08-14 09:24:47.529558,4f:bb:00:00:02:0f,25.0625,59.125,False,88.91176470588235,8305805.0
2026-08-14 09:45:47.525441,4f:bb:00:00:02:0f,25.3125,59.5625,False,88.91176470588235,8307064.0
2026-08-14 10:06:47.545633,4f:bb:00:00:02:0f,25.5625,59.6875,False,88.91176470588235,8308325.5
2026-08-14 10:27:47.611109,4f:bb:00:00:02:0f,25.9375,59.8125,False,88.8970588235294,8309581.5
2026-08-14 10:48:47.706961,4f:bb:00:00:02:0f,26.3125,60.3125,False,88.91176470588235,8310846.0
2026-08-14 11:09:47.883260,4f:bb:00:00:02:0f,26.75,60.5,False,88.94117647058823,8312105.0
2026-08-14 11:30:47.893656,4f:bb:00:00:02:0f,27.1875,60.9375,False,88.91176470588235,8313363.0
2026-08-14 11:51:47.967844,4f:bb:00:00:02:0f,27.625,61.0,False,88.94117647058823,8314627.0
2026-08-14 12:12:47.958085,4f:bb:00:00:02:0f,28.0,61.375,False,88.94117647058823,8315887.0
2026-08-14 12:33:48.062080,4f:bb:00:00:02:0f,28.4375,61.4375,False,88.94117647058823,8317143.0
2026-08-14 12:54:48.138223,4f:bb:00:00:02:0f,28.8125,61.8125,False,88.97058823529412,8318407.0
2026-08-14 13:15:48.161993,4f:bb:00:00:02:0f,29.1875,61.9375,False,88.97058823529412,8319664.5
2026-08-14 13:36:48.261472,4f:bb:00:00:02:0f,29.5625,62.25,False,88.97058823529412,8320927.0
2026-08-14 13:57:48.360071,4f:bb:00:00:02:0f,29.9375,62.375,False,89.0,8322185.0
2026-08-14 14:18:48.440396,4f:bb:00:00:02:0f,30.3125,62.375,False,89.0,8323444.0
2026-08-14 14:39:48.565831,4f:bb:00:00:02:0f,30.625,62.6875,False,89.0,8324704.5
2026-08-14 15:00:48.679601,4f:bb:00:00:02:0f,30.9375,62.75,False,89.02941176470588,8325966.0
2026-08-14 15:21:48.669217,4f:bb:00:00:02:0f,31.1875,62.6875,False,89.05882352941177,8327227.0
2026-08-14 15:42:48.739659,4f:bb:00:00:02:0f,31.4375,63.0625,False,89.05882352941177,8328485.0
2026-08-14 16:03:48.771589,4f:bb:00:00:02:0f,31.75,63.0625,False,89.02941176470588,8329747.0
2026-08-14 16:24:48.850102,4f:bb:00:00:02:0f,31.9375,62.875,False,89.05882352941177,8331007.0
2026-08-14 16:45:48.973885,4f:bb:00:00:02:0f,32.125,63.1875,False,89.07352941176471,8332267.5
2026-08-14 17:06:49.083827,4f:bb:00:00:02:0f,32.1875,63.0625,False,89.05882352941177,8333527.0
2026-08-14 17:27:49.177744,4f:bb:00:00:02:0f,32.3125,63.0625,False,89.08823529411765,8334786.0
2026-08-14 17:48:49.282742,4f:bb:00:00:02:0f,32.4375,63.0,False,89.08823529411765,8336047.0
2026-08-14 18:09:49.384905,4f:bb:00:00:02:0f,32.5,63.0625,False,89.11764705882354,8337305.0
2026-08-14 18:30:49.421766,4f:bb:00:00:02:0f,32.625,63.0,False,89.11764705882354,8338570.0
2026-08-14 18:51:49.528618,4f:bb:00:00:02:0f,32.5,62.0625,False,89.11764705882354,8339829.0
2026-08-14 19:12:49.566220,4f:bb:00:00:02:0f,31.9375,61.375,False,89.11764705882354,8341086.0
2026-08-14 19:33:49.600843,4f:bb:00:00:02:0f,31.25,61.1875,False,89.1470588235294,8342347.0
2026-08-14 19:54:49.719140,4f:bb:00:00:02:0f,30.625,60.8125,False,89.11764705882354,8343608.0
2026-08-14 20:15:49.777579,4f:bb:00:00:02:0f,30.0,60.625,False,89.11764705882354,8344867.5
2026-08-14 20:36:49.889053,4f:bb:00:00:02:0f,29.5625,60.6875,False,89.08823529411765,8346131.0
2026-08-14 20:57:50.017901,4f:bb:00:00:02:0f,29.3125,60.6875,False,89.08823529411765,8347390.5
2026-08-14 21:18:50.110319,4f:bb:00:00:02:0f,29.1875,60.6875,False,89.08823529411765,8348647.0
2026-08-14 21:39:50.210750,4f:bb:00:00:02:0f,29.0625,60.6875,False,89.11764705882354,8349911.0
2026-08-14 22:00:50.324203,4f:bb:00:00:02:0f,29.0,60.625,False,89.08823529411765,8351169.0
2026-08-14 22:21:50.441133,4f:bb:00:00:02:0f,28.875,60.625,False,89.08823529411765,8352427.5
2026-08-14 22:42:50.479608,4f:bb:00:00:02:0f,28.8125,60.5625,False,89.11764705882354,8353690.0
2026-08-14 23:03:50.543599,4f:bb:00:00:02:0f,28.75,60.5,False,89.08823529411765,8354948.5
2026-08-14 23:24:50.640177,4f:bb:00:00:02:0f,28.5625,60.0625,False,89.07352941176471,8356209.0
2026-08-14 23:45:50.662543,4f:bb:00:00:02:0f,28.25,59.9375,False,89.08823529411765,8357470.0
2026-08-15 00:06:50.746324,4f:bb:00:00:02:0f,28.0,59.875,False,89.05882352941177,8358728.0
2026-08-15 00:27:50.872642,4f:bb:00:00:02:0f,27.75,59.625,False,89.08823529411765,8359992.0
2026-08-15 00:48:50.953448,4f:bb:00:00:02:0f,27.5,59.5625,False,89.08823529411765,8361250.0
2026-08-15 01:09:51.062986,4f:bb:00:00:02:0f,27.25,59.625,False,89.05882352941177,8362510.5
2026-08-15 01:30:51.147065,4f:bb:00:00:02:0f,27.125,59.6875,False,89.05882352941177,8363767.0
2026-08-15 01:51:51.246465,4f:bb:00:00:02:0f,27.0625,59.75,False,89.05882352941177,8365031.0
2026-08-15 02:12:51.294314,4f:bb:00:00:02:0f,27.0625,59.75,False,89.08823529411765,8366290.5
2026-08-15 02:33:51.395166,4f:bb:00:00:02:0f,27.0,59.6875,False,89.05882352941177,8367552.5
2026-08-15 02:54:51.505234,4f:bb:00:00:02:0f,26.9375,59.375,False,89.05882352941177,8368810.5
2026-08-15 03:15:51.613501,4f:bb:00:00:02:0f,26.875,59.375,False,89.05882352941177,8370073.5
2026-08-15 03:36:51.713143,4f:bb:00:00:02:0f,26.8125,59.375,False,89.02941176470588,8371332.0
2026-08-15 03:57:51.816803,4f:bb:00:00:02:0f,26.75,59.375,False,89.0,8372590.5
2026-08-15 04:18:51.932785,4f:bb:00:00:02:0f,26.625,59.3125,False,89.02941176470588,8373851.0
2026-08-15 04:39:52.022114,4f:bb:00:00:02:0f,26.5625,59.3125,False,89.02941176470588,8375113.5
2026-08-15 05:00:52.130308,4f:bb:00:00:02:0f,26.4375,59.3125,False,89.05882352941177,8376371.0
2026-08-15 05:21:52.217160,4f:bb:00:00:02:0f,26.375,59.3125,False,89.05882352941177,8377632.0
2026-08-15 05:42:52.307369,4f:bb:00:00:02:0f,26.25,59.3125,False,89.05882352941177,8378894.0
2026-08-15 06:03:52.394678,4f:bb:00:00:02:0f,26.1875,59.3125,False,89.02941176470588,8380151.0
2026-08-15 06:24:52.501681,4f:bb:00:00:02:0f,26.125,59.0625,False,89.02941176470588,8381414.0
2026-08-15 06:45:52.610155,4f:bb:00:00:02:0f,26.0625,59.0625,False,89.02941176470588,8382674.0
2026-08-15 07:06:52.642666,4f:bb:00:00:02:0f,26.0,59.0625,False,89.02941176470588,8383933.0
2026-08-15 07:27:52.666412,4f:bb:00:00:02:0f,25.9375,59.0625,False,89.02941176470588,8385193.0
2026-08-15 07:48:52.750090,4f:bb:00:00:02:0f,25.875,59.0625,False,89.02941176470588,8386453.0
2026-08-15 08:09:52.879806,4f:bb:00:00:02:0f,25.8125,59.0625,False,89.0,8387710.0
2026-08-15 08:30:52.952209,4f:bb:00:00:02:0f,25.75,59.0625,False,88.98529411764706,8388975.0
2026-08-15 08:51:53.058630,4f:bb:00:00:02:0f,25.6875,59.0625,False,89.0,8390234.0
2026-08-15 09:12:53.158090,4f:bb:00:00:02:0f,25.6875,59.125,False,89.0,8391494.0
2026-08-15 09:33:53.225843,4f:bb:00:00:02:0f,25.6875,59.1875,False,89.0,8392754.0
2026-08-15 09:54:53.293622,4f:bb:00:00:02:0f,25.6875,59.25,False,89.0,8394014.0
2026-08-15 10:15:53.415276,4f:bb:00:00:02:0f,25.8125,59.3125,False,89.0,8395272.0
2026-08-15 10:36:53.499960,4f:bb:00:00:02:0f,25.9375,59.3125,False,89.0,8396534.0
2026-08-15 10:57:53.592120,4f:bb:00:00:02:0f,26.125,59.4375,False,89.0,8397795.5
2026-08-15 11:18:53.693166,4f:bb:00:00:02:0f,26.1875,59.625,False,89.0,8399054.0
2026-08-15 11:39:53.703824,4f:bb:00:00:02:0f,26.3125,59.75,False,89.0,8400316.5
2026-08-15 12:00:53.823526,4f:bb:00:00:02:0f,26.375,59.625,False,89.0,8401573.0
2026-08-15 12:21:53.887110,4f:bb:00:00:02:0f,26.375,59.5,False,89.0,8402834.0
2026-08-15 12:42:53.954128,4f:bb:00:00:02:0f,26.3125,59.3125,False,89.0,8404098.0
2026-08-15 13:03:54.070264,4f:bb:00:00:02:0f,26.25,59.5,False,89.0,8405354.0
2026-08-15 13:24:54.151463,4f:bb:00:00:02:0f,26.25,59.5625,False,89.0,8406613.0
2026-08-15 13:45:54.192344,4f:bb:00:00:02:0f,26.25,59.5,False,89.0,8407875.0
2026-08-15 14:06:54.235055,4f:bb:00:00:02:0f,26.1875,59.4375,False,89.0,8409133.5
2026-08-15 14:27:54.307000,4f:bb:00:00:02:0f,26.1875,59.5,False,89.0,8410396.0
2026-08-15 14:48:54.353823,4f:bb:00:00:02:0f,26.125,59.1875,False,89.0,8411656.0
2026-08-15 15:09:54.382380,4f:bb:00:00:02:0f,26.0625,59.1875,False,89.0,8412916.0
2026-08-15 15:30:54.412544,4f:bb:00:00:02:0f,26.0,59.3125,False,89.0,8414176.5
2026-08-15 15:51:54.453825,4f:bb:00:00:02:0f,26.0,59.25,False,89.0,8415437.0
2026-08-15 16:12:54.487958,4f:bb:00:00:02:0f,26.0,59.1875,False,89.0,8416696.0
2026-08-15 16:33:54.545469,4f:bb:00:00:02:0f,25.8125,59.125,False,88.97058823529412,8417958.0
2026-08-15 16:54:54.637840,4f:bb:00:00:02:0f,25.75,59.1875,False,88.97058823529412,8419215.0
2026-08-15 17:15:54.683518,4f:bb:00:00:02:0f,25.625,59.1875,False,88.97058823529412,8420476.5
2026-08-15 17:36:54.750676,4f:bb:00:00:02:0f,25.5625,59.1875,False,88.97058823529412,8421737.0
2026-08-15 17:57:54.867180,4f:bb:00:00:02:0f,25.4375,59.1875,False,88.97058823529412,8422996.5
2026-08-15 18:18:54.954761,4f:bb:00:00:02:0f,25.5,59.375,False,88.97058823529412,8424259.0
2026-08-15 18:39:55.052627,4f:bb:00:00:02:0f,25.5625,59.5,False,88.94117647058823,8425519.5
2026-08-15 19:00:55.074959,4f:bb:00:00:02:0f,25.625,59.25,False,88.95588235294117,8426776.0
2026-08-15 19:21:55.209610,4f:bb:00:00:02:0f,25.5625,59.1875,False,88.97058823529412,8428039.5
2026-08-15 19:42:55.224484,4f:bb:00:00:02:0f,25.4375,59.1875,False,88.97058823529412,8429296.0
2026-08-15 20:03:55.297769,4f:bb:00:00:02:0f,25.3125,59.125,False,88.94117647058823,8430557.0
2026-08-15 20:24:55.413369,4f:bb:00:00:02:0f,25.1875,58.8125,False,88.97058823529412,8431819.0
2026-08-15 20:45:55.501339,4f:bb:00:00:02:0f,24.9375,58.8125,False,88.94117647058823,8433079.0
2026-08-15 21:06:55.502679,4f:bb:00:00:02:0f,24.75,58.8125,False,88.94117647058823,8434339.0
2026-08-15 21:27:55.514066,4f:bb:00:00:02:0f,24.5625,58.6875,False,88.94117647058823,8435597.0
2026-08-15 21:48:55.621457,4f:bb:00:00:02:0f,24.3125,58.4375,False,88.94117647058823,8436862.0
2026-08-15 22:09:55.699476,4f:bb:00:00:02:0f,24.125,58.375,False,88.91176470588235,8438116.5
2026-08-15 22:30:55.827051,4f:bb:00:00:02:0f,23.8125,58.25,False,88.92647058823529,8439378.0
2026-08-15 22:51:55.871260,4f:bb:00:00:02:0f,23.5,57.9375,False,88.88235294117646,8440642.0
2026-08-15 23:12:55.971129,4f:bb:00:00:02:0f,23.3125,58.25,False,88.88235294117646,8441898.0
2026-08-15 23:33:56.082213,4f:bb:00:00:02:0f,23.25,58.375,False,88.88235294117646,8443160.0
2026-08-15 23:54:56.174645,4f:bb:00:00:02:0f,23.375,58.375,False,88.8529411764706,8444420.0
2026-08-16 00:15:56.196180,4f:bb:00:00:02:0f,23.375,58.25,False,88.88235294117646,8445679.5
2026-08-16 00:36:56.267076,4f:bb:00:00:02:0f,23.3125,58.1875,False,88.8970588235294,8446942.5
2026-08-16 00:57:56.269221,4f:bb:00:00:02:0f,23.25,58.125,False,88.88235294117646,8448199.0
2026-08-16 01:18:56.310164,4f:bb:00:00:02:0f,23.1875,58.125,False,88.88235294117646,8449462.5
2026-08-16 01:39:56.343874,4f:bb:00:00:02:0f,23.0625,58.125,False,88.8529411764706,8450720.0
2026-08-16 02:00:56.416037,4f:bb:00:00:02:0f,23.0,58.0625,False,88.8529411764706,8451980.0
2026-08-16 02:21:56.431321,4f:bb:00:00:02:0f,22.875,58.0625,False,88.82352941176471,8453240.5
2026-08-16 02:42:56.523615,4f:bb:00:00:02:0f,22.75,58.0,False,88.8529411764706,8454500.0
2026-08-16 03:03:56.555955,4f:bb:00:00:02:0f,22.625,57.75,False,88.82352941176471,8455762.5
2026-08-16 03:24:56.606356,4f:bb:00:00:02:0f,22.5,57.75,False,88.82352941176471,8457018.0
2026-08-16 03:45:56.699699,4f:bb:00:00:02:0f,22.4375,57.6875,False,88.82352941176471,8458282.5
2026-08-16 04:06:56.721441,4f:bb:00:00:02:0f,22.25,57.625,False,88.82352941176471,8459542.0
2026-08-16 04:27:56.823745,4f:bb:00:00:02:0f,22.125,57.6875,False,88.82352941176471,8460802.0
2026-08-16 04:48:56.913438,4f:bb:00:00:02:0f,22.0,57.625,False,88.79411764705883,8462061.0
2026-08-16 05:09:57.016071,4f:bb:00:00:02:0f,21.875,57.3125,False,88.79411764705883,8463322.0
2026-08-16 05:30:57.116095,4f:bb:00:00:02:0f,21.75,57.375,False,88.79411764705883,8464579.5
2026-08-16 05:51:57.101338,4f:bb:00:00:02:0f,21.5625,57.3125,False,88.79411764705883,8465842.0
2026-08-16 06:12:57.223906,4f:bb:00:00:02:0f,21.4375,57.25,False,88.79411764705883,8467099.0
2026-08-16 06:33:57.328056,4f:bb:00:00:02:0f,21.3125,57.1875,False,88.76470588235294,8468363.0
2026-08-16 06:54:57.435039,4f:bb:00:00:02:0f,21.125,57.25,False,88.76470588235294,8469622.0
2026-08-16 07:15:57.479828,4f:bb:00:00:02:0f,21.0625,57.0,False,88.73529411764706,8470880.0
2026-08-16 07:36:57.568275,4f:bb:00:00:02:0f,20.9375,57.0625,False,88.76470588235294,8472144.5
2026-08-16 07:57:57.644686,4f:bb:00:00:02:0f,20.9375,57.125,False,88.73529411764706,8473400.0
2026-08-16 08:18:57.707681,4f:bb:00:00:02:0f,20.9375,57.1875,False,88.73529411764706,8474660.0
2026-08-16 08:39:57.723210,4f:bb:00:00:02:0f,20.9375,57.25,False,88.70588235294117,8475923.0
2026-08-16 09:00:57.780707,4f:bb:00:00:02:0f,21.0,57.1875,False,88.73529411764706,8477183.0
2026-08-16 09:21:57.856433,4f:bb:00:00:02:0f,21.0,57.1875,False,88.70588235294117,8478442.5
2026-08-16 09:42:57.947728,4f:bb:00:00:02:0f,21.0625,57.5,False,88.70588235294117,8479702.5
2026-08-16 10:03:57.974510,4f:bb:00:00:02:0f,21.125,57.5625,False,88.70588235294117,8480962.5
2026-08-16 10:24:58.004047,4f:bb:00:00:02:0f,21.1875,57.625,False,88.70588235294117,8482224.5
2026-08-16 10:45:58.112806,4f:bb:00:00:02:0f,21.25,57.6875,False,88.70588235294117,8483482.5
2026-08-16 11:06:58.198942,4f:bb:00:00:02:0f,21.375,57.875,False,88.67647058823529,8484743.0
2026-08-16 11:27:58.293106,4f:bb:00:00:02:0f,21.5,57.8125,False,88.70588235294117,8486005.0
2026-08-16 11:48:58.401015,4f:bb:00:00:02:0f,21.5625,57.9375,False,88.72058823529412,8487264.0
2026-08-16 12:09:58.528129,4f:bb:00:00:02:0f,21.6875,57.9375,False,88.70588235294117,8488526.0
2026-08-16 12:30:58.611176,4f:bb:00:00:02:0f,21.8125,58.125,False,88.70588235294117,8489782.5
2026-08-16 12:51:58.708563,4f:bb:00:00:02:0f,22.0,58.5625,False,88.70588235294117,8491045.0
2026-08-16 13:12:58.742478,4f:bb:00:00:02:0f,22.25,58.5625,False,88.67647058823529,8492305.5
2026-08-16 13:33:58.811855,4f:bb:00:00:02:0f,22.375,58.5625,False,88.70588235294117,8493562.0
2026-08-16 13:54:58.913587,4f:bb:00:00:02:0f,22.5625,58.8125,False,88.69117647058823,8494824.0
2026-08-16 14:15:58.942200,4f:bb:00:00:02:0f,22.8125,59.125,False,88.70588235294117,8496085.5
2026-08-16 14:36:58.998553,4f:bb:00:00:02:0f,23.0625,59.25,False,88.70588235294117,8497344.0
2026-08-16 14:57:59.141875,4f:bb:00:00:02:0f,23.3125,59.375,False,88.67647058823529,8498606.0
2026-08-16 15:18:59.133710,4f:bb:00:00:02:0f,23.625,59.625,False,88.73529411764706,8499861.5
2026-08-16 15:39:59.215192,4f:bb:00:00:02:0f,23.875,59.8125,False,88.73529411764706,8501126.0
2026-08-16 16:00:59.311040,4f:bb:00:00:02:0f,24.125,59.75,False,88.73529411764706,8502385.5
2026-08-16 16:21:59.370249,4f:bb:00:00:02:0f,24.3125,59.75,False,88.72058823529412,8503646.0
2026-08-16 16:42:59.476985,4f:bb:00:00:02:0f,24.4375,60.0,False,88.73529411764706,8504905.0
2026-08-16 17:03:59.560814,4f:bb:00:00:02:0f,24.625,60.0,False,88.73529411764706,8506168.5
2026-08-16 17:24:59.638251,4f:bb:00:00:02:0f,24.8125,60.1875,False,88.76470588235294,8507427.0
2026-08-16 17:45:59.649366,4f:bb:00:00:02:0f,25.0,60.1875,False,88.76470588235294,8508688.0
2026-08-16 18:06:59.758876,4f:bb:00:00:02:0f,25.125,60.125,False,88.76470588235294,8509945.5
2026-08-16 18:27:59.871306,4f:bb:00:00:02:0f,25.1875,60.0,False,88.76470588235294,8511208.5
2026-08-16 18:48:59.962826,4f:bb:00:00:02:0f,25.1875,59.875,False,88.73529411764706,8512465.0
2026-08-16 19:10:00.050176,4f:bb:00:00:02:0f,25.1875,59.8125,False,88.76470588235294,8513727.0
2026-08-16 19:31:00.110661,4f:bb:00:00:02:0f,25.125,59.6875,False,88.76470588235294,8514985.0
2026-08-16 19:52:00.220397,4f:bb:00:00:02:0f,25.0625,59.625,False,88.76470588235294,8516247.0
2026-08-16 20:13:00.296502,4f:bb:00:00:02:0f,25.0,59.5625,False,88.76470588235294,8517506.0
2026-08-16 20:34:00.377651,4f:bb:00:00:02:0f,24.9375,59.5625,False,88.76470588235294,8518769.0
2026-08-16 20:55:00.437189,4f:bb:00:00:02:0f,24.875,59.5625,False,88.76470588235294,8520025.5
2026-08-16 21:16:00.559644,4f:bb:00:00:02:0f,24.8125,59.5,False,88.76470588235294,8521288.0
2026-08-16 21:37:00.650884,4f:bb:00:00:02:0f,24.625,59.4375,False,88.76470588235294,8522546.5
2026-08-16 21:58:00.752367,4f:bb:00:00:02:0f,24.5625,59.5625,False,88.76470588235294,8523810.0
2026-08-16 22:19:00.837106,4f:bb:00:00:02:0f,24.5625,59.5625,False,88.76470588235294,8525068.0
2026-08-16 22:40:00.959923,4f:bb:00:00:02:0f,24.5625,59.5625,False,88.73529411764706,8526328.0
2026-08-16 23:01:01.046220,4f:bb:00:00:02:0f,24.5,59.5,False,88.73529411764706,8527590.0
2026-08-16 23:22:01.133612,4f:bb:00:00:02:0f,24.4375,59.1875,False,88.73529411764706,8528843.0
2026-08-16 23:43:01.215854,4f:bb:00:00:02:0f,24.3125,59.1875,False,88.73529411764706,8530109.0
2026-08-17 00:04:01.298320,4f:bb:00:00:02:0f,24.3125,59.3125,False,88.73529411764706,8531368.0
2026-08-17 00:25:01.388516,4f:bb:00:00:02:0f,24.1875,59.1875,False,88.73529411764706,8532631.5
2026-08-17 00:46:01.478753,4f:bb:00:00:02:0f,24.125,59.125,False,88.73529411764706,8533887.5
2026-08-17 01:07:01.571882,4f:bb:00:00:02:0f,23.9375,59.0625,False,88.73529411764706,8535151.5
2026-08-17 01:28:01.641793,4f:bb:00:00:02:0f,23.8125,59.0,False,88.73529411764706,8536411.0
2026-08-17 01:49:01.656708,4f:bb:00:00:02:0f,23.6875,59.0,False,88.70588235294117,8537670.0
2026-08-17 02:10:01.686329,4f:bb:00:00:02:0f,23.5,58.6875,False,88.70588235294117,8538929.5
2026-08-17 02:31:01.707740,4f:bb:00:00:02:0f,23.375,58.75,False,88.73529411764706,8540190.0
2026-08-17 02:52:01.761953,4f:bb:00:00:02:0f,23.25,58.625,False,88.73529411764706,8541449.5
2026-08-17 03:13:01.822664,4f:bb:00:00:02:0f,23.0625,58.5625,False,88.73529411764706,8542711.0
2026-08-17 03:34:01.921839,4f:bb:00:00:02:0f,22.875,58.5,False,88.70588235294117,8543968.0
2026-08-17 03:55:01.982587,4f:bb:00:00:02:0f,22.6875,58.3125,False,88.70588235294117,8545231.0
2026-08-17 04:16:02.098361,4f:bb:00:00:02:0f,22.5625,58.25,False,88.67647058823529,8546492.0
2026-08-17 04:37:02.194330,4f:bb:00:00:02:0f,22.4375,58.3125,False,88.67647058823529,8547751.0
2026-08-17 04:58:02.226735,4f:bb:00:00:02:0f,22.375,58.3125,False,88.67647058823529,8549009.5
2026-08-17 05:19:02.310471,4f:bb:00:00:02:0f,22.25,58.25,False,88.67647058823529,8550271.0
2026-08-17 05:40:02.377631,4f:bb:00:00:02:0f,22.125,58.125,False,88.6470588235294,8551529.0
2026-08-17 06:01:02.464240,4f:bb:00:00:02:0f,22.0,58.0625,False,88.6470588235294,8552792.0
2026-08-17 06:22:02.550441,4f:bb:00:00:02:0f,21.875,57.875,False,88.6470588235294,8554052.0
2026-08-17 06:43:02.658393,4f:bb:00:00:02:0f,21.75,57.875,False,88.6470588235294,8555311.5
2026-08-17 07:04:02.736192,4f:bb:00:00:02:0f,21.6875,57.9375,False,88.6470588235294,8556571.0
2026-08-17 07:25:02.840960,4f:bb:00:00:02:0f,21.6875,57.9375,False,88.61764705882354,8557832.0
2026-08-17 07:46:02.944617,4f:bb:00:00:02:0f,21.625,57.9375,False,88.61764705882354,8559092.0
2026-08-17 08:07:03.046811,4f:bb:00:00:02:0f,21.5625,57.875,False,88.61764705882354,8560351.5
2026-08-17 08:28:03.127999,4f:bb:00:00:02:0f,21.5,57.875,False,88.61764705882354,8561614.5
2026-08-17 08:49:03.169495,4f:bb:00:00:02:0f,21.4375,57.875,False,88.58823529411765,8562872.0
2026-08-17 09:10:03.253110,4f:bb:00:00:02:0f,21.375,57.875,False,88.61764705882354,8564135.0
2026-08-17 09:31:03.272423,4f:bb:00:00:02:0f,21.375,57.9375,False,88.58823529411765,8565391.5
2026-08-17 09:52:03.378438,4f:bb:00:00:02:0f,21.4375,58.0625,False,88.58823529411765,8566653.0
2026-08-17 10:13:03.475320,4f:bb:00:00:02:0f,21.5625,58.125,False,88.58823529411765,8567914.5
2026-08-17 10:34:03.571093,4f:bb:00:00:02:0f,21.6875,58.25,False,88.58823529411765,8569172.0
2026-08-17 10:55:03.649956,4f:bb:00:00:02:0f,21.75,58.1875,False,88.61764705882354,8570432.0
2026-08-17 11:16:03.736412,4f:bb:00:00:02:0f,21.875,58.25,False,88.58823529411765,8571693.5
2026-08-17 11:37:03.842526,4f:bb:00:00:02:0f,22.0,58.5,False,88.61764705882354,8572953.0
2026-08-17 11:58:03.976187,4f:bb:00:00:02:0f,22.0625,58.5625,False,88.61764705882354,8574214.0
2026-08-17 12:19:04.092452,4f:bb:00:00:02:0f,22.25,58.8125,False,88.61764705882354,8575473.0
2026-08-17 12:40:04.074183,4f:bb:00:00:02:0f,22.4375,58.9375,False,88.61764705882354,8576737.0
2026-08-17 13:01:04.128848,4f:bb:00:00:02:0f,22.625,58.875,False,88.6470588235294,8577994.0
2026-08-17 13:22:04.143933,4f:bb:00:00:02:0f,22.8125,59.0625,False,88.61764705882354,8579255.0
2026-08-17 13:43:04.270371,4f:bb:00:00:02:0f,22.9375,59.15625,False,88.6470588235294,8580513.0
2026-08-17 14:04:04.360734,4f:bb:00:00:02:0f,23.0625,59.25,False,88.6470588235294,8581774.0
2026-08-17 14:25:04.406324,4f:bb:00:00:02:0f,23.1875,59.25,False,88.6470588235294,8583037.0
2026-08-17 14:46:04.491336,4f:bb:00:00:02:0f,23.3125,59.3125,False,88.63235294117646,8584293.0
2026-08-17 15:07:04.609417,4f:bb:00:00:02:0f,23.4375,59.4375,False,88.61764705882354,8585556.0
2026-08-17 15:28:04.657244,4f:bb:00:00:02:0f,23.625,59.75,False,88.63235294117646,8586814.5
2026-08-17 15:49:04.724727,4f:bb:00:00:02:0f,23.75,59.75,False,88.6470588235294,8588075.0
2026-08-17 16:10:04.755966,4f:bb:00:00:02:0f,23.9375,59.75,False,88.6470588235294,8589334.0
2026-08-17 16:31:04.833252,4f:bb:00:00:02:0f,24.0,59.6875,False,88.6470588235294,8590597.5
2026-08-17 16:52:04.930458,4f:bb:00:00:02:0f,24.0625,59.5,False,88.6470588235294,8591860.5
2026-08-17 17:13:05.052586,4f:bb:00:00:02:0f,23.9375,59.3125,False,88.67647058823529,8593118.0
2026-08-17 17:34:05.122985,4f:bb:00:00:02:0f,23.75,59.125,False,88.6470588235294,8594374.0
2026-08-17 17:55:05.177161,4f:bb:00:00:02:0f,23.5625,58.875,False,88.6470588235294,8595637.5
2026-08-17 18:16:05.290955,4f:bb:00:00:02:0f,23.375,58.9375,False,88.61764705882354,8596895.0
2026-08-17 18:37:05.340591,4f:bb:00:00:02:0f,23.25,58.9375,False,88.61764705882354,8598158.0
2026-08-17 18:58:05.409069,4f:bb:00:00:02:0f,23.0625,58.875,False,88.61764705882354,8599415.0
2026-08-17 19:19:05.465033,4f:bb:00:00:02:0f,22.9375,58.8125,False,88.61764705882354,8600678.0
2026-08-17 19:40:05.496433,4f:bb:00:00:02:0f,22.6875,58.5,False,88.58823529411765,8601937.0
2026-08-17 20:01:05.604180,4f:bb:00:00:02:0f,22.5,58.4375,False,88.58823529411765,8603200.0
2026-08-17 20:22:05.707185,4f:bb:00:00:02:0f,22.25,58.4375,False,88.58823529411765,8604455.0
2026-08-17 20:43:05.794053,4f:bb:00:00:02:0f,22.125,58.4375,False,88.58823529411765,8605716.0
2026-08-17 21:04:05.900152,4f:bb:00:00:02:0f,22.0,58.5625,False,88.58823529411765,8606975.0
2026-08-17 21:25:05.944769,4f:bb:00:00:02:0f,22.0,58.6875,False,88.55882352941177,8608237.0
2026-08-17 21:46:06.038875,4f:bb:00:00:02:0f,22.0,58.75,False,88.58823529411765,8609500.5
2026-08-17 22:07:06.104974,4f:bb:00:00:02:0f,22.0625,58.8125,False,88.61764705882354,8610755.5
2026-08-17 22:28:06.127427,4f:bb:00:00:02:0f,22.125,58.875,False,88.61764705882354,8612017.0
2026-08-17 22:49:06.214679,4f:bb:00:00:02:0f,22.1875,59.0,False,88.58823529411765,8613277.5
2026-08-17 23:10:06.238134,4f:bb:00:00:02:0f,22.25,59.0625,False,88.58823529411765,8614540.5
2026-08-17 23:31:06.369435,4f:bb:00:00:02:0f,22.25,58.9375,False,88.58823529411765,8615798.0
2026-08-17 23:52:06.413394,4f:bb:00:00:02:0f,22.25,59.0,False,88.58823529411765,8617060.0
2026-08-18 00:13:06.482344,4f:bb:00:00:02:0f,22.3125,59.0625,False,88.58823529411765,8618318.0
2026-08-18 00:34:06.546460,4f:bb:00:00:02:0f,22.3125,59.0625,False,88.55882352941177,8619577.0
2026-08-18 00:55:06.647838,4f:bb:00:00:02:0f,22.375,59.125,False,88.58823529411765,8620841.0
2026-08-18 01:16:06.733710,4f:bb:00:00:02:0f,22.375,59.125,False,88.55882352941177,8622099.0
2026-08-18 01:37:06.745348,4f:bb:00:00:02:0f,22.375,59.1875,False,88.55882352941177,8623359.0
2026-08-18 01:58:06.794928,4f:bb:00:00:02:0f,22.4375,59.1875,False,88.55882352941177,8624617.5
2026-08-18 02:19:06.854786,4f:bb:00:00:02:0f,22.4375,59.1875,False,88.55882352941177,8625877.5
2026-08-18 02:40:06.955552,4f:bb:00:00:02:0f,22.4375,59.1875,False,88.58823529411765,8627140.5
2026-08-18 03:01:07.064781,4f:bb:00:00:02:0f,22.4375,59.125,False,88.55882352941177,8628398.0
2026-08-18 03:22:07.176912,4f:bb:00:00:02:0f,22.375,59.125,False,88.55882352941177,8629660.5
2026-08-18 03:43:07.266901,4f:bb:00:00:02:0f,22.3125,59.125,False,88.58823529411765,8630918.0
2026-08-18 04:04:07.286039,4f:bb:00:00:02:0f,22.25,59.125,False,88.55882352941177,8632180.0
2026-08-18 04:25:07.292904,4f:bb:00:00:02:0f,22.25,59.125,False,88.55882352941177,8633438.0
2026-08-18 04:46:07.412049,4f:bb:00:00:02:0f,22.1875,59.125,False,88.55882352941177,8634699.0
2026-08-18 05:07:07.501123,4f:bb:00:00:02:0f,22.125,59.125,False,88.55882352941177,8635962.0
2026-08-18 05:28:07.535525,4f:bb:00:00:02:0f,22.0625,59.125,False,88.58823529411765,8637220.0
2026-08-18 05:49:07.647157,4f:bb:00:00:02:0f,22.0,59.125,False,88.52941176470588,8638478.0
2026-08-18 06:10:07.702950,4f:bb:00:00:02:0f,21.9375,59.125,False,88.55882352941177,8639743.0
2026-08-18 06:31:07.794188,4f:bb:00:00:02:0f,21.875,58.875,False,88.55882352941177,1001.0
2026-08-18 06:52:07.905249,4f:bb:00:00:02:0f,21.8125,58.875,False,88.52941176470588,2265.0
2026-08-18 07:13:07.959498,4f:bb:00:00:02:0f,21.75,58.875,False,88.52941176470588,3520.0
2026-08-18 07:34:07.971347,4f:bb:00:00:02:0f,21.6875,58.875,False,88.52941176470588,4784.0
2026-08-18 07:55:08.098024,4f:bb:00:00:02:0f,21.6875,58.90625,False,88.52941176470588,6040.5
2026-08-18 08:16:08.185582,4f:bb:00:00:02:0f,21.625,58.9375,False,88.52941176470588,7302.0
2026-08-18 08:37:08.307625,4f:bb:00:00:02:0f,21.625,58.9375,False,88.52941176470588,8560.5
2026-08-18 08:58:08.339598,4f:bb:00:00:02:0f,21.625,59.0,False,88.5,9820.5
2026-08-18 09:19:08.439839,4f:bb:00:00:02:0f,21.625,59.0,False,88.52941176470588,11082.0
2026-08-18 09:40:08.541309,4f:bb:00:00:02:0f,21.625,59.0,False,88.48529411764706,12342.0
2026-08-18 10:01:08.657680,4f:bb:00:00:02:0f,21.625,59.0625,False,88.5,13601.0
2026-08-18 10:22:08.775281,4f:bb:00:00:02:0f,21.625,59.125,False,88.52941176470588,14862.0
2026-08-18 10:43:08.858107,4f:bb:00:00:02:0f,21.625,59.1875,False,88.5,16122.0
2026-08-18 11:04:08.927575,4f:bb:00:00:02:0f,21.6875,59.3125,False,88.5,17381.0
2026-08-18 11:25:08.974037,4f:bb:00:00:02:0f,21.8125,59.375,False,88.5,18641.0
2026-08-18 11:46:09.024000,4f:bb:00:00:02:0f,21.9375,59.6875,False,88.52941176470588,19903.0
2026-08-18 12:07:09.038573,4f:bb:00:00:02:0f,22.0625,59.875,False,88.5,21163.0
2026-08-18 12:28:09.161594,4f:bb:00:00:02:0f,22.25,60.0,False,88.52941176470588,22423.0
2026-08-18 12:49:09.245847,4f:bb:00:00:02:0f,22.4375,59.9375,False,88.52941176470588,23680.5
2026-08-18 13:10:09.319542,4f:bb:00:00:02:0f,22.5625,60.0,False,88.52941176470588,24943.5
2026-08-18 13:31:09.401957,4f:bb:00:00:02:0f,22.6875,60.0,False,88.52941176470588,26203.0
2026-08-18 13:52:09.515768,4f:bb:00:00:02:0f,22.8125,60.25,False,88.52941176470588,27464.0
2026-08-18 14:13:09.526642,4f:bb:00:00:02:0f,22.875,60.25,False,88.55882352941177,28726.0
2026-08-18 14:34:09.641340,4f:bb:00:00:02:0f,23.0,60.3125,False,88.55882352941177,29983.0
2026-08-18 14:55:09.696802,4f:bb:00:00:02:0f,23.0625,60.375,False,88.55882352941177,31250.0
2026-08-18 15:16:09.775287,4f:bb:00:00:02:0f,23.1875,60.4375,False,88.55882352941177,32503.5
2026-08-18 15:37:09.878811,4f:bb:00:00:02:0f,23.3125,60.5,False,88.55882352941177,33764.0
2026-08-18 15:58:09.960615,4f:bb:00:00:02:0f,23.375,60.4375,False,88.55882352941177,35023.5
2026-08-18 16:19:10.059210,4f:bb:00:00:02:0f,23.5,60.5625,False,88.55882352941177,36286.5
2026-08-18 16:40:10.155653,4f:bb:00:00:02:0f,23.625,60.8125,False,88.58823529411765,37544.0
2026-08-18 17:01:10.188682,4f:bb:00:00:02:0f,23.6875,60.8125,False,88.55882352941177,38806.0
2026-08-18 17:22:10.222876,4f:bb:00:00:02:0f,23.75,60.75,False,88.55882352941177,40066.0
2026-08-18 17:43:10.230335,4f:bb:00:00:02:0f,23.8125,60.75,False,88.55882352941177,41323.5
2026-08-18 18:04:10.349190,4f:bb:00:00:02:0f,23.875,60.75,False,88.58823529411765,42585.0
2026-08-18 18:25:10.439237,4f:bb:00:00:02:0f,23.875,60.6875,False,88.58823529411765,43844.0
2026-08-18 18:46:10.532596,4f:bb:00:00:02:0f,23.875,60.6875,False,88.58823529411765,45107.0
2026-08-18 19:07:10.609167,4f:bb:00:00:02:0f,23.875,60.625,False,88.58823529411765,46364.0
2026-08-18 19:28:10.675043,4f:bb:00:00:02:0f,23.875,60.625,False,88.58823529411765,47626.5
2026-08-18 19:49:10.754020,4f:bb:00:00:02:0f,23.875,60.625,False,88.55882352941177,48886.0
2026-08-18 20:10:10.846798,4f:bb:00:00:02:0f,23.875,60.625,False,88.58823529411765,50145.0
2026-08-18 20:31:10.951669,4f:bb:00:00:02:0f,23.875,60.6875,False,88.58823529411765,51407.0
2026-08-18 20:52:11.005939,4f:bb:00:00:02:0f,23.9375,60.6875,False,88.58823529411765,52667.5
2026-08-18 21:13:11.081596,4f:bb:00:00:02:0f,23.9375,60.75,False,88.58823529411765,53924.0
2026-08-18 21:34:11.174409,4f:bb:00:00:02:0f,24.0625,60.875,False,88.58823529411765,55188.0
2026-08-18 21:55:11.277803,4f:bb:00:00:02:0f,24.125,60.9375,False,88.58823529411765,56446.0
2026-08-18 22:16:11.369532,4f:bb:00:00:02:0f,24.3125,61.0,False,88.58823529411765,57709.0
2026-08-18 22:37:11.406118,4f:bb:00:00:02:0f,24.375,61.0,False,88.58823529411765,58969.5
2026-08-18 22:58:11.449982,4f:bb:00:00:02:0f,24.5,61.1875,False,88.58823529411765,60226.5
2026-08-18 23:19:11.547296,4f:bb:00:00:02:0f,24.5625,61.1875,False,88.58823529411765,61488.0
2026-08-18 23:40:11.613618,4f:bb:00:00:02:0f,24.625,61.1875,False,88.61764705882354,62748.0
2026-08-19 00:01:11.728327,4f:bb:00:00:02:0f,24.6875,61.0625,False,88.61764705882354,64010.0
2026-08-19 00:22:11.780810,4f:bb:00:00:02:0f,24.625,60.875,False,88.58823529411765,65267.0
2026-08-19 00:43:11.884007,4f:bb:00:00:02:0f,24.4375,60.4375,False,88.61764705882354,66530.0
2026-08-19 01:04:11.988735,4f:bb:00:00:02:0f,24.25,60.375,False,88.61764705882354,67787.5
2026-08-19 01:25:12.018513,4f:bb:00:00:02:0f,24.0625,60.375,False,88.61764705882354,69049.0
2026-08-19 01:46:12.077053,4f:bb:00:00:02:0f,23.9375,60.3125,False,88.58823529411765,70306.0
2026-08-19 02:07:12.192217,4f:bb:00:00:02:0f,23.75,60.3125,False,88.58823529411765,71570.0
2026-08-19 02:28:12.258482,4f:bb:00:00:02:0f,23.625,60.25,False,88.58823529411765,72826.5
2026-08-19 02:49:12.350335,4f:bb:00:00:02:0f,23.5,60.0,False,88.58823529411765,74090.0
2026-08-19 03:10:12.441318,4f:bb:00:00:02:0f,23.375,60.0,False,88.58823529411765,75349.0
2026-08-19 03:31:12.468439,4f:bb:00:00:02:0f,23.25,59.9375,False,88.58823529411765,76609.5
2026-08-19 03:52:12.531926,4f:bb:00:00:02:0f,23.125,59.875,False,88.55882352941177,77870.0
2026-08-19 04:13:12.529022,4f:bb:00:00:02:0f,23.0,59.8125,False,88.58823529411765,79129.0
2026-08-19 04:34:12.653259,4f:bb:00:00:02:0f,22.875,59.75,False,88.58823529411765,80391.0
2026-08-19 04:55:12.695460,4f:bb:00:00:02:0f,22.8125,59.75,False,88.58823529411765,81649.0
2026-08-19 05:16:12.775246,4f:bb:00:00:02:0f,22.6875,59.5,False,88.55882352941177,82911.0
2026-08-19 05:37:12.799188,4f:bb:00:00:02:0f,22.5625,59.4375,False,88.55882352941177,84168.0
2026-08-19 05:58:12.832043,4f:bb:00:00:02:0f,22.4375,59.4375,False,88.55882352941177,85432.0
2026-08-19 06:19:12.923323,4f:bb:00:00:02:0f,22.375,59.4375,False,88.55882352941177,86689.0
2026-08-19 06:40:12.984261,4f:bb:00:00:02:0f,22.25,59.375,False,88.54411764705883,87951.0
2026-08-19 07:01:13.035480,4f:bb:00:00:02:0f,22.1875,59.375,False,88.52941176470588,89212.5
2026-08-19 07:22:13.127936,4f:bb:00:00:02:0f,22.125,59.375,False,88.55882352941177,90471.0
2026-08-19 07:43:13.214249,4f:bb:00:00:02:0f,22.0,59.375,False,88.55882352941177,91733.0
2026-08-19 08:04:13.328491,4f:bb:00:00:02:0f,21.9375,59.375,False,88.55882352941177,92990.5
2026-08-19 08:25:13.419274,4f:bb:00:00:02:0f,21.875,59.125,False,88.52941176470588,94252.0
2026-08-19 08:46:13.535520,4f:bb:00:00:02:0f,21.875,59.125,False,88.52941176470588,95512.0
2026-08-19 09:07:13.549154,4f:bb:00:00:02:0f,21.8125,59.125,False,88.52941176470588,96772.0
2026-08-19 09:28:13.618433,4f:bb:00:00:02:0f,21.75,59.125,False,88.5,98030.0
2026-08-19 09:49:13.746058,4f:bb:00:00:02:0f,21.6875,59.0625,False,88.5,99292.0
2026-08-19 10:10:13.774276,4f:bb:00:00:02:0f,21.625,59.125,False,88.5,100549.0
2026-08-19 10:31:13.811286,4f:bb:00:00:02:0f,21.5625,59.25,False,88.5,101812.5
2026-08-19 10:52:13.852418,4f:bb:00:00:02:0f,21.75,59.5625,False,88.52941176470588,103073.0
2026-08-19 11:13:13.930319,4f:bb:00:00:02:0f,22.0,59.9375,False,88.52941176470588,104331.0
2026-08-19 11:34:13.966210,4f:bb:00:00:02:0f,22.125,59.6875,False,88.5,105591.0
2026-08-19 11:55:14.097811,4f:bb:00:00:02:0f,22.3125,60.0,False,88.52941176470588,106853.0
2026-08-19 12:16:14.199319,4f:bb:00:00:02:0f,22.5,59.75,False,88.52941176470588,108112.5
2026-08-19 12:37:14.299670,4f:bb:00:00:02:0f,22.625,59.9375,False,88.5,109374.0
2026-08-19 12:58:14.377320,4f:bb:00:00:02:0f,22.8125,60.25,False,88.52941176470588,110632.0
2026-08-19 13:19:14.466332,4f:bb:00:00:02:0f,22.9375,60.0625,False,88.52941176470588,111893.0
2026-08-19 13:40:14.576664,4f:bb:00:00:02:0f,23.0,60.0625,False,88.55882352941177,113152.5
2026-08-19 14:01:14.666659,4f:bb:00:00:02:0f,23.0625,60.25,False,88.55882352941177,114413.5
2026-08-19 14:22:14.745482,4f:bb:00:00:02:0f,23.1875,60.375,False,88.55882352941177,115676.0
2026-08-19 14:43:14.850856,4f:bb:00:00:02:0f,23.3125,60.375,False,88.55882352941177,116932.5
2026-08-19 15:04:14.944278,4f:bb:00:00:02:0f,23.4375,60.25,False,88.55882352941177,118195.5
2026-08-19 15:25:14.957084,4f:bb:00:00:02:0f,23.5,60.25,False,88.54411764705883,119452.5
2026-08-19 15:46:15.027936,4f:bb:00:00:02:0f,23.5625,60.375,False,88.55882352941177,120715.5
2026-08-19 16:07:15.127868,4f:bb:00:00:02:0f,23.625,60.5625,False,88.55882352941177,121974.0
2026-08-19 16:28:15.207698,4f:bb:00:00:02:0f,23.6875,60.5625,False,88.58823529411765,123233.0
2026-08-19 16:49:15.313795,4f:bb:00:00:02:0f,23.75,60.625,False,88.58823529411765,124495.0
2026-08-19 17:10:15.354500,4f:bb:00:00:02:0f,23.8125,60.625,False,88.55882352941177,125756.0
2026-08-19 17:31:15.411213,4f:bb:00:00:02:0f,23.9375,60.6875,False,88.58823529411765,127015.0
2026-08-19 17:52:15.551479,4f:bb:00:00:02:0f,24.0,60.6875,False,88.58823529411765,128272.0
2026-08-19 18:13:15.611145,4f:bb:00:00:02:0f,24.0625,60.625,False,88.58823529411765,129535.0
2026-08-19 18:34:15.672638,4f:bb:00:00:02:0f,24.0625,60.5625,False,88.58823529411765,130795.0
2026-08-19 18:55:15.752314,4f:bb:00:00:02:0f,24.0625,60.5,False,88.58823529411765,132057.0
2026-08-19 19:16:15.804269,4f:bb:00:00:02:0f,24.0625,60.4375,False,88.58823529411765,133317.0
2026-08-19 19:37:15.829092,4f:bb:00:00:02:0f,23.9375,60.375,False,88.58823529411765,134576.0
2026-08-19 19:58:15.932399,4f:bb:00:00:02:0f,23.875,60.375,False,88.58823529411765,135833.0
2026-08-19 20:19:16.033436,4f:bb:00:00:02:0f,23.8125,60.4375,False,88.58823529411765,137096.0
2026-08-19 20:40:16.069553,4f:bb:00:00:02:0f,23.8125,60.4375,False,88.58823529411765,138355.0
2026-08-19 21:01:16.121785,4f:bb:00:00:02:0f,23.75,60.5,False,88.57352941176471,139616.5
2026-08-19 21:22:16.147259,4f:bb:00:00:02:0f,23.75,60.5,False,88.58823529411765,140876.0
2026-08-19 21:43:16.193458,4f:bb:00:00:02:0f,23.8125,60.5625,False,88.58823529411765,142138.0
2026-08-19 22:04:16.317111,4f:bb:00:00:02:0f,23.8125,60.5625,False,88.58823529411765,143396.0
2026-08-19 22:25:16.392949,4f:bb:00:00:02:0f,23.8125,60.5625,False,88.58823529411765,144657.0
2026-08-19 22:46:16.438604,4f:bb:00:00:02:0f,23.78125,60.375,False,88.58823529411765,145920.0
2026-08-19 23:07:16.510318,4f:bb:00:00:02:0f,23.625,60.25,False,88.55882352941177,147176.0
2026-08-19 23:28:16.619019,4f:bb:00:00:02:0f,23.5,60.0,False,88.55882352941177,148436.0
2026-08-19 23:49:16.676365,4f:bb:00:00:02:0f,23.3125,60.0,False,88.55882352941177,149696.5
2026-08-20 00:10:16.743831,4f:bb:00:00:02:0f,23.1875,60.0,False,88.55882352941177,150956.0
2026-08-20 00:31:16.804377,4f:bb:00:00:02:0f,23.125,59.9375,False,88.55882352941177,152218.0
2026-08-20 00:52:16.840238,4f:bb:00:00:02:0f,22.9375,59.875,False,88.55882352941177,153479.0
2026-08-20 01:13:16.867404,4f:bb:00:00:02:0f,22.8125,59.8125,False,88.55882352941177,154735.5
2026-08-20 01:34:16.967707,4f:bb:00:00:02:0f,22.6875,59.5,False,88.52941176470588,155999.0
2026-08-20 01:55:17.081606,4f:bb:00:00:02:0f,22.5,59.5,False,88.55882352941177,157255.0
2026-08-20 02:16:17.167924,4f:bb:00:00:02:0f,22.375,59.4375,False,88.55882352941177,158518.0
2026-08-20 02:37:17.264500,4f:bb:00:00:02:0f,22.25,59.375,False,88.54411764705883,159778.5
2026-08-20 02:58:17.363928,4f:bb:00:00:02:0f,22.125,59.375,False,88.52941176470588,161038.0
2026-08-20 03:19:17.425341,4f:bb:00:00:02:0f,22.0,59.3125,False,88.52941176470588,162299.0
2026-08-20 03:40:17.565288,4f:bb:00:00:02:0f,21.875,59.0625,False,88.52941176470588,163558.0
2026-08-20 04:01:17.627158,4f:bb:00:00:02:0f,21.75,59.0625,False,88.52941176470588,164818.5
2026-08-20 04:22:17.694430,4f:bb:00:00:02:0f,21.625,59.0,False,88.51470588235294,166078.5
2026-08-20 04:43:17.699608,4f:bb:00:00:02:0f,21.5625,58.9375,False,88.5,167339.0
2026-08-20 05:04:17.784609,4f:bb:00:00:02:0f,21.4375,58.9375,False,88.5,168598.5
2026-08-20 05:25:17.865703,4f:bb:00:00:02:0f,21.3125,58.875,False,88.5,169862.0
2026-08-20 05:46:17.907309,4f:bb:00:00:02:0f,21.1875,58.875,False,88.5,171120.0
2026-08-20 06:07:17.948795,4f:bb:00:00:02:0f,21.125,58.875,False,88.47058823529412,172378.5
2026-08-20 06:28:18.069516,4f:bb:00:00:02:0f,21.0,58.625,False,88.5,173642.0
2026-08-20 06:49:18.102904,4f:bb:00:00:02:0f,20.9375,58.625,False,88.47058823529412,174899.0
2026-08-20 07:10:18.209429,4f:bb:00:00:02:0f,20.875,58.625,False,88.48529411764706,176159.5
2026-08-20 07:31:18.289425,4f:bb:00:00:02:0f,20.8125,58.625,False,88.44117647058823,177421.0
2026-08-20 07:52:18.372780,4f:bb:00:00:02:0f,20.6875,58.625,False,88.47058823529412,178680.0
2026-08-20 08:13:18.502990,4f:bb:00:00:02:0f,20.6875,58.625,False,88.44117647058823,179941.0
2026-08-20 08:34:18.504513,4f:bb:00:00:02:0f,20.6875,58.6875,False,88.44117647058823,181198.0
2026-08-20 08:55:18.561084,4f:bb:00:00:02:0f,20.75,58.75,False,88.47058823529412,182462.0
2026-08-20 09:16:18.693934,4f:bb:00:00:02:0f,20.8125,58.8125,False,88.47058823529412,183721.0
2026-08-20 09:37:18.743411,4f:bb:00:00:02:0f,20.875,58.6875,False,88.47058823529412,184982.0
2026-08-20 09:58:18.838262,4f:bb:00:00:02:0f,20.9375,58.6875,False,88.47058823529412,186241.0
2026-08-20 10:19:18.872052,4f:bb:00:00:02:0f,21.0625,59.0625,False,88.47058823529412,187502.0
2026-08-20 10:40:18.946175,4f:bb:00:00:02:0f,21.125,59.0,False,88.47058823529412,188761.0
2026-08-20 11:01:18.990601,4f:bb:00:00:02:0f,21.25,59.3125,False,88.44117647058823,190021.5
2026-08-20 11:22:19.030803,4f:bb:00:00:02:0f,21.4375,59.25,False,88.47058823529412,191281.0
2026-08-20 11:43:19.119387,4f:bb:00:00:02:0f,21.625,59.5,False,88.44117647058823,192543.0
2026-08-20 12:04:19.203460,4f:bb:00:00:02:0f,21.875,59.5625,False,88.5,193801.0
2026-08-20 12:25:19.229337,4f:bb:00:00:02:0f,22.0625,59.6875,False,88.47058823529412,195061.5
2026-08-20 12:46:19.230127,4f:bb:00:00:02:0f,22.1875,59.8125,False,88.48529411764706,196321.5
2026-08-20 13:07:19.327597,4f:bb:00:00:02:0f,22.4375,60.0,False,88.47058823529412,197581.5
2026-08-20 13:28:19.428341,4f:bb:00:00:02:0f,22.625,59.9375,False,88.47058823529412,198845.0
2026-08-20 13:49:19.531262,4f:bb:00:00:02:0f,22.75,60.0,False,88.5,200101.5
2026-08-20 14:10:19.575624,4f:bb:00:00:02:0f,22.9375,60.3125,False,88.5,201362.0
2026-08-20 14:31:19.629306,4f:bb:00:00:02:0f,23.0625,60.25,False,88.5,202622.0
2026-08-20 14:52:19.706905,4f:bb:00:00:02:0f,23.125,60.25,False,88.47058823529412,203885.0
2026-08-20 15:13:19.764871,4f:bb:00:00:02:0f,23.1875,60.1875,False,88.5,205143.0
2026-08-20 15:34:19.867074,4f:bb:00:00:02:0f,23.25,60.3125,False,88.5,206403.0
2026-08-20 15:55:19.966520,4f:bb:00:00:02:0f,23.3125,60.1875,False,88.5,207662.5
2026-08-20 16:16:19.990086,4f:bb:00:00:02:0f,23.3125,60.1875,False,88.5,208923.0
2026-08-20 16:37:20.092088,4f:bb:00:00:02:0f,23.375,60.1875,False,88.5,210184.0
2026-08-20 16:58:20.136788,4f:bb:00:00:02:0f,23.375,60.1875,False,88.5,211442.0
2026-08-20 17:19:20.202611,4f:bb:00:00:02:0f,23.3125,60.0625,False,88.5,212704.5
2026-08-20 17:40:20.329839,4f:bb:00:00:02:0f,23.25,60.1875,False,88.5,213963.0
2026-08-20 18:01:20.404760,4f:bb:00:00:02:0f,23.25,60.1875,False,88.5,215223.0
2026-08-20 18:22:20.506281,4f:bb:00:00:02:0f,23.25,60.1875,False,88.52941176470588,216482.0
2026-08-20 18:43:20.570950,4f:bb:00:00:02:0f,23.25,60.1875,False,88.52941176470588,217744.5
2026-08-20 19:04:20.663484,4f:bb:00:00:02:0f,23.25,60.125,False,88.52941176470588,219004.0
2026-08-20 19:25:20.747085,4f:bb:00:00:02:0f,23.1875,60.125,False,88.52941176470588,220264.0
2026-08-20 19:46:20.828660,4f:bb:00:00:02:0f,23.125,60.0625,False,88.52941176470588,221524.0
2026-08-20 20:07:20.945726,4f:bb:00:00:02:0f,23.125,60.0625,False,88.52941176470588,222785.0
2026-08-20 20:28:21.036627,4f:bb:00:00:02:0f,23.0625,60.125,False,88.52941176470588,224044.5
2026-08-20 20:49:21.128596,4f:bb:00:00:02:0f,23.0625,60.1875,False,88.5,225305.0
2026-08-20 21:10:21.271298,4f:bb:00:00:02:0f,23.0625,60.1875,False,88.52941176470588,226565.0
2026-08-20 21:31:21.349853,4f:bb:00:00:02:0f,23.125,60.1875,False,88.5,227825.0
2026-08-20 21:52:21.469172,4f:bb:00:00:02:0f,23.125,60.1875,False,88.52941176470588,229088.0
2026-08-20 22:13:21.595351,4f:bb:00:00:02:0f,23.125,60.1875,False,88.52941176470588,230347.0
2026-08-20 22:34:21.663884,4f:bb:00:00:02:0f,23.125,60.25,False,88.52941176470588,231608.0
2026-08-20 22:55:21.723310,4f:bb:00:00:02:0f,23.125,60.25,False,88.52941176470588,232864.0
2026-08-20 23:16:21.802847,4f:bb:00:00:02:0f,23.1875,60.25,False,88.52941176470588,234127.0
2026-08-20 23:37:21.916558,4f:bb:00:00:02:0f,23.1875,60.1875,False,88.52941176470588,235386.0
2026-08-20 23:58:22.013707,4f:bb:00:00:02:0f,23.125,60.1875,False,88.54411764705883,236649.0
2026-08-21 00:19:22.044122,4f:bb:00:00:02:0f,23.0625,60.0,False,88.5,237905.0
2026-08-21 00:40:22.123252,4f:bb:00:00:02:0f,22.875,59.875,False,88.52941176470588,239167.5
2026-08-21 01:01:22.148589,4f:bb:00:00:02:0f,22.6875,59.625,False,88.52941176470588,240428.0
2026-08-21 01:22:22.239566,4f:bb:00:00:02:0f,22.5,59.5625,False,88.5,241684.5
2026-08-21 01:43:22.353346,4f:bb:00:00:02:0f,22.3125,59.5625,False,88.5,242947.0
2026-08-21 02:04:22.459697,4f:bb:00:00:02:0f,22.1875,59.5,False,88.5,244206.0
2026-08-21 02:25:22.523479,4f:bb:00:00:02:0f,22.0,59.4375,False,88.47058823529412,245473.5
2026-08-21 02:46:22.589585,4f:bb:00:00:02:0f,21.875,59.1875,False,88.5,246727.5
2026-08-21 03:07:22.698915,4f:bb:00:00:02:0f,21.75,59.1875,False,88.47058823529412,247988.0
2026-08-21 03:28:22.764471,4f:bb:00:00:02:0f,21.625,59.1875,False,88.5,249247.0
2026-08-21 03:49:22.768150,4f:bb:00:00:02:0f,21.5,59.125,False,88.47058823529412,250507.5
2026-08-21 04:10:22.868743,4f:bb:00:00:02:0f,21.4375,59.125,False,88.47058823529412,251769.0
2026-08-21 04:31:22.984159,4f:bb:00:00:02:0f,21.3125,59.0625,False,88.47058823529412,253030.0
2026-08-21 04:52:23.058828,4f:bb:00:00:02:0f,21.1875,59.0625,False,88.44117647058823,254287.5
2026-08-21 05:13:23.174308,4f:bb:00:00:02:0f,21.125,59.0,False,88.44117647058823,255551.0
2026-08-21 05:34:23.185644,4f:bb:00:00:02:0f,21.0,58.75,False,88.44117647058823,256810.0
2026-08-21 05:55:23.297424,4f:bb:00:00:02:0f,20.875,58.6875,False,88.44117647058823,258070.5
2026-08-21 06:16:23.374284,4f:bb:00:00:02:0f,20.75,58.6875,False,88.42647058823529,259327.0
2026-08-21 06:37:23.467003,4f:bb:00:00:02:0f,20.625,58.625,False,88.41176470588235,260590.5
2026-08-21 06:58:23.496148,4f:bb:00:00:02:0f,20.5625,58.625,False,88.44117647058823,261847.0
2026-08-21 07:19:23.613000,4f:bb:00:00:02:0f,20.4375,58.625,False,88.41176470588235,263108.0
2026-08-21 07:40:23.717310,4f:bb:00:00:02:0f,20.3125,58.625,False,88.44117647058823,264370.0
2026-08-21 08:01:23.713464,4f:bb:00:00:02:0f,20.25,58.625,False,88.41176470588235,265630.5
2026-08-21 08:22:23.776398,4f:bb:00:00:02:0f,20.1875,58.6875,False,88.41176470588235,266888.5
2026-08-21 08:43:23.820867,4f:bb:00:00:02:0f,20.1875,58.8125,False,88.41176470588235,268149.0
2026-08-21 09:04:23.852772,4f:bb:00:00:02:0f,20.3125,58.9375,False,88.38235294117646,269411.0
2026-08-21 09:25:23.874782,4f:bb:00:00:02:0f,20.5,59.0,False,88.38235294117646,270667.5
2026-08-21 09:46:23.972742,4f:bb:00:00:02:0f,20.625,58.875,False,88.41176470588235,271927.0
2026-08-21 10:07:24.032440,4f:bb:00:00:02:0f,20.75,59.0,False,88.41176470588235,273191.0
2026-08-21 10:28:24.153385,4f:bb:00:00:02:0f,20.9375,59.0625,False,88.41176470588235,274449.0
2026-08-21 10:49:24.226103,4f:bb:00:00:02:0f,21.0625,59.3125,False,88.41176470588235,275710.5
2026-08-21 11:10:24.331758,4f:bb:00:00:02:0f,21.25,59.4375,False,88.44117647058823,276972.0
2026-08-21 11:31:24.413105,4f:bb:00:00:02:0f,21.5,59.625,False,88.41176470588235,278232.0
2026-08-21 11:52:24.507840,4f:bb:00:00:02:0f,21.75,59.625,False,88.41176470588235,279492.0
2026-08-21 12:13:24.538465,4f:bb:00:00:02:0f,22.0,60.0,False,88.44117647058823,280752.0
2026-08-21 12:34:24.618225,4f:bb:00:00:02:0f,22.25,60.0,False,88.44117647058823,282011.5
2026-08-21 12:55:24.711488,4f:bb:00:00:02:0f,22.4375,60.0625,False,88.47058823529412,283273.0
2026-08-21 13:16:24.795172,4f:bb:00:00:02:0f,22.625,60.0625,False,88.44117647058823,284531.0
2026-08-21 13:37:24.832608,4f:bb:00:00:02:0f,22.8125,60.375,False,88.44117647058823,285793.0
2026-08-21 13:58:24.967728,4f:bb:00:00:02:0f,22.9375,60.375,False,88.47058823529412,287051.5
2026-08-21 14:19:25.073367,4f:bb:00:00:02:0f,23.0625,60.3125,False,88.47058823529412,288313.0
2026-08-21 14:40:25.147674,4f:bb:00:00:02:0f,23.125,60.3125,False,88.47058823529412,289571.0
2026-08-21 15:01:25.175942,4f:bb:00:00:02:0f,23.1875,60.3125,False,88.47058823529412,290833.0
2026-08-21 15:22:25.323164,4f:bb:00:00:02:0f,23.25,60.34375,False,88.47058823529412,292089.5
2026-08-21 15:43:25.392451,4f:bb:00:00:02:0f,23.3125,60.375,False,88.5,293351.0
2026-08-21 16:04:25.489311,4f:bb:00:00:02:0f,23.375,60.3125,False,88.5,294613.0
2026-08-21 16:25:25.586253,4f:bb:00:00:02:0f,23.375,60.25,False,88.5,295871.0
2026-08-21 16:46:25.685383,4f:bb:00:00:02:0f,23.375,60.28125,False,88.5,297135.0
2026-08-21 17:07:25.788652,4f:bb:00:00:02:0f,23.4375,60.3125,False,88.5,298393.5
2026-08-21 17:28:25.779947,4f:bb:00:00:02:0f,23.5,60.375,False,88.5,299655.5
2026-08-21 17:49:25.904924,4f:bb:00:00:02:0f,23.625,60.625,False,88.52941176470588,300914.0
2026-08-21 18:10:25.954675,4f:bb:00:00:02:0f,23.6875,60.625,False,88.5,302175.0
2026-08-21 18:31:25.975860,4f:bb:00:00:02:0f,23.75,60.5625,False,88.5,303435.0
2026-08-21 18:52:26.062061,4f:bb:00:00:02:0f,23.75,60.4375,False,88.5,304693.0
2026-08-21 19:13:26.135374,4f:bb:00:00:02:0f,23.6875,60.25,False,88.5,305957.0
2026-08-21 19:34:26.223459,4f:bb:00:00:02:0f,23.5625,60.0,False,88.52941176470588,307213.0
2026-08-21 19:55:26.351674,4f:bb:00:00:02:0f,23.40625,60.0,False,88.5,308475.0
2026-08-21 20:16:26.427776,4f:bb:00:00:02:0f,23.3125,60.0625,False,88.5,309737.0
2026-08-21 20:37:26.531441,4f:bb:00:00:02:0f,23.1875,60.0,False,88.52941176470588,310992.5
2026-08-21 20:58:26.626278,4f:bb:00:00:02:0f,23.0625,59.9375,False,88.5,312254.0
2026-08-21 21:19:26.716831,4f:bb:00:00:02:0f,22.875,59.9375,False,88.5,313513.0
2026-08-21 21:40:26.821676,4f:bb:00:00:02:0f,22.8125,59.875,False,88.5,314772.0
2026-08-21 22:01:26.912781,4f:bb:00:00:02:0f,22.625,59.625,False,88.5,316036.0
2026-08-21 22:22:26.914742,4f:bb:00:00:02:0f,22.5,59.625,False,88.5,317296.0
2026-08-21 22:43:27.001471,4f:bb:00:00:02:0f,22.375,59.625,False,88.5,318554.0
2026-08-21 23:04:27.140067,4f:bb:00:00:02:0f,22.3125,59.625,False,88.47058823529412,319817.0
2026-08-21 23:25:27.157783,4f:bb:00:00:02:0f,22.1875,59.625,False,88.5,321073.5
2026-08-21 23:46:27.267896,4f:bb:00:00:02:0f,22.125,59.625,False,88.47058823529412,322335.0
2026-08-22 00:07:27.335530,4f:bb:00:00:02:0f,22.0625,59.625,False,88.47058823529412,323596.0
2026-08-22 00:28:27.408669,4f:bb:00:00:02:0f,22.0,59.5625,False,88.45588235294117,324856.0
2026-08-22 00:49:27.463032,4f:bb:00:00:02:0f,21.875,59.25,False,88.47058823529412,326118.0
2026-08-22 01:10:27.552084,4f:bb:00:00:02:0f,21.8125,59.125,False,88.44117647058823,327373.5
2026-08-22 01:31:27.597737,4f:bb:00:00:02:0f,21.6875,59.125,False,88.5,328636.5
2026-08-22 01:52:27.651105,4f:bb:00:00:02:0f,21.5,59.0625,False,88.48529411764706,329896.5
2026-08-22 02:13:27.696494,4f:bb:00:00:02:0f,21.375,59.0,False,88.44117647058823,331158.0
2026-08-22 02:34:27.759655,4f:bb:00:00:02:0f,21.25,58.9375,False,88.44117647058823,332416.0
2026-08-22 02:55:27.856687,4f:bb:00:00:02:0f,21.125,58.90625,False,88.44117647058823,333678.0
2026-08-22 03:16:27.943506,4f:bb:00:00:02:0f,21.0,58.625,False,88.44117647058823,334938.0
2026-08-22 03:37:28.061437,4f:bb:00:00:02:0f,20.875,58.625,False,88.44117647058823,336199.0
2026-08-22 03:58:28.159673,4f:bb:00:00:02:0f,20.75,58.5625,False,88.44117647058823,337460.0
2026-08-22 04:19:28.242040,4f:bb:00:00:02:0f,20.625,58.5,False,88.44117647058823,338716.0
2026-08-22 04:40:28.372407,4f:bb:00:00:02:0f,20.5,58.5,False,88.44117647058823,339980.0
2026-08-22 05:01:28.441959,4f:bb:00:00:02:0f,20.375,58.4375,False,88.41176470588235,341238.0
2026-08-22 05:22:28.600990,4f:bb:00:00:02:0f,20.25,58.4375,False,88.41176470588235,342497.0
2026-08-22 05:43:28.651902,4f:bb:00:00:02:0f,20.0625,58.1875,False,88.38235294117646,343757.0
2026-08-22 06:04:28.745414,4f:bb:00:00:02:0f,20.0,58.125,False,88.41176470588235,345019.0
2026-08-22 06:25:28.793576,4f:bb:00:00:02:0f,19.875,58.125,False,88.38235294117646,346276.5
2026-08-22 06:46:28.895548,4f:bb:00:00:02:0f,19.75,58.125,False,88.38235294117646,347537.0
2026-08-22 07:07:28.938714,4f:bb:00:00:02:0f,19.625,58.125,False,88.38235294117646,348799.5
2026-08-22 07:28:28.973848,4f:bb:00:00:02:0f,19.5625,58.0625,False,88.3529411764706,350060.0
2026-08-22 07:49:29.077493,4f:bb:00:00:02:0f,19.4375,58.0625,False,88.3529411764706,351319.0
2026-08-22 08:10:29.187134,4f:bb:00:00:02:0f,19.375,58.0625,False,88.3529411764706,352582.0
2026-08-22 08:31:29.324564,4f:bb:00:00:02:0f,19.375,58.25,False,88.3529411764706,353837.0
2026-08-22 08:52:29.383096,4f:bb:00:00:02:0f,19.4375,58.3125,False,88.3529411764706,355100.0
2026-08-22 09:13:29.515960,4f:bb:00:00:02:0f,19.5625,58.3125,False,88.3529411764706,356359.0
2026-08-22 09:34:29.551197,4f:bb:00:00:02:0f,19.6875,58.3125,False,88.3529411764706,357621.0
2026-08-22 09:55:29.633062,4f:bb:00:00:02:0f,19.875,58.375,False,88.3529411764706,358879.0
2026-08-22 10:16:29.729793,4f:bb:00:00:02:0f,20.0,58.5,False,88.32352941176471,360141.0
2026-08-22 10:37:29.816719,4f:bb:00:00:02:0f,20.25,58.875,False,88.3529411764706,361400.0
2026-08-22 10:58:29.866623,4f:bb:00:00:02:0f,20.5,59.0,False,88.3529411764706,362661.0
2026-08-22 11:19:29.909055,4f:bb:00:00:02:0f,20.75,59.0625,False,88.38235294117646,363921.0
2026-08-22 11:40:30.012849,4f:bb:00:00:02:0f,21.0,59.125,False,88.3529411764706,365182.5
2026-08-22 12:01:30.112421,4f:bb:00:00:02:0f,21.1875,59.4375,False,88.38235294117646,366439.5
2026-08-22 12:22:30.214823,4f:bb:00:00:02:0f,21.4375,59.5,False,88.41176470588235,367700.0
2026-08-22 12:43:30.328800,4f:bb:00:00:02:0f,21.625,59.4375,False,88.38235294117646,368962.0
2026-08-22 13:04:30.439604,4f:bb:00:00:02:0f,21.75,59.5,False,88.41176470588235,370220.0
2026-08-22 13:25:30.522790,4f:bb:00:00:02:0f,21.9375,59.6875,False,88.41176470588235,371480.0
2026-08-22 13:46:30.597893,4f:bb:00:00:02:0f,22.0,59.75,False,88.38235294117646,372742.0
2026-08-22 14:07:30.659299,4f:bb:00:00:02:0f,22.125,59.6875,False,88.38235294117646,374001.0
2026-08-22 14:28:30.656393,4f:bb:00:00:02:0f,22.125,59.75,False,88.41176470588235,375262.0
2026-08-22 14:49:30.793499,4f:bb:00:00:02:0f,22.25,59.75,False,88.38235294117646,376525.5
2026-08-22 15:10:30.846284,4f:bb:00:00:02:0f,22.3125,59.8125,False,88.41176470588235,377779.5
2026-08-22 15:31:30.922138,4f:bb:00:00:02:0f,22.375,59.8125,False,88.41176470588235,379044.0
2026-08-22 15:52:30.915377,4f:bb:00:00:02:0f,22.375,59.8125,False,88.41176470588235,380303.5
2026-08-22 16:13:31.039727,4f:bb:00:00:02:0f,22.4375,59.8125,False,88.41176470588235,381560.0
2026-08-22 16:34:31.130153,4f:bb:00:00:02:0f,22.4375,59.75,False,88.44117647058823,382825.0
2026-08-22 16:55:31.232201,4f:bb:00:00:02:0f,22.5,59.75,False,88.41176470588235,384077.5
2026-08-22 17:16:31.328897,4f:bb:00:00:02:0f,22.5,59.8125,False,88.41176470588235,385342.0
2026-08-22 17:37:31.413110,4f:bb:00:00:02:0f,22.5625,59.875,False,88.41176470588235,386605.5
2026-08-22 17:58:31.519457,4f:bb:00:00:02:0f,22.625,59.9375,False,88.41176470588235,387863.0
2026-08-22 18:19:31.644769,4f:bb:00:00:02:0f,22.6875,59.8125,False,88.41176470588235,389122.0
2026-08-22 18:40:31.713165,4f:bb:00:00:02:0f,22.6875,59.75,False,88.42647058823529,390385.5
2026-08-22 19:01:31.724318,4f:bb:00:00:02:0f,22.6875,59.6875,False,88.44117647058823,391644.0
2026-08-22 19:22:31.777298,4f:bb:00:00:02:0f,22.625,59.6875,False,88.41176470588235,392906.0
2026-08-22 19:43:31.876219,4f:bb:00:00:02:0f,22.625,59.6875,False,88.42647058823529,394164.0
2026-08-22 20:04:31.970891,4f:bb:00:00:02:0f,22.5625,59.5625,False,88.41176470588235,395425.0
2026-08-22 20:25:32.034301,4f:bb:00:00:02:0f,22.4375,59.5,False,88.41176470588235,396684.0
2026-08-22 20:46:32.175210,4f:bb:00:00:02:0f,22.375,59.5625,False,88.41176470588235,397943.0
2026-08-22 21:07:32.265134,4f:bb:00:00:02:0f,22.3125,59.5625,False,88.41176470588235,399203.0
2026-08-22 21:28:32.268806,4f:bb:00:00:02:0f,22.25,59.625,False,88.41176470588235,400463.0
2026-08-22 21:49:32.378209,4f:bb:00:00:02:0f,22.25,59.5625,False,88.42647058823529,401727.0
2026-08-22 22:10:32.472485,4f:bb:00:00:02:0f,22.1875,59.5,False,88.41176470588235,402986.0
2026-08-22 22:31:32.579030,4f:bb:00:00:02:0f,22.125,59.4375,False,88.41176470588235,404245.0
2026-08-22 22:52:32.666961,4f:bb:00:00:02:0f,22.0,59.4375,False,88.44117647058823,405506.0
2026-08-22 23:13:32.743883,4f:bb:00:00:02:0f,21.9375,59.375,False,88.41176470588235,406763.0
2026-08-22 23:34:32.852605,4f:bb:00:00:02:0f,21.8125,59.125,False,88.41176470588235,408027.0
2026-08-22 23:55:32.983949,4f:bb:00:00:02:0f,21.6875,59.0625,False,88.41176470588235,409285.5
2026-08-23 00:16:33.022865,4f:bb:00:00:02:0f,21.5625,59.0625,False,88.3970588235294,410544.0
2026-08-23 00:37:33.039074,4f:bb:00:00:02:0f,21.4375,59.0,False,88.38235294117646,411806.0
2026-08-23 00:58:33.022956,4f:bb:00:00:02:0f,21.3125,59.0,False,88.38235294117646,413065.0
2026-08-23 01:19:33.042190,4f:bb:00:00:02:0f,21.25,58.9375,False,88.38235294117646,414329.0
2026-08-23 01:40:33.140753,4f:bb:00:00:02:0f,21.125,58.875,False,88.3529411764706,415586.0
2026-08-23 02:01:33.186671,4f:bb:00:00:02:0f,21.0,58.5625,False,88.36764705882354,416847.0
2026-08-23 02:22:33.234849,4f:bb:00:00:02:0f,20.875,58.5625,False,88.38235294117646,418106.0
2026-08-23 02:43:33.340233,4f:bb:00:00:02:0f,20.75,58.4375,False,88.3529411764706,419368.0
2026-08-23 03:04:33.416512,4f:bb:00:00:02:0f,20.5625,58.4375,False,88.38235294117646,420625.0
2026-08-23 03:25:33.478439,4f:bb:00:00:02:0f,20.4375,58.3125,False,88.38235294117646,421888.5
2026-08-23 03:46:33.495777,4f:bb:00:00:02:0f,20.3125,58.3125,False,88.3529411764706,423145.0
2026-08-23 04:07:33.530884,4f:bb:00:00:02:0f,20.125,58.0,False,88.3529411764706,424409.0
2026-08-23 04:28:33.612701,4f:bb:00:00:02:0f,19.9375,58.0,False,88.32352941176471,425666.0
2026-08-23 04:49:33.700342,4f:bb:00:00:02:0f,19.8125,58.0,False,88.32352941176471,426929.0
2026-08-23 05:10:33.803721,4f:bb:00:00:02:0f,19.6875,57.9375,False,88.32352941176471,428186.0
2026-08-23 05:31:33.911775,4f:bb:00:00:02:0f,19.5625,57.875,False,88.32352941176471,429445.5
2026-08-23 05:52:34.015814,4f:bb:00:00:02:0f,19.4375,57.875,False,88.29411764705883,430708.5
2026-08-23 06:13:34.104405,4f:bb:00:00:02:0f,19.3125,57.625,False,88.29411764705883,431963.0
2026-08-23 06:34:34.149574,4f:bb:00:00:02:0f,19.1875,57.5625,False,88.32352941176471,433228.0
2026-08-23 06:55:34.241561,4f:bb:00:00:02:0f,19.0625,57.5625,False,88.29411764705883,434490.0
2026-08-23 07:16:34.348374,4f:bb:00:00:02:0f,18.9375,57.5625,False,88.26470588235294,435745.0
2026-08-23 07:37:34.442774,4f:bb:00:00:02:0f,18.875,57.5,False,88.26470588235294,437009.0
2026-08-23 07:58:34.559538,4f:bb:00:00:02:0f,18.75,57.5625,False,88.26470588235294,438265.5
2026-08-23 08:19:34.665173,4f:bb:00:00:02:0f,18.75,57.5625,False,88.26470588235294,439531.0
2026-08-23 08:40:34.672589,4f:bb:00:00:02:0f,18.75,57.5625,False,88.26470588235294,440790.0
2026-08-23 09:01:34.782383,4f:bb:00:00:02:0f,18.75,57.625,False,88.26470588235294,442051.5
2026-08-23 09:22:34.786448,4f:bb:00:00:02:0f,18.8125,57.8125,False,88.26470588235294,443308.0
2026-08-23 09:43:34.887724,4f:bb:00:00:02:0f,19.0,57.875,False,88.23529411764706,444570.0
2026-08-23 10:04:35.008383,4f:bb:00:00:02:0f,19.1875,57.9375,False,88.23529411764706,445828.0
2026-08-23 10:25:35.072531,4f:bb:00:00:02:0f,19.4375,58.375,False,88.26470588235294,447090.5
2026-08-23 10:46:35.180753,4f:bb:00:00:02:0f,19.75,58.5625,False,88.26470588235294,448347.0
2026-08-23 11:07:35.223329,4f:bb:00:00:02:0f,20.125,58.6875,False,88.26470588235294,449611.0
2026-08-23 11:28:35.218098,4f:bb:00:00:02:0f,20.4375,58.875,False,88.26470588235294,450870.0
2026-08-23 11:49:35.280008,4f:bb:00:00:02:0f,20.6875,58.9375,False,88.29411764705883,452128.5
2026-08-23 12:10:35.396836,4f:bb:00:00:02:0f,20.875,58.875,False,88.29411764705883,453390.0
2026-08-23 12:31:35.408407,4f:bb:00:00:02:0f,21.0625,59.1875,False,88.29411764705883,454652.0
2026-08-23 12:52:35.392305,4f:bb:00:00:02:0f,21.1875,59.25,False,88.29411764705883,455911.0
2026-08-23 13:13:35.491432,4f:bb:00:00:02:0f,21.375,59.375,False,88.32352941176471,457167.5
2026-08-23 13:34:35.584932,4f:bb:00:00:02:0f,21.5625,59.4375,False,88.32352941176471,458431.0
2026-08-23 13:55:35.632356,4f:bb:00:00:02:0f,21.6875,59.5625,False,88.32352941176471,459691.0
2026-08-23 14:16:35.668552,4f:bb:00:00:02:0f,21.9375,59.8125,False,88.32352941176471,460948.5
2026-08-23 14:37:35.774142,4f:bb:00:00:02:0f,22.0625,59.8125,False,88.32352941176471,462211.0
2026-08-23 14:58:35.805339,4f:bb:00:00:02:0f,22.25,59.8125,False,88.32352941176471,463471.5
2026-08-23 15:19:35.897925,4f:bb:00:00:02:0f,22.3125,59.75,False,88.32352941176471,464732.0
2026-08-23 15:40:35.900258,4f:bb:00:00:02:0f,22.375,59.75,False,88.3529411764706,465991.0
2026-08-23 16:01:35.924630,4f:bb:00:00:02:0f,22.375,59.6875,False,88.3529411764706,467252.0
2026-08-23 16:22:36.022391,4f:bb:00:00:02:0f,22.4375,59.5625,False,88.3529411764706,468511.5
2026-08-23 16:43:36.105235,4f:bb:00:00:02:0f,22.375,59.5625,False,88.3529411764706,469771.5
2026-08-23 17:04:36.227405,4f:bb:00:00:02:0f,22.4375,59.6875,False,88.32352941176471,471031.5
2026-08-23 17:25:36.274141,4f:bb:00:00:02:0f,22.5,59.625,False,88.32352941176471,472291.5
2026-08-23 17:46:36.376367,4f:bb:00:00:02:0f,22.4375,59.1875,False,88.32352941176471,473551.0
2026-08-23 18:07:36.379911,4f:bb:00:00:02:0f,22.1875,59.125,False,88.3529411764706,474814.5
2026-08-23 18:28:36.479969,4f:bb:00:00:02:0f,22.0625,59.25,False,88.3529411764706,476074.0
2026-08-23 18:49:36.568530,4f:bb:00:00:02:0f,21.9375,59.1875,False,88.32352941176471,477331.5
2026-08-23 19:10:36.680985,4f:bb:00:00:02:0f,21.8125,58.9375,False,88.3529411764706,478596.0
2026-08-23 19:31:36.757072,4f:bb:00:00:02:0f,21.6875,58.9375,False,88.3529411764706,479853.0
2026-08-23 19:52:36.856918,4f:bb:00:00:02:0f,21.625,58.875,False,88.32352941176471,481113.0
2026-08-23 20:13:36.856385,4f:bb:00:00:02:0f,21.4375,58.8125,False,88.3529411764706,482375.0
2026-08-23 20:34:36.977262,4f:bb:00:00:02:0f,21.3125,58.75,False,88.32352941176471,483632.0
2026-08-23 20:55:37.066757,4f:bb:00:00:02:0f,21.1875,58.8125,False,88.32352941176471,484893.0
2026-08-23 21:16:37.121759,4f:bb:00:00:02:0f,21.0625,58.75,False,88.32352941176471,486152.0
2026-08-23 21:37:37.207566,4f:bb:00:00:02:0f,20.9375,58.5625,False,88.29411764705883,487411.0
2026-08-23 21:58:37.301361,4f:bb:00:00:02:0f,20.9375,58.5625,False,88.29411764705883,488673.0
2026-08-23 22:19:37.338616,4f:bb:00:00:02:0f,20.875,58.5625,False,88.29411764705883,489933.0
2026-08-23 22:40:37.431149,4f:bb:00:00:02:0f,20.875,58.5625,False,88.30882352941177,491195.5
2026-08-23 23:01:37.452418,4f:bb:00:00:02:0f,20.8125,58.5625,False,88.26470588235294,492452.0
2026-08-23 23:22:37.554107,4f:bb:00:00:02:0f,20.8125,58.5625,False,88.29411764705883,493714.0
2026-08-23 23:43:37.674363,4f:bb:00:00:02:0f,20.8125,58.5,False,88.29411764705883,494977.0
2026-08-24 00:04:37.753035,4f:bb:00:00:02:0f,20.75,58.5,False,88.32352941176471,496228.0
2026-08-24 00:25:37.802848,4f:bb:00:00:02:0f,20.75,58.5,False,88.29411764705883,497495.0
2026-08-24 00:46:37.839280,4f:bb:00:00:02:0f,20.6875,58.4375,False,88.29411764705883,498757.0
2026-08-24 01:07:37.938568,4f:bb:00:00:02:0f,20.5625,58.375,False,88.29411764705883,500018.0
2026-08-24 01:28:38.026300,4f:bb:00:00:02:0f,20.5,58.375,False,88.29411764705883,501276.0
2026-08-24 01:49:38.054521,4f:bb:00:00:02:0f,20.4375,58.3125,False,88.29411764705883,502537.0
2026-08-24 02:10:38.165794,4f:bb:00:00:02:0f,20.3125,58.3125,False,88.29411764705883,503797.0
2026-08-24 02:31:38.276876,4f:bb:00:00:02:0f,20.1875,58.25,False,88.29411764705883,505057.0
2026-08-24 02:52:38.289524,4f:bb:00:00:02:0f,20.125,58.0,False,88.26470588235294,506314.0
2026-08-24 03:13:38.314725,4f:bb:00:00:02:0f,20.0,58.0,False,88.27941176470588,507578.0
2026-08-24 03:34:38.340031,4f:bb:00:00:02:0f,19.875,57.9375,False,88.26470588235294,508836.0
2026-08-24 03:55:38.349110,4f:bb:00:00:02:0f,19.75,57.9375,False,88.26470588235294,510096.0
2026-08-24 04:16:38.356257,4f:bb:00:00:02:0f,19.6875,57.875,False,88.26470588235294,511356.0
2026-08-24 04:37:38.415593,4f:bb:00:00:02:0f,19.5625,57.8125,False,88.26470588235294,512614.5
2026-08-24 04:58:38.442785,4f:bb:00:00:02:0f,19.4375,57.8125,False,88.23529411764706,513876.0
2026-08-24 05:19:38.542885,4f:bb:00:00:02:0f,19.3125,57.5625,False,88.23529411764706,515138.0
2026-08-24 05:40:38.531167,4f:bb:00:00:02:0f,19.1875,57.5,False,88.23529411764706,516397.5
2026-08-24 06:01:38.575825,4f:bb:00:00:02:0f,19.0625,57.5,False,88.25,517656.0
2026-08-24 06:22:38.636716,4f:bb:00:00:02:0f,18.9375,57.4375,False,88.20588235294117,518917.5
2026-08-24 06:43:38.800812,4f:bb:00:00:02:0f,18.8125,57.4375,False,88.20588235294117,520179.5
2026-08-24 07:04:38.828739,4f:bb:00:00:02:0f,18.75,57.375,False,88.23529411764706,521435.0
2026-08-24 07:25:38.907990,4f:bb:00:00:02:0f,18.625,57.375,False,88.20588235294117,522694.5
2026-08-24 07:46:38.953149,4f:bb:00:00:02:0f,18.5,57.125,False,88.20588235294117,523960.0
2026-08-24 08:07:39.042501,4f:bb:00:00:02:0f,18.375,57.125,False,88.17647058823529,525216.5
2026-08-24 08:28:39.171202,4f:bb:00:00:02:0f,18.3125,57.25,False,88.17647058823529,526479.0
2026-08-24 08:49:39.181447,4f:bb:00:00:02:0f,18.375,57.3125,False,88.17647058823529,527737.0
2026-08-24 09:10:39.291242,4f:bb:00:00:02:0f,18.4375,57.375,False,88.17647058823529,528997.0
2026-08-24 09:31:39.326768,4f:bb:00:00:02:0f,18.5625,57.6875,False,88.17647058823529,530257.5
2026-08-24 09:52:39.384053,4f:bb:00:00:02:0f,18.75,57.75,False,88.17647058823529,531517.5
2026-08-24 10:13:39.501639,4f:bb:00:00:02:0f,19.0,57.9375,False,88.20588235294117,532778.0
2026-08-24 10:34:39.606897,4f:bb:00:00:02:0f,19.25,57.9375,False,88.17647058823529,534039.0
2026-08-24 10:55:39.734030,4f:bb:00:00:02:0f,19.4375,58.25,False,88.20588235294117,535302.0
2026-08-24 11:16:39.776848,4f:bb:00:00:02:0f,19.6875,58.375,False,88.20588235294117,536561.0
2026-08-24 11:37:39.765507,4f:bb:00:00:02:0f,19.9375,58.375,False,88.20588235294117,537818.0
2026-08-24 11:58:39.810477,4f:bb:00:00:02:0f,20.0625,58.375,False,88.20588235294117,539077.5
2026-08-24 12:19:39.828048,4f:bb:00:00:02:0f,20.3125,58.875,False,88.20588235294117,540340.0
2026-08-24 12:40:39.834376,4f:bb:00:00:02:0f,20.5625,58.9375,False,88.20588235294117,541600.0
2026-08-24 13:01:39.926731,4f:bb:00:00:02:0f,20.8125,59.0,False,88.23529411764706,542858.0
2026-08-24 13:22:40.008494,4f:bb:00:00:02:0f,21.0,58.875,False,88.25,544117.0
2026-08-24 13:43:40.144654,4f:bb:00:00:02:0f,21.125,59.125,False,88.23529411764706,545382.0
2026-08-24 14:04:40.202995,4f:bb:00:00:02:0f,21.1875,59.125,False,88.26470588235294,546637.0
2026-08-24 14:25:40.198112,4f:bb:00:00:02:0f,21.25,59.125,False,88.26470588235294,547897.0
2026-08-24 14:46:40.255463,4f:bb:00:00:02:0f,21.3125,59.1875,False,88.23529411764706,549164.0
2026-08-24 15:07:40.346730,4f:bb:00:00:02:0f,21.375,59.1875,False,88.26470588235294,550421.0
2026-08-24 15:28:40.404190,4f:bb:00:00:02:0f,21.4375,59.25,False,88.26470588235294,551680.5
2026-08-24 15:49:40.482243,4f:bb:00:00:02:0f,21.5,59.1875,False,88.26470588235294,552940.0
2026-08-24 16:10:40.579672,4f:bb:00:00:02:0f,21.5,59.125,False,88.29411764705883,554202.0
2026-08-24 16:31:40.616610,4f:bb:00:00:02:0f,21.5,59.125,False,88.26470588235294,555459.0
2026-08-24 16:52:40.762571,4f:bb:00:00:02:0f,21.5,59.125,False,88.26470588235294,556720.5
2026-08-24 17:13:40.742438,4f:bb:00:00:02:0f,21.4375,59.0625,False,88.26470588235294,557981.0
2026-08-24 17:34:40.781118,4f:bb:00:00:02:0f,21.4375,59.0625,False,88.26470588235294,559243.0
2026-08-24 17:55:40.825083,4f:bb:00:00:02:0f,21.4375,58.9375,False,88.26470588235294,560500.0
2026-08-24 18:16:40.959490,4f:bb:00:00:02:0f,21.3125,58.875,False,88.23529411764706,561764.0
2026-08-24 18:37:40.983549,4f:bb:00:00:02:0f,21.1875,58.8125,False,88.26470588235294,563019.5
2026-08-24 18:58:41.099281,4f:bb:00:00:02:0f,21.0625,58.8125,False,88.26470588235294,564282.0
2026-08-24 19:19:41.089895,4f:bb:00:00:02:0f,21.0625,58.875,False,88.23529411764706,565543.0
2026-08-24 19:40:41.191248,4f:bb:00:00:02:0f,21.125,59.1875,False,88.26470588235294,566802.5
2026-08-24 20:01:41.281287,4f:bb:00:00:02:0f,21.25,59.25,False,88.26470588235294,568062.0
2026-08-24 20:22:41.305343,4f:bb:00:00:02:0f,21.25,58.9375,False,88.26470588235294,569324.0
2026-08-24 20:43:41.407592,4f:bb:00:00:02:0f,21.1875,58.875,False,88.26470588235294,570581.0
2026-08-24 21:04:41.523341,4f:bb:00:00:02:0f,21.0625,58.875,False,88.26470588235294,571844.0
2026-08-24 21:25:41.611210,4f:bb:00:00:02:0f,21.0,58.625,False,88.26470588235294,573102.0
2026-08-24 21:46:41.711289,4f:bb:00:00:02:0f,20.875,58.6875,False,88.26470588235294,574360.0
2026-08-24 22:07:41.797267,4f:bb:00:00:02:0f,20.875,58.8125,False,88.26470588235294,575621.0
2026-08-24 22:28:41.876345,4f:bb:00:00:02:0f,20.9375,59.0625,False,88.26470588235294,576882.0
2026-08-24 22:49:41.976173,4f:bb:00:00:02:0f,21.0625,59.4375,False,88.26470588235294,578142.0
2026-08-24 23:10:41.975633,4f:bb:00:00:02:0f,21.25,59.4375,False,88.23529411764706,579402.0
2026-08-24 23:31:42.006219,4f:bb:00:00:02:0f,21.375,59.4375,False,88.26470588235294,580662.0
2026-08-24 23:52:42.110837,4f:bb:00:00:02:0f,21.375,59.0625,False,88.26470588235294,581923.0
2026-08-25 00:13:42.204334,4f:bb:00:00:02:0f,21.1875,58.8125,False,88.27941176470588,583182.0
2026-08-25 00:34:42.293291,4f:bb:00:00:02:0f,21.0625,58.8125,False,88.26470588235294,584444.0
2026-08-25 00:55:42.405087,4f:bb:00:00:02:0f,20.875,58.5625,False,88.26470588235294,585703.5
2026-08-25 01:16:42.505231,4f:bb:00:00:02:0f,20.6875,58.5,False,88.23529411764706,586963.0
2026-08-25 01:37:42.586565,4f:bb:00:00:02:0f,20.5,58.5,False,88.23529411764706,588223.5
2026-08-25 01:58:42.721151,4f:bb:00:00:02:0f,20.3125,58.5,False,88.23529411764706,589486.0
2026-08-25 02:19:42.749507,4f:bb:00:00:02:0f,20.1875,58.25,False,88.20588235294117,590744.0
2026-08-25 02:40:42.799522,4f:bb:00:00:02:0f,20.0625,58.125,False,88.20588235294117,592002.0
2026-08-25 03:01:42.859449,4f:bb:00:00:02:0f,19.875,58.0625,False,88.22058823529412,593266.5
2026-08-25 03:22:42.935810,4f:bb:00:00:02:0f,19.6875,58.1875,False,88.20588235294117,594526.0
2026-08-25 03:43:43.018652,4f:bb:00:00:02:0f,19.5625,58.1875,False,88.17647058823529,595783.0
2026-08-25 04:04:43.131600,4f:bb:00:00:02:0f,19.5,58.1875,False,88.19117647058823,597046.5
2026-08-25 04:25:43.128950,4f:bb:00:00:02:0f,19.4375,58.125,False,88.19117647058823,598306.5
2026-08-25 04:46:43.203420,4f:bb:00:00:02:0f,19.3125,57.8125,False,88.17647058823529,599563.0
2026-08-25 05:07:43.274845,4f:bb:00:00:02:0f,19.25,57.8125,False,88.17647058823529,600826.5
2026-08-25 05:28:43.382987,4f:bb:00:00:02:0f,19.125,57.8125,False,88.17647058823529,602087.0
2026-08-25 05:49:43.432570,4f:bb:00:00:02:0f,19.0625,57.8125,False,88.17647058823529,603343.5
2026-08-25 06:10:43.482961,4f:bb:00:00:02:0f,19.0,57.875,False,88.17647058823529,604608.0
2026-08-25 06:31:43.560083,4f:bb:00:00:02:0f,19.0,57.875,False,88.17647058823529,605867.0
2026-08-25 06:52:43.629496,4f:bb:00:00:02:0f,18.9375,57.875,False,88.1470588235294,607125.0
2026-08-25 07:13:43.702430,4f:bb:00:00:02:0f,18.875,57.8125,False,88.1470588235294,608386.5
2026-08-25 07:34:43.749791,4f:bb:00:00:02:0f,18.8125,57.8125,False,88.1470588235294,609643.0
2026-08-25 07:55:43.829577,4f:bb:00:00:02:0f,18.75,57.8125,False,88.1470588235294,610907.0
2026-08-25 08:16:43.926587,4f:bb:00:00:02:0f,18.6875,57.9375,False,88.11764705882354,612168.0
2026-08-25 08:37:43.985320,4f:bb:00:00:02:0f,18.8125,58.25,False,88.11764705882354,613425.0
2026-08-25 08:58:44.074804,4f:bb:00:00:02:0f,19.0,58.4375,False,88.11764705882354,614688.0
2026-08-25 09:19:44.111337,4f:bb:00:00:02:0f,19.3125,58.5625,False,88.1470588235294,615945.0
2026-08-25 09:40:44.166557,4f:bb:00:00:02:0f,19.5625,58.875,False,88.1470588235294,617210.0
2026-08-25 10:01:44.296829,4f:bb:00:00:02:0f,19.875,58.9375,False,88.17647058823529,618467.5
2026-08-25 10:22:44.358580,4f:bb:00:00:02:0f,20.125,59.0625,False,88.17647058823529,619727.0
2026-08-25 10:43:44.436929,4f:bb:00:00:02:0f,20.4375,59.4375,False,88.17647058823529,620986.5
2026-08-25 11:04:44.516609,4f:bb:00:00:02:0f,20.875,59.625,False,88.17647058823529,622246.5
2026-08-25 11:25:44.589228,4f:bb:00:00:02:0f,21.25,59.875,False,88.20588235294117,623507.0
2026-08-25 11:46:44.705163,4f:bb:00:00:02:0f,21.5625,60.0,False,88.20588235294117,624766.0
2026-08-25 12:07:44.812104,4f:bb:00:00:02:0f,21.9375,60.375,False,88.23529411764706,626030.0
2026-08-25 12:28:44.881467,4f:bb:00:00:02:0f,22.25,60.375,False,88.23529411764706,627287.0
2026-08-25 12:49:44.949564,4f:bb:00:00:02:0f,22.5625,60.375,False,88.26470588235294,628546.0
2026-08-25 13:10:44.988018,4f:bb:00:00:02:0f,22.8125,60.625,False,88.26470588235294,629809.0
2026-08-25 13:31:45.073690,4f:bb:00:00:02:0f,23.0,60.625,False,88.23529411764706,631070.0
2026-08-25 13:52:45.177498,4f:bb:00:00:02:0f,23.125,60.625,False,88.26470588235294,632327.0
2026-08-25 14:13:45.217724,4f:bb:00:00:02:0f,23.3125,60.625,False,88.29411764705883,633587.0
2026-08-25 14:34:45.303984,4f:bb:00:00:02:0f,23.4375,60.625,False,88.26470588235294,634850.0
2026-08-25 14:55:45.413737,4f:bb:00:00:02:0f,23.5,60.6875,False,88.26470588235294,636111.0
2026-08-25 15:16:45.427197,4f:bb:00:00:02:0f,23.625,60.9375,False,88.29411764705883,637369.0
2026-08-25 15:37:45.530254,4f:bb:00:00:02:0f,23.75,60.9375,False,88.29411764705883,638629.0
2026-08-25 15:58:45.571678,4f:bb:00:00:02:0f,23.8125,60.9375,False,88.29411764705883,639888.0
2026-08-25 16:19:45.633690,4f:bb:00:00:02:0f,23.9375,60.9375,False,88.29411764705883,641149.0
2026-08-25 16:40:45.715176,4f:bb:00:00:02:0f,23.9375,60.8125,False,88.32352941176471,642412.0
2026-08-25 17:01:45.758382,4f:bb:00:00:02:0f,24.0,60.8125,False,88.32352941176471,643668.0
2026-08-25 17:22:45.846781,4f:bb:00:00:02:0f,24.0,60.8125,False,88.3529411764706,644929.0
2026-08-25 17:43:45.963114,4f:bb:00:00:02:0f,24.125,60.9375,False,88.32352941176471,646192.0
2026-08-25 18:04:45.957847,4f:bb:00:00:02:0f,24.1875,60.875,False,88.3529411764706,647450.5
2026-08-25 18:25:46.037552,4f:bb:00:00:02:0f,24.25,60.6875,False,88.32352941176471,648709.0
2026-08-25 18:46:46.158441,4f:bb:00:00:02:0f,24.1875,60.5625,False,88.3529411764706,649973.0
2026-08-25 19:07:46.217691,4f:bb:00:00:02:0f,24.0625,60.4375,False,88.3529411764706,651230.0
2026-08-25 19:28:46.285306,4f:bb:00:00:02:0f,24.0,60.375,False,88.3529411764706,652495.0
2026-08-25 19:49:46.297959,4f:bb:00:00:02:0f,23.875,60.5,False,88.3529411764706,653749.0
2026-08-25 20:10:46.394272,4f:bb:00:00:02:0f,23.875,60.5,False,88.3529411764706,655010.0
2026-08-25 20:31:46.415901,4f:bb:00:00:02:0f,23.875,60.5625,False,88.38235294117646,656272.0
2026-08-25 20:52:46.531623,4f:bb:00:00:02:0f,23.875,60.625,False,88.38235294117646,657532.0
2026-08-25 21:13:46.512533,4f:bb:00:00:02:0f,23.9375,60.5625,False,88.36764705882354,658791.0
2026-08-25 21:34:46.618545,4f:bb:00:00:02:0f,23.875,60.5,False,88.38235294117646,660050.0
2026-08-25 21:55:46.696442,4f:bb:00:00:02:0f,23.875,60.5,False,88.38235294117646,661310.0
2026-08-25 22:16:46.767158,4f:bb:00:00:02:0f,23.8125,60.5,False,88.3529411764706,662573.0
2026-08-25 22:37:46.795362,4f:bb:00:00:02:0f,23.8125,60.5,False,88.38235294117646,663835.0
2026-08-25 22:58:46.875407,4f:bb:00:00:02:0f,23.75,60.4375,False,88.38235294117646,665093.5
2026-08-25 23:19:46.894015,4f:bb:00:00:02:0f,23.6875,60.375,False,88.38235294117646,666350.0
2026-08-25 23:40:46.956000,4f:bb:00:00:02:0f,23.625,60.3125,False,88.38235294117646,667614.0
2026-08-26 00:01:47.092163,4f:bb:00:00:02:0f,23.4375,60.0,False,88.38235294117646,668872.0
2026-08-26 00:22:47.153900,4f:bb:00:00:02:0f,23.25,59.9375,False,88.38235294117646,670132.0
2026-08-26 00:43:47.221836,4f:bb:00:00:02:0f,23.125,59.9375,False,88.38235294117646,671393.0
2026-08-26 01:04:47.308088,4f:bb:00:00:02:0f,23.0,59.875,False,88.38235294117646,672655.0
2026-08-26 01:25:47.356231,4f:bb:00:00:02:0f,22.875,59.875,False,88.38235294117646,673912.5
2026-08-26 01:46:47.474795,4f:bb:00:00:02:0f,22.75,59.5625,False,88.3529411764706,675172.0
2026-08-26 02:07:47.556415,4f:bb:00:00:02:0f,22.625,59.5625,False,88.38235294117646,676431.0
2026-08-26 02:28:47.635810,4f:bb:00:00:02:0f,22.5,59.5,False,88.3529411764706,677692.0
2026-08-26 02:49:47.779955,4f:bb:00:00:02:0f,22.375,59.5,False,88.3529411764706,678955.0
2026-08-26 03:10:47.772491,4f:bb:00:00:02:0f,22.25,59.4375,False,88.3529411764706,680214.0
2026-08-26 03:31:47.828567,4f:bb:00:00:02:0f,22.1875,59.4375,False,88.3529411764706,681474.0
2026-08-26 03:52:47.921048,4f:bb:00:00:02:0f,22.0625,59.375,False,88.3529411764706,682734.5
2026-08-26 04:13:48.001142,4f:bb:00:00:02:0f,21.9375,59.375,False,88.3529411764706,683993.0
2026-08-26 04:34:48.058318,4f:bb:00:00:02:0f,21.8125,59.125,False,88.38235294117646,685254.0
2026-08-26 04:55:48.156251,4f:bb:00:00:02:0f,21.71875,59.125,False,88.38235294117646,686515.5
2026-08-26 05:16:48.279380,4f:bb:00:00:02:0f,21.625,59.0625,False,88.33823529411765,687772.5
2026-08-26 05:37:48.380098,4f:bb:00:00:02:0f,21.5,59.0625,False,88.3529411764706,689034.0
2026-08-26 05:58:48.458766,4f:bb:00:00:02:0f,21.4375,59.0625,False,88.32352941176471,690296.0
2026-08-26 06:19:48.533475,4f:bb:00:00:02:0f,21.3125,59.0625,False,88.33823529411765,691555.5
2026-08-26 06:40:48.627128,4f:bb:00:00:02:0f,21.25,59.0625,False,88.3529411764706,692814.0
2026-08-26 07:01:48.665112,4f:bb:00:00:02:0f,21.1875,59.0625,False,88.32352941176471,694077.0
2026-08-26 07:22:48.713876,4f:bb:00:00:02:0f,21.125,59.0625,False,88.3529411764706,695335.5
2026-08-26 07:43:48.807638,4f:bb:00:00:02:0f,21.0625,59.0625,False,88.3529411764706,696595.0
2026-08-26 08:04:48.885050,4f:bb:00:00:02:0f,21.0,58.8125,False,88.32352941176471,697855.0
2026-08-26 08:25:49.022812,4f:bb:00:00:02:0f,20.9375,58.875,False,88.32352941176471,699117.0
2026-08-26 08:46:49.050236,4f:bb:00:00:02:0f,20.9375,58.875,False,88.32352941176471,700375.0
2026-08-26 09:07:49.157280,4f:bb:00:00:02:0f,20.9375,58.9375,False,88.32352941176471,701636.0
2026-08-26 09:28:49.232612,4f:bb:00:00:02:0f,20.9375,59.0625,False,88.32352941176471,702897.0
2026-08-26 09:49:49.282841,4f:bb:00:00:02:0f,21.0,59.125,False,88.29411764705883,704159.0
2026-08-26 10:10:49.311879,4f:bb:00:00:02:0f,21.0625,59.4375,False,88.29411764705883,705415.5
2026-08-26 10:31:49.368040,4f:bb:00:00:02:0f,21.125,59.40625,False,88.27941176470588,706675.5
2026-08-26 10:52:49.462017,4f:bb:00:00:02:0f,21.25,59.6875,False,88.29411764705883,707938.0
2026-08-26 11:13:49.538629,4f:bb:00:00:02:0f,21.4375,59.6875,False,88.32352941176471,709200.0
2026-08-26 11:34:49.660891,4f:bb:00:00:02:0f,21.5625,59.75,False,88.32352941176471,710458.0
2026-08-26 11:55:49.754126,4f:bb:00:00:02:0f,21.75,59.9375,False,88.32352941176471,711718.0
2026-08-26 12:16:49.884641,4f:bb:00:00:02:0f,22.0,60.375,False,88.32352941176471,712978.0
2026-08-26 12:37:49.905605,4f:bb:00:00:02:0f,22.25,60.4375,False,88.3529411764706,714238.0
2026-08-26 12:58:50.057364,4f:bb:00:00:02:0f,22.5,60.4375,False,88.3529411764706,715495.5
2026-08-26 13:19:50.038607,4f:bb:00:00:02:0f,22.6875,60.5,False,88.3529411764706,716759.0
2026-08-26 13:40:50.082942,4f:bb:00:00:02:0f,22.875,60.8125,False,88.3529411764706,718018.0
2026-08-26 14:01:50.185638,4f:bb:00:00:02:0f,23.0625,60.875,False,88.3529411764706,719276.0
2026-08-26 14:22:50.255947,4f:bb:00:00:02:0f,23.1875,60.875,False,88.3529411764706,720536.0
2026-08-26 14:43:50.354922,4f:bb:00:00:02:0f,23.375,60.9375,False,88.38235294117646,721798.0
2026-08-26 15:04:50.465921,4f:bb:00:00:02:0f,23.5,61.0,False,88.3529411764706,723057.0
2026-08-26 15:25:50.510661,4f:bb:00:00:02:0f,23.625,61.3125,False,88.38235294117646,724319.0
2026-08-26 15:46:50.598938,4f:bb:00:00:02:0f,23.75,61.375,False,88.38235294117646,725581.5
2026-08-26 16:07:50.633381,4f:bb:00:00:02:0f,23.9375,61.4375,False,88.38235294117646,726835.0
2026-08-26 16:28:50.730691,4f:bb:00:00:02:0f,24.0625,61.4375,False,88.41176470588235,728098.0
2026-08-26 16:49:50.877477,4f:bb:00:00:02:0f,24.1875,61.375,False,88.41176470588235,729360.0
2026-08-26 17:10:50.973687,4f:bb:00:00:02:0f,24.1875,61.375,False,88.41176470588235,730620.0
2026-08-26 17:31:51.037087,4f:bb:00:00:02:0f,24.25,61.3125,False,88.38235294117646,731878.0
2026-08-26 17:52:51.163506,4f:bb:00:00:02:0f,24.25,61.25,False,88.41176470588235,733138.5
2026-08-26 18:13:51.229863,4f:bb:00:00:02:0f,24.1875,61.1875,False,88.44117647058823,734399.0
2026-08-26 18:34:51.313236,4f:bb:00:00:02:0f,24.1875,61.1875,False,88.44117647058823,735660.0
2026-08-26 18:55:51.362979,4f:bb:00:00:02:0f,24.125,61.0625,False,88.44117647058823,736918.5
2026-08-26 19:16:51.483268,4f:bb:00:00:02:0f,24.0,61.0625,False,88.44117647058823,738181.5
2026-08-26 19:37:51.508362,4f:bb:00:00:02:0f,23.9375,61.0625,False,88.44117647058823,739441.0
2026-08-26 19:58:51.529602,4f:bb:00:00:02:0f,23.75,61.0,False,88.44117647058823,740697.0
2026-08-26 20:19:51.621223,4f:bb:00:00:02:0f,23.6875,61.0,False,88.44117647058823,741958.5
2026-08-26 20:40:51.719552,4f:bb:00:00:02:0f,23.5,60.6875,False,88.44117647058823,743220.0
2026-08-26 21:01:51.754889,4f:bb:00:00:02:0f,23.375,60.6875,False,88.41176470588235,744481.0
2026-08-26 21:22:51.763073,4f:bb:00:00:02:0f,23.3125,60.875,False,88.41176470588235,745738.5
2026-08-26 21:43:51.873074,4f:bb:00:00:02:0f,23.25,60.9375,False,88.41176470588235,747001.0
2026-08-26 22:04:51.979814,4f:bb:00:00:02:0f,23.25,60.875,False,88.41176470588235,748262.0
2026-08-26 22:25:52.096057,4f:bb:00:00:02:0f,23.25,60.875,False,88.41176470588235,749521.5
2026-08-26 22:46:52.169597,4f:bb:00:00:02:0f,23.25,60.9375,False,88.41176470588235,750780.0
2026-08-26 23:07:52.276193,4f:bb:00:00:02:0f,23.1875,60.9375,False,88.41176470588235,752042.0
2026-08-26 23:28:52.377722,4f:bb:00:00:02:0f,23.1875,60.9375,False,88.44117647058823,753300.0
2026-08-26 23:49:52.497574,4f:bb:00:00:02:0f,23.1875,60.875,False,88.41176470588235,754562.0
2026-08-27 00:10:52.586725,4f:bb:00:00:02:0f,23.0625,60.8125,False,88.41176470588235,755821.0
2026-08-27 00:31:52.715363,4f:bb:00:00:02:0f,23.0,60.75,False,88.41176470588235,757081.0
2026-08-27 00:52:52.773375,4f:bb:00:00:02:0f,22.8125,60.6875,False,88.44117647058823,758345.0
2026-08-27 01:13:52.891741,4f:bb:00:00:02:0f,22.6875,60.4375,False,88.41176470588235,759601.0
2026-08-27 01:34:52.889105,4f:bb:00:00:02:0f,22.5625,60.3125,False,88.41176470588235,760863.0
2026-08-27 01:55:52.999544,4f:bb:00:00:02:0f,22.375,60.3125,False,88.41176470588235,762122.0
2026-08-27 02:16:52.970210,4f:bb:00:00:02:0f,22.1875,60.1875,False,88.41176470588235,763384.5
2026-08-27 02:37:53.071677,4f:bb:00:00:02:0f,22.0,60.1875,False,88.42647058823529,764643.0
2026-08-27 02:58:53.173909,4f:bb:00:00:02:0f,21.8125,59.875,False,88.41176470588235,765901.5
2026-08-27 03:19:53.219498,4f:bb:00:00:02:0f,21.625,59.875,False,88.41176470588235,767165.0
2026-08-27 03:40:53.257203,4f:bb:00:00:02:0f,21.5,59.875,False,88.38235294117646,768422.0
2026-08-27 04:01:53.349688,4f:bb:00:00:02:0f,21.375,59.875,False,88.38235294117646,769681.5
2026-08-27 04:22:53.448058,4f:bb:00:00:02:0f,21.25,59.875,False,88.38235294117646,770944.5
2026-08-27 04:43:53.489115,4f:bb:00:00:02:0f,21.1875,59.875,False,88.3529411764706,772204.0
2026-08-27 05:04:53.510217,4f:bb:00:00:02:0f,21.125,59.875,False,88.38235294117646,773463.5
2026-08-27 05:25:53.601663,4f:bb:00:00:02:0f,21.0625,59.6875,False,88.38235294117646,774724.0
2026-08-27 05:46:53.695950,4f:bb:00:00:02:0f,20.9375,59.6875,False,88.3529411764706,775983.5
2026-08-27 06:07:53.743168,4f:bb:00:00:02:0f,20.875,59.6875,False,88.3529411764706,777242.0
2026-08-27 06:28:53.848361,4f:bb:00:00:02:0f,20.875,59.75,False,88.3529411764706,778505.0
2026-08-27 06:49:53.916707,4f:bb:00:00:02:0f,20.8125,59.8125,False,88.3529411764706,779767.5
2026-08-27 07:10:54.039574,4f:bb:00:00:02:0f,20.875,59.875,False,88.3529411764706,781025.0
2026-08-27 07:31:54.106923,4f:bb:00:00:02:0f,20.875,59.875,False,88.3529411764706,782285.0
2026-08-27 07:52:54.130907,4f:bb:00:00:02:0f,20.875,59.875,False,88.3529411764706,783547.0
2026-08-27 08:13:54.222596,4f:bb:00:00:02:0f,20.875,59.875,False,88.3529411764706,784806.0
2026-08-27 08:34:54.296334,4f:bb:00:00:02:0f,20.875,59.9375,False,88.3529411764706,786065.0
2026-08-27 08:55:54.428153,4f:bb:00:00:02:0f,20.875,59.9375,False,88.3529411764706,787328.0
2026-08-27 09:16:54.446785,4f:bb:00:00:02:0f,20.875,60.0,False,88.3529411764706,788586.0
2026-08-27 09:37:54.504459,4f:bb:00:00:02:0f,20.875,60.0625,False,88.3529411764706,789846.0
2026-08-27 09:58:54.511099,4f:bb:00:00:02:0f,20.875,60.0625,False,88.32352941176471,791105.0
2026-08-27 10:19:54.647538,4f:bb:00:00:02:0f,20.9375,60.1875,False,88.3529411764706,792364.5
2026-08-27 10:40:54.668467,4f:bb:00:00:02:0f,21.0,60.25,False,88.32352941176471,793624.5
2026-08-27 11:01:54.772731,4f:bb:00:00:02:0f,21.0625,60.625,False,88.3529411764706,794887.0
2026-08-27 11:22:54.819729,4f:bb:00:00:02:0f,21.1875,60.75,False,88.32352941176471,796147.0
2026-08-27 11:43:54.848291,4f:bb:00:00:02:0f,21.3125,60.875,False,88.3529411764706,797404.0
2026-08-27 12:04:54.933711,4f:bb:00:00:02:0f,21.5,60.9375,False,88.3529411764706,798667.0
2026-08-27 12:25:55.006973,4f:bb:00:00:02:0f,21.625,61.0,False,88.3529411764706,799927.0
2026-08-27 12:46:55.122414,4f:bb:00:00:02:0f,21.75,61.0,False,88.32352941176471,801186.5
2026-08-27 13:07:55.205090,4f:bb:00:00:02:0f,21.875,61.0625,False,88.3529411764706,802447.5
2026-08-27 13:28:55.234247,4f:bb:00:00:02:0f,21.9375,61.3125,False,88.3529411764706,803706.0
2026-08-27 13:49:55.286294,4f:bb:00:00:02:0f,22.0625,61.375,False,88.3529411764706,804967.0
2026-08-27 14:10:55.309495,4f:bb:00:00:02:0f,22.125,61.5,False,88.3529411764706,806227.0
2026-08-27 14:31:55.390371,4f:bb:00:00:02:0f,22.25,61.5625,False,88.38235294117646,807487.0
2026-08-27 14:52:55.461652,4f:bb:00:00:02:0f,22.4375,61.6875,False,88.38235294117646,808745.0
2026-08-27 15:13:55.568507,4f:bb:00:00:02:0f,22.5625,61.625,False,88.36764705882354,810010.5
2026-08-27 15:34:55.668289,4f:bb:00:00:02:0f,22.6875,61.6875,False,88.38235294117646,811269.0
2026-08-27 15:55:55.698450,4f:bb:00:00:02:0f,22.75,61.875,False,88.3529411764706,812527.0
2026-08-27 16:16:55.788896,4f:bb:00:00:02:0f,22.8125,61.9375,False,88.38235294117646,813790.5
2026-08-27 16:37:55.919611,4f:bb:00:00:02:0f,22.875,62.0,False,88.38235294117646,815048.5
2026-08-27 16:58:55.994210,4f:bb:00:00:02:0f,23.0,62.0,False,88.38235294117646,816307.0
2026-08-27 17:19:56.029633,4f:bb:00:00:02:0f,23.0625,62.0,False,88.38235294117646,817569.0
2026-08-27 17:40:56.137506,4f:bb:00:00:02:0f,23.125,62.0625,False,88.38235294117646,818831.0
2026-08-27 18:01:56.156735,4f:bb:00:00:02:0f,23.125,62.0,False,88.38235294117646,820087.0
2026-08-27 18:22:56.233411,4f:bb:00:00:02:0f,23.1875,62.0,False,88.41176470588235,821350.0
2026-08-27 18:43:56.326005,4f:bb:00:00:02:0f,23.1875,62.0,False,88.41176470588235,822610.5
2026-08-27 19:04:56.439861,4f:bb:00:00:02:0f,23.125,62.0,False,88.41176470588235,823867.0
2026-08-27 19:25:56.567357,4f:bb:00:00:02:0f,23.125,62.0,False,88.38235294117646,825127.5
2026-08-27 19:46:56.708319,4f:bb:00:00:02:0f,23.125,62.125,False,88.41176470588235,826391.0
2026-08-27 20:07:56.783414,4f:bb:00:00:02:0f,23.1875,62.1875,False,88.41176470588235,827647.0
2026-08-27 20:28:56.762330,4f:bb:00:00:02:0f,23.25,62.1875,False,88.38235294117646,828911.0
2026-08-27 20:49:56.832029,4f:bb:00:00:02:0f,23.3125,62.25,False,88.41176470588235,830168.0
2026-08-27 21:10:56.933317,4f:bb:00:00:02:0f,23.375,62.25,False,88.41176470588235,831427.5
2026-08-27 21:31:57.041262,4f:bb:00:00:02:0f,23.375,62.25,False,88.41176470588235,832691.0
2026-08-27 21:52:57.134186,4f:bb:00:00:02:0f,23.4375,62.25,False,88.44117647058823,833950.5
2026-08-27 22:13:57.229919,4f:bb:00:00:02:0f,23.4375,62.25,False,88.44117647058823,835211.0
2026-08-27 22:34:57.313079,4f:bb:00:00:02:0f,23.5,62.3125,False,88.41176470588235,836473.5
2026-08-27 22:55:57.425211,4f:bb:00:00:02:0f,23.5,62.3125,False,88.41176470588235,837730.0
2026-08-27 23:16:57.549249,4f:bb:00:00:02:0f,23.5,62.25,False,88.41176470588235,838991.0
2026-08-27 23:37:57.648695,4f:bb:00:00:02:0f,23.5,62.25,False,88.41176470588235,840252.0
2026-08-27 23:58:57.650318,4f:bb:00:00:02:0f,23.5,62.25,False,88.44117647058823,841510.0
2026-08-28 00:19:57.745950,4f:bb:00:00:02:0f,23.5,62.1875,False,88.41176470588235,842773.0
2026-08-28 00:40:57.817436,4f:bb:00:00:02:0f,23.4375,62.125,False,88.44117647058823,844031.0
2026-08-28 01:01:57.940780,4f:bb:00:00:02:0f,23.375,62.0625,False,88.41176470588235,845291.0
2026-08-28 01:22:57.983045,4f:bb:00:00:02:0f,23.25,62.0625,False,88.41176470588235,846552.0
2026-08-28 01:43:58.151467,4f:bb:00:00:02:0f,23.1875,62.0625,False,88.41176470588235,847810.0
2026-08-28 02:04:58.131614,4f:bb:00:00:02:0f,23.125,62.0,False,88.44117647058823,849071.0
2026-08-28 02:25:58.242631,4f:bb:00:00:02:0f,23.0625,62.0,False,88.44117647058823,850333.5
2026-08-28 02:46:58.262518,4f:bb:00:00:02:0f,22.9375,61.9375,False,88.44117647058823,851590.0
2026-08-28 03:07:58.359761,4f:bb:00:00:02:0f,22.875,61.9375,False,88.41176470588235,852854.0
2026-08-28 03:28:58.384696,4f:bb:00:00:02:0f,22.8125,61.9375,False,88.42647058823529,854112.0
2026-08-28 03:49:58.462887,4f:bb:00:00:02:0f,22.6875,61.625,False,88.44117647058823,855371.0
2026-08-28 04:10:58.488856,4f:bb:00:00:02:0f,22.625,61.625,False,88.41176470588235,856634.0
2026-08-28 04:31:58.489847,4f:bb:00:00:02:0f,22.5625,61.5625,False,88.41176470588235,857893.5
2026-08-28 04:52:58.599721,4f:bb:00:00:02:0f,22.5,61.5625,False,88.41176470588235,859153.0
2026-08-28 05:13:58.723574,4f:bb:00:00:02:0f,22.375,61.5,False,88.41176470588235,860413.5
2026-08-28 05:34:58.772482,4f:bb:00:00:02:0f,22.3125,61.5,False,88.41176470588235,861674.0
2026-08-28 05:55:58.849944,4f:bb:00:00:02:0f,22.21875,61.5,False,88.41176470588235,862935.0
2026-08-28 06:16:58.941449,4f:bb:00:00:02:0f,22.125,61.4375,False,88.38235294117646,864193.0
2026-08-28 06:37:58.956546,4f:bb:00:00:02:0f,22.0625,61.4375,False,88.41176470588235,865453.5
2026-08-28 06:58:59.057717,4f:bb:00:00:02:0f,21.9375,61.4375,False,88.3529411764706,866713.0
2026-08-28 07:19:59.159375,4f:bb:00:00:02:0f,21.875,61.1875,False,88.38235294117646,867974.0
2026-08-28 07:40:59.259850,4f:bb:00:00:02:0f,21.75,61.125,False,88.38235294117646,869235.0
2026-08-28 08:01:59.359631,4f:bb:00:00:02:0f,21.6875,61.1875,False,88.3529411764706,870493.5
2026-08-28 08:22:59.455903,4f:bb:00:00:02:0f,21.625,61.1875,False,88.3529411764706,871755.0
2026-08-28 08:43:59.536145,4f:bb:00:00:02:0f,21.625,61.3125,False,88.38235294117646,873016.0
2026-08-28 09:04:59.605369,4f:bb:00:00:02:0f,21.6875,61.4375,False,88.38235294117646,874273.5
2026-08-28 09:25:59.737714,4f:bb:00:00:02:0f,21.84375,61.5625,False,88.36764705882354,875535.0
2026-08-28 09:46:59.813187,4f:bb:00:00:02:0f,22.0,61.875,False,88.38235294117646,876795.5
2026-08-28 10:07:59.846789,4f:bb:00:00:02:0f,22.25,61.8125,False,88.38235294117646,878055.0
2026-08-28 10:28:59.994627,4f:bb:00:00:02:0f,22.375,61.75,False,88.38235294117646,879317.0
2026-08-28 10:50:00.028048,4f:bb:00:00:02:0f,22.5,61.75,False,88.38235294117646,880574.0
2026-08-28 11:11:00.085887,4f:bb:00:00:02:0f,22.625,61.875,False,88.38235294117646,881836.5
2026-08-28 11:32:00.195823,4f:bb:00:00:02:0f,22.875,62.1875,False,88.41176470588235,883093.5
2026-08-28 11:53:00.271413,4f:bb:00:00:02:0f,23.0,62.1875,False,88.41176470588235,884354.0
2026-08-28 12:14:00.319136,4f:bb:00:00:02:0f,23.125,62.25,False,88.41176470588235,885617.0
2026-08-28 12:35:00.419550,4f:bb:00:00:02:0f,23.25,62.0625,False,88.41176470588235,886876.5
2026-08-28 12:56:00.494379,4f:bb:00:00:02:0f,23.25,61.9375,False,88.41176470588235,888137.0
2026-08-28 13:17:00.586261,4f:bb:00:00:02:0f,23.25,61.9375,False,88.44117647058823,889399.5
2026-08-28 13:38:00.692734,4f:bb:00:00:02:0f,23.25,62.125,False,88.44117647058823,890656.5
2026-08-28 13:59:00.769040,4f:bb:00:00:02:0f,23.4375,62.3125,False,88.41176470588235,891919.5
2026-08-28 14:20:00.843203,4f:bb:00:00:02:0f,23.5625,62.3125,False,88.44117647058823,893177.0
2026-08-28 14:41:00.907932,4f:bb:00:00:02:0f,23.6875,62.5625,False,88.44117647058823,894437.0
2026-08-28 15:02:01.009703,4f:bb:00:00:02:0f,23.8125,62.5625,False,88.44117647058823,895695.0
2026-08-28 15:23:01.133904,4f:bb:00:00:02:0f,23.875,62.5625,False,88.44117647058823,896959.5
2026-08-28 15:44:01.117992,4f:bb:00:00:02:0f,23.9375,62.5625,False,88.44117647058823,898216.5
2026-08-28 16:05:01.245139,4f:bb:00:00:02:0f,24.0,62.625,False,88.44117647058823,899474.0
2026-08-28 16:26:01.309466,4f:bb:00:00:02:0f,24.0625,62.5625,False,88.47058823529412,900738.0
2026-08-28 16:47:01.440249,4f:bb:00:00:02:0f,24.125,62.5,False,88.47058823529412,901999.5
2026-08-28 17:08:01.493944,4f:bb:00:00:02:0f,24.125,62.5,False,88.5,903256.0
2026-08-28 17:29:01.580906,4f:bb:00:00:02:0f,24.1875,62.4375,False,88.47058823529412,904517.0
2026-08-28 17:50:01.649151,4f:bb:00:00:02:0f,24.15625,62.4375,False,88.47058823529412,905780.0
2026-08-28 18:11:01.698393,4f:bb:00:00:02:0f,24.125,62.375,False,88.5,907040.0
2026-08-28 18:32:01.821607,4f:bb:00:00:02:0f,24.125,62.375,False,88.47058823529412,908296.0
2026-08-28 18:53:01.907740,4f:bb:00:00:02:0f,24.0625,62.3125,False,88.5,909559.0
2026-08-28 19:14:01.962408,4f:bb:00:00:02:0f,24.0625,62.3125,False,88.47058823529412,910821.0
2026-08-28 19:35:01.972457,4f:bb:00:00:02:0f,24.0,62.3125,False,88.47058823529412,912077.0
2026-08-28 19:56:02.066913,4f:bb:00:00:02:0f,23.9375,62.3125,False,88.47058823529412,913340.0
2026-08-28 20:17:02.204769,4f:bb:00:00:02:0f,23.9375,62.25,False,88.5,914599.5
2026-08-28 20:38:02.273218,4f:bb:00:00:02:0f,23.8125,62.25,False,88.47058823529412,915862.0
2026-08-28 20:59:02.308838,4f:bb:00:00:02:0f,23.75,62.25,False,88.47058823529412,917120.0
2026-08-28 21:20:02.313544,4f:bb:00:00:02:0f,23.6875,62.25,False,88.5,918380.0
2026-08-28 21:41:02.429412,4f:bb:00:00:02:0f,23.625,62.25,False,88.47058823529412,919639.5
2026-08-28 22:02:02.514383,4f:bb:00:00:02:0f,23.5625,62.0,False,88.47058823529412,920902.0
2026-08-28 22:23:02.671339,4f:bb:00:00:02:0f,23.5,62.0,False,88.47058823529412,922158.0
2026-08-28 22:44:02.700159,4f:bb:00:00:02:0f,23.4375,62.0,False,88.47058823529412,923422.0
2026-08-28 23:05:02.797248,4f:bb:00:00:02:0f,23.375,61.9375,False,88.47058823529412,924679.0
2026-08-28 23:26:02.911967,4f:bb:00:00:02:0f,23.3125,61.9375,False,88.47058823529412,925939.5
